Interaction_ID,Date,Weekday,Week_Number,Month,Year,Hour,Country,Region,Site,Queue_Name,Channel,All_Units_Filter,Queue_Units_Filter,ASU_Tier_Filter,Business_Unit,Agent_ID,Agent_Name,planned_Volume,offered_Volume,handled_Volume,abandoned_Volume,backlog_Volume,aHT_Seconds,handle_Time_Total,Wait_Time_Avg,shrinkage_Percent,required_FTE,agent_Count,utilization_percent,Active_Agents,Service_Level_Percent,Occupancy_Percent,Category,Issue_Type,Resolution_Outcome,Escalated,First_Contact_Resolution,Bot_Handled,QA_Interaction_Selected,QA_Review_Date,QA_Evaluator_ID,QA_Evaluator_Name,QA_Overall_Score,QA_Greeting_Score,QA_Verification_Score,QA_Disclosure_Score,QA_Resolution_Accuracy_Score,QA_Tone_Empathy_Score,QA_Pass_Fail,QA_Automatic_Fail_Reason,QA_Notes,Sentiment_Classification,Sentiment_Confidence_Score,Member_ID,Member_Tenure_Band,Account_Type,Is_High_Value_Member,Transcript_Available,Recording_Available,CSAT_Score,CSAT_Provided,Repeat_Contact_Within_7Days,Repeat_Contact_Within_30Days,Recording_ID,Transcript_Hash
INT-001,29-09-2023,Friday,39,September,2023,3,Bulgaria,EMEA,Bulgaria Hub,INBOUND_VOICE_TIER1,Chat,Consumer,Inbound,Tier 1,Banking,AG-0001,Maria Petrova,464,492,484,8,8,355,171820,5.772357724,28,5,6,71,4,86,89,Account Inquiry,Balance Check,Agent-Resolved,No,Yes,No,Yes,30-09-2023,QA-001,Ivan Marinov,94,95,92,96,94,93,Pass,,Good greeting protocol observed,Positive,0.88,MEM-0001,1-2 years,Checking,No,Yes,Yes,8,Yes,No,Yes,REC-001,HASH-001
INT-002,27-10-2022,Thursday,43,October,2022,16,Malaysia,APAC,Kuala Lumpur,TECH_SUPPORT_EMAIL_T3,Chat,Consumer,Tech Support,Tier 2,Banking,AG-0002,Ahmad Hassan,100,101,88,13,13,613,53944,78.9009901,31,1,1,75,1,82,60,Technical Issue,System Access,Bot-Resolved,No,Yes,Yes,No,,,,,,,,,Neutral,0.72,MEM-0002,3-5 years,Savings,Yes,Yes,Yes,7,Yes,Yes,No,REC-002,HASH-002
INT-003,16-10-2022,Sunday,41,October,2022,15,Kenya,EMEA,Kenya Hub,EMEA_CHAT_SUPPORT_T1,Email,Consumer,Support,Tier 1,Retail,AG-0003,Grace Nyambura,91,79,66,13,13,272,17952,44.75949367,18,0,0,90,0,73,71,Product Query,Promotion Details,Agent-Resolved,No,Yes,No,Yes,18-10-2022,QA-002,Samuel Kipchoge,88,86,90,87,89,87,Pass,,Agent provided comprehensive product information,Positive,0.85,MEM-0003,2-3 years,Credit Card,No,Yes,Yes,9,Yes,No,No,REC-003,HASH-003
INT-004,23-06-2021,Wednesday,25,June,2021,12,New Zealand,APAC,New Zealand Hub,APAC_EMAIL_SUPPORT_T3,Voice,Consumer,Support,Tier 2,Banking,AG-0004,James Wilson,220,219,216,3,3,459,99144,6.287671233,32,3,4,91,4,82,73,Loan Inquiry,Rate Inquiry,Escalated,Yes,No,No,Yes,25-06-2021,QA-003,Emma Thompson,91,93,89,92,88,91,Pass,,Proper escalation procedure followed,Positive,0.82,MEM-0004,5+ years,Mortgage,Yes,Yes,Yes,8,Yes,No,No,REC-004,HASH-004
INT-005,24-10-2021,Sunday,42,October,2021,18,Bangladesh,APAC,Bangladesh Hub,APAC_CORE_EMAIL_TIER2,Chat,Enterprise,Support,Tier 1,Telecom,AG-0005,Rashid Ahmed,484,468,444,24,24,867,384948,44.46153846,27,13,17,71,12,77,73,Service Issue,Connectivity,Agent-Resolved,No,Yes,No,No,,,,,,,,,Negative,0.76,MEM-0005,1-2 years,Business,No,Yes,Yes,5,Yes,Yes,Yes,REC-005,HASH-005
INT-006,09-02-2025,Sunday,6,February,2025,10,South Korea,APAC,South Korea Hub,RETENTION_VOICE_T2,Voice,Consumer,Retention,Tier 3,Retail,AG-0006,Lee Min-jun,107,90,86,4,4,630,54180,28,20,1,1,89,1,89,61,Retention Call,Churn Risk,Agent-Resolved,No,Yes,No,Yes,11-02-2025,QA-004,Park Sun-hee,92,94,90,93,91,92,Pass,,Strong empathy demonstrated with at-risk customer,Positive,0.89,MEM-0006,3-5 years,Retail,No,Yes,Yes,8,Yes,No,No,REC-006,HASH-006
INT-007,24-05-2022,Tuesday,21,May,2022,16,North Korea,APAC,North Korea Hub,APAC_CORE_EMAIL_TIER2,Voice,Enterprise,Support,Tier 2,E-commerce,AG-0007,Kim Hyun-soo,450,477,448,29,29,521,233408,31.67505241,32,8,11,80,9,75,73,Order Status,Tracking Update,Agent-Resolved,No,Yes,No,No,,,,,,,,,Neutral,0.68,MEM-0007,2-3 years,Business,Yes,Yes,Yes,7,Yes,No,Yes,REC-007,HASH-007
INT-008,16-08-2024,Friday,33,August,2024,8,Vietnam,APAC,Vietnam Hub,OUTBOUND_SALES_T2,Chat,Enterprise,Outbound,Tier 2,Telecom,AG-0008,Tran Thi Linh,247,248,240,8,8,403,96720,13,21,3,4,92,4,89,62,Sales Call,Upgrade Offer,Agent-Resolved,No,Yes,No,No,,,,,,,,,Neutral,0.71,MEM-0008,6+ months,Business,No,Yes,No,6,Yes,No,No,REC-008,HASH-008
INT-009,09-04-2024,Tuesday,15,April,2024,10,New Zealand,APAC,New Zealand Hub,APAC_CORE_EMAIL_T2,Chat,Enterprise,Support,Tier 3,Banking,AG-0009,Sophie Chen,76,92,71,21,21,183,12993,41.77173913,19,0,0,88,0,88,75,Account Issue,Password Reset,Bot-Resolved,No,Yes,Yes,No,,,,,,,,,Positive,0.79,MEM-0009,2-3 years,Business,Yes,Yes,No,9,Yes,Yes,No,REC-009,HASH-009
INT-010,19-03-2024,Tuesday,12,March,2024,2,New Zealand,APAC,New Zealand Hub,APAC_CORE_EMAIL_TIER2,Email,Consumer,Support,Tier 2,Healthcare,AG-0010,Rachel Brown,112,131,118,13,13,472,55696,46.83969466,18,1,1,69,1,90,74,Billing Issue,Charge Dispute,Agent-Resolved,Yes,No,No,Yes,21-03-2024,QA-005,Michael Johnson,90,91,92,89,88,91,Pass,,Properly handled sensitive billing dispute,Positive,0.83,MEM-0010,4-5 years,Insurance,No,Yes,Yes,8,Yes,No,No,REC-010,HASH-010
INT-011,16-02-2022,Wednesday,7,February,2022,12,New Zealand,APAC,New Zealand Hub,APAC_CHAT_SUPPORT_T1,Voice,Enterprise,Support,Tier 2,Telecom,AG-0011,David Rodriguez,162,157,133,24,24,324,43092,49.52866242,18,1,1,93,1,77,72,Service Issue,Network Outage,Escalated,Yes,No,No,No,,,,,,,,,Negative,0.81,MEM-0011,1-2 years,Business,No,Yes,Yes,5,Yes,No,Yes,REC-011,HASH-011
INT-012,17-07-2021,Saturday,28,July,2021,23,Indonesia,APAC,Indonesia Hub,CUSTOMER_SUPPORT_CHAT_T1,Email,Premium,Customer Support,Tier 1,Telecom,AG-0012,Siti Nurhaliza,102,116,107,9,9,233,24931,18.07758621,18,0,0,67,0,75,88,General Support,Information Request,Agent-Resolved,No,Yes,No,Yes,20-07-2021,QA-006,Budi Santoso,93,94,91,95,92,94,Pass,,Excellent customer service delivery,Positive,0.87,MEM-0012,3-5 years,Enterprise,Yes,Yes,Yes,9,Yes,No,No,REC-012,HASH-012
INT-013,29-03-2023,Wednesday,13,March,2023,2,Paraguay,AMER,Paraguay Hub,AMER_CORE_EMAIL_TIER2,Email,Consumer,Support,Tier 1,E-commerce,AG-0013,Carlos Rodriguez,227,248,233,15,15,569,132577,34.41532258,24,4,5,78,4,74,69,Order Issue,Delivery Delay,Agent-Resolved,No,Yes,No,Yes,31-03-2023,QA-007,Maria Garcia,89,90,87,90,88,90,Pass,,Addressed customer concerns appropriately,Neutral,0.65,MEM-0013,2-3 years,Consumer,No,Yes,Yes,7,Yes,No,No,REC-013,HASH-013
INT-014,14-10-2021,Thursday,41,October,2021,16,Mongolia,APAC,Mongolia Hub,RETENTION_VOICE_T2,Voice,Enterprise,Retention,Tier 3,Retail,AG-0014,Bat-Erdene Tsend,311,331,330,1,1,280,92400,0.84592145,20,3,4,71,3,84,63,Retention Call,Contract Renewal,Agent-Resolved,No,Yes,No,No,,,,,,,,,Positive,0.84,MEM-0014,5+ years,Business,Yes,Yes,No,9,Yes,No,No,REC-014,HASH-014
INT-015,29-06-2022,Wednesday,26,June,2022,22,South Africa,EMEA,Cape Town,EMEA_CORE_EMAIL_T2,Email,Premium,Support,Tier 2,Telecom,AG-0015,Naledi Khumalo,359,370,358,12,12,593,212294,19.23243243,28,7,9,90,8,76,83,Complaint,Service Quality,Escalated,Yes,No,No,Yes,28-06-2022,QA-008,Thabo Mthembu,87,88,85,86,88,87,Pass,,Complaint handled professionally,Negative,0.77,MEM-0015,4-5 years,Premium,Yes,Yes,Yes,6,Yes,No,Yes,REC-015,HASH-015
INT-016,21-10-2025,Tuesday,43,October,2025,18,New Zealand,APAC,New Zealand Hub,APAC_RETAIL_VOICE_T2,Voice,Enterprise,Support,Tier 2,Banking,AG-0016,Lisa Turner,488,478,475,3,3,345,163875,2.165271967,23,5,6,94,6,75,72,Investment Inquiry,Fund Options,Agent-Resolved,No,Yes,No,Yes,23-10-2025,QA-009,Andrew Williams,95,96,94,96,95,95,Pass,,Excellent product knowledge demonstrated,Positive,0.91,MEM-0016,6+ years,Investment,Yes,Yes,Yes,9,Yes,No,No,REC-016,HASH-016
INT-017,14-01-2022,Friday,2,January,2022,1,United States,AMER,Dallas,AMER_RETAIL_VOICE_T2,Email,Enterprise,Support,Tier 1,E-commerce,AG-0017,James Patterson,81,103,103,0,0,487,50161,0,35,1,1,70,1,72,87,Technical Issue,Login Problem,Bot-Resolved,No,Yes,Yes,No,,,,,,,,,Positive,0.86,MEM-0017,1-2 years,Business,No,Yes,No,8,Yes,Yes,No,REC-017,HASH-017
INT-018,29-07-2022,Friday,30,July,2022,8,North Korea,APAC,North Korea Hub,RETENTION_VOICE_T2,Email,Premium,Retention,Tier 2,Retail,AG-0018,Choe Yun-hee,408,402,402,0,0,718,288636,0,17,10,12,73,9,80,68,Retention Call,Pricing Concern,Agent-Resolved,No,Yes,No,No,,,,,,,,,Neutral,0.69,MEM-0018,3-5 years,Retail,No,Yes,Yes,7,Yes,No,No,REC-018,HASH-018
INT-019,17-11-2022,Thursday,46,November,2022,13,Japan,APAC,Tokyo,INBOUND_VOICE_TIER1,Voice,Enterprise,Inbound,Tier 2,Healthcare,AG-0019,Kenji Nakamura,279,273,255,18,18,322,82110,21.23076923,30,2,3,90,3,78,75,Account Issue,Enrollment Question,Agent-Resolved,No,Yes,No,Yes,19-11-2022,QA-010,Yuki Yamamoto,91,92,90,93,90,92,Pass,,Clear explanation of enrollment process,Positive,0.84,MEM-0019,2-3 years,Business,Yes,Yes,Yes,8,Yes,No,No,REC-019,HASH-019
INT-020,30-05-2024,Thursday,22,May,2024,3,United States,AMER,New York,CUSTOMER_SUPPORT_CHAT_T1,Email,Enterprise,Customer Support,Tier 1,E-commerce,AG-0020,Jessica Martinez,88,98,87,11,11,808,70296,90.69387755,21,2,2,75,2,80,69,Order Issue,Return Request,Agent-Resolved,No,Yes,No,No,,,,,,,,,Positive,0.82,MEM-0020,1-2 years,Business,No,Yes,Yes,8,Yes,No,No,REC-020,HASH-020
INT-021,08-10-2025,Wednesday,41,October,2025,18,Canada,AMER,Toronto,AMER_EMAIL_SUPPORT_T3,Chat,Premium,Support,Tier 2,Telecom,AG-0021,Toronto Agent1,253,259,235,24,24,380,89300,35.21235521,34,3,4,90,4,79,62,Service Issue,Billing Query,Agent-Resolved,Yes,No,No,Yes,10-10-2025,QA-011,Toronto QA1,93,94,92,94,93,93,Pass,,Proper billing explanation provided,Positive,0.88,MEM-0021,3-5 years,Premium,Yes,Yes,Yes,9,Yes,No,No,REC-021,HASH-021
INT-022,31-07-2025,Thursday,31,July,2025,6,Iceland,EMEA,Iceland Hub,INBOUND_VOICE_TIER1,Chat,Enterprise,Inbound,Tier 3,Telecom,AG-0022,Iceland Agent1,307,318,308,10,10,856,263648,26.91823899,25,9,11,83,9,71,69,New Product,Service Subscription,Agent-Resolved,No,Yes,No,No,,,,,,,,,Neutral,0.73,MEM-0022,6+ months,Business,No,Yes,No,7,Yes,No,No,REC-022,HASH-022
INT-023,06-07-2022,Wednesday,27,July,2022,0,Luxembourg,EMEA,Luxembourg Hub,OUTBOUND_SALES_T2,Email,Enterprise,Outbound,Tier 1,Telecom,AG-0023,Luxembourg AG1,500,481,466,15,15,866,403556,27.00623701,34,14,19,66,13,72,86,Sales Call,Package Upgrade,Agent-Resolved,No,Yes,No,No,,,,,,,,,Neutral,0.70,MEM-0023,2-3 years,Business,Yes,Yes,No,7,Yes,No,No,REC-023,HASH-023
INT-024,25-06-2024,Tuesday,26,June,2024,9,North Korea,APAC,North Korea Hub,APAC_CORE_EMAIL_T2,Email,Consumer,Support,Tier 1,Retail,AG-0024,Kim Jung-hoon,236,230,212,18,18,887,188044,69.4173913,27,6,8,92,7,87,79,Account Issue,Statement Request,Agent-Resolved,No,Yes,No,Yes,27-06-2024,QA-012,Ri Hae-won,92,93,91,92,91,92,Pass,,Proper documentation procedures followed,Positive,0.85,MEM-0024,4-5 years,Retail,No,Yes,Yes,9,Yes,No,No,REC-024,HASH-024
INT-025,21-11-2022,Monday,47,November,2022,13,Portugal,EMEA,Portugal Hub,INBOUND_VOICE_TIER1,Email,Consumer,Inbound,Tier 2,E-commerce,AG-0025,Portugal AG1,118,121,98,23,23,483,47334,91.80991736,25,1,1,65,1,81,83,Product Query,Stock Availability,Agent-Resolved,No,Yes,No,No,,,,,,,,,Positive,0.81,MEM-0025,1-2 years,Consumer,No,Yes,Yes,8,Yes,No,No,REC-025,HASH-025
INT-026,29-09-2022,Thursday,39,September,2022,6,Thailand,APAC,Thailand Hub,CUSTOMER_SUPPORT_CHAT_T1,Chat,Enterprise,Customer Support,Tier 3,Banking,AG-0026,Somchai Thanapong,496,508,500,8,8,531,265500,8.362204724,16,9,10,85,9,82,66,Account Issue,Balance Inquiry,Agent-Resolved,No,Yes,No,Yes,01-10-2022,QA-013,Priya Saksit,94,95,93,95,94,94,Pass,,Accurate and prompt service delivery,Positive,0.89,MEM-0026,3-5 years,Banking,Yes,Yes,Yes,9,Yes,No,No,REC-026,HASH-026
INT-027,03-02-2023,Friday,5,February,2023,3,Iceland,EMEA,Iceland Hub,OUTBOUND_SALES_T2,Chat,Premium,Outbound,Tier 2,Healthcare,AG-0027,Iceland AG2,289,284,275,9,9,805,221375,25.51056338,25,7,9,65,6,86,63,Sales Call,Service Renewal,Agent-Resolved,No,Yes,No,No,,,,,,,,,Neutral,0.72,MEM-0027,2-3 years,Healthcare,No,Yes,No,7,Yes,No,No,REC-027,HASH-027
INT-028,11-05-2021,Tuesday,19,May,2021,4,China,APAC,Shanghai,APAC_RETAIL_VOICE_T2,Chat,Premium,Support,Tier 2,Telecom,AG-0028,Wang Wei,430,415,391,24,24,475,185725,27.46987952,25,6,8,85,7,84,87,Technical Issue,Connectivity Problem,Agent-Resolved,Yes,No,No,Yes,13-05-2021,QA-014,Liu Mei,90,91,89,92,89,91,Pass,,Professional troubleshooting approach,Positive,0.83,MEM-0028,4-5 years,Telecom,Yes,Yes,Yes,8,Yes,No,No,REC-028,HASH-028
INT-029,04-03-2025,Tuesday,10,March,2025,20,Hungary,EMEA,Hungary Hub,EMEA_CORE_EMAIL_TIER2,Chat,Enterprise,Support,Tier 1,E-commerce,AG-0029,Hungary AG1,161,145,132,13,13,663,87516,59.44137931,21,3,4,73,3,79,89,Order Issue,Shipping Inquiry,Agent-Resolved,No,Yes,No,No,,,,,,,,,Positive,0.84,MEM-0029,1-2 years,E-commerce,No,Yes,No,8,Yes,No,No,REC-029,HASH-029
INT-030,26-10-2024,Saturday,43,October,2024,7,France,EMEA,Paris,EMEA_CHAT_SUPPORT_T1,Chat,Premium,Support,Tier 1,Telecom,AG-0030,Jean Dupont,161,191,161,30,30,461,74221,72.40837696,33,2,3,66,2,75,63,Complaint,Product Defect,Escalated,Yes,No,No,Yes,28-10-2024,QA-015,Marie Laurent,85,84,86,84,85,85,Fail,Quality Standards Not Met,Defensive tone noted in response to complaint,Negative,0.78,MEM-0030,5+ years,Telecom,Yes,Yes,Yes,5,Yes,No,Yes,REC-030,HASH-030
INT-031,14-11-2024,Thursday,46,November,2024,19,Slovakia,EMEA,Slovakia Hub,CUSTOMER_SUPPORT_CHAT_T1,Email,Enterprise,Customer Support,Tier 1,Retail,AG-0031,Slovakia AG1,385,372,360,12,12,894,321840,28.83870968,26,11,14,79,11,90,71,Account Issue,Preference Update,Agent-Resolved,No,Yes,No,No,,,,,,,,,Positive,0.87,MEM-0031,2-3 years,Retail,Yes,Yes,Yes,9,Yes,No,No,REC-031,HASH-031
INT-032,03-06-2022,Friday,22,June,2022,15,Hong Kong,APAC,Hong Kong Hub,APAC_CHAT_SUPPORT_T1,Chat,Consumer,Support,Tier 1,Retail,AG-0032,Mei Wong,74,85,56,29,29,320,17920,109.1764706,35,0,0,74,0,73,80,Technical Issue,App Crash,Bot-Resolved,No,Yes,Yes,No,,,,,,,,,Negative,0.80,MEM-0032,1-2 years,Retail,No,Yes,No,5,Yes,No,Yes,REC-032,HASH-032
INT-033,27-01-2022,Thursday,4,January,2022,12,Czech Republic,EMEA,Czech Republic Hub,INBOUND_VOICE_TIER1,Voice,Premium,Inbound,Tier 1,Banking,AG-0033,Czech AG1,139,133,113,20,20,691,78083,103.9097744,31,2,3,80,2,91,60,Investment Inquiry,Portfolio Review,Escalated,Yes,No,No,Yes,29-01-2022,QA-016,Czech QA1,88,89,87,88,87,88,Pass,,Appropriate escalation criteria applied,Positive,0.82,MEM-0033,6+ years,Investment,Yes,Yes,Yes,8,Yes,No,No,REC-033,HASH-033
INT-034,13-03-2023,Monday,11,March,2023,10,North Korea,APAC,North Korea Hub,CUSTOMER_SUPPORT_CHAT_T1,Email,Premium,Customer Support,Tier 3,E-commerce,AG-0034,Ri Mi-kyo,412,401,372,29,29,180,66960,13.01745636,34,2,3,72,2,94,71,Order Issue,Refund Request,Agent-Resolved,Yes,No,No,No,,,,,,,,,Neutral,0.68,MEM-0034,2-3 years,E-commerce,No,Yes,Yes,6,Yes,No,No,REC-034,HASH-034
INT-035,16-05-2021,Sunday,19,May,2021,14,Bulgaria,EMEA,Bulgaria Hub,RETENTION_VOICE_T2,Chat,Enterprise,Retention,Tier 3,Healthcare,AG-0035,Bulgaria AG1,275,268,261,7,7,346,90306,9.037313433,23,3,4,76,3,77,77,Retention Call,Service Improvement,Agent-Resolved,No,Yes,No,Yes,18-05-2021,QA-017,Bulgaria QA1,91,92,90,92,91,91,Pass,,Strong retention approach demonstrated,Positive,0.86,MEM-0035,4-5 years,Healthcare,No,Yes,Yes,8,Yes,No,No,REC-035,HASH-035
INT-036,27-04-2022,Wednesday,17,April,2022,22,Spain,EMEA,Madrid,INBOUND_VOICE_TIER1,Voice,Consumer,Inbound,Tier 1,Telecom,AG-0036,Spain AG1,81,78,66,12,12,450,29700,69.23076923,20,1,1,68,1,90,72,Account Issue,Plan Selection,Agent-Resolved,No,Yes,No,No,,,,,,,,,Positive,0.83,MEM-0036,1-2 years,Telecom,No,Yes,No,8,Yes,No,No,REC-036,HASH-036
INT-037,10-06-2022,Friday,23,June,2022,2,Hong Kong,APAC,Hong Kong Hub,TECH_SUPPORT_EMAIL_T3,Voice,Consumer,Tech Support,Tier 3,E-commerce,AG-0037,Hong Kong AG1,183,203,188,15,15,503,94564,37.16748768,17,3,4,71,3,84,72,Technical Issue,Browser Compatibility,Agent-Resolved,No,Yes,No,Yes,12-06-2022,QA-018,Hong Kong QA1,90,91,89,91,90,90,Pass,,Clear technical explanation provided,Positive,0.84,MEM-0037,3-5 years,E-commerce,No,Yes,Yes,8,Yes,No,No,REC-037,HASH-037
INT-038,17-10-2024,Thursday,42,October,2024,9,Israel,EMEA,Israel Hub,EMEA_CHAT_SUPPORT_T1,Chat,Premium,Support,Tier 3,Telecom,AG-0038,Israel AG1,396,385,363,22,22,801,290763,45.77142857,16,10,12,95,11,91,74,Service Issue,Network Quality,Escalated,Yes,No,No,No,,,,,,,,,Negative,0.75,MEM-0038,2-3 years,Telecom,Yes,Yes,Yes,6,Yes,No,Yes,REC-038,HASH-038
INT-039,13-06-2023,Tuesday,24,June,2023,12,Sweden,EMEA,Sweden Hub,EMEA_EMAIL_SUPPORT_T3,Chat,Consumer,Support,Tier 1,E-commerce,AG-0039,Sweden AG1,474,467,466,1,1,319,148654,0.683083512,32,5,7,86,6,72,60,Order Issue,Product Quality,Agent-Resolved,Yes,No,No,Yes,15-06-2023,QA-019,Sweden QA1,93,94,92,94,93,93,Pass,,Handled quality concern professionally,Neutral,0.71,MEM-0039,3-5 years,E-commerce,No,Yes,Yes,6,Yes,No,No,REC-039,HASH-039
INT-040,23-07-2024,Tuesday,30,July,2024,9,Paraguay,AMER,Paraguay Hub,AMER_RETAIL_VOICE_T2,Chat,Premium,Support,Tier 2,Retail,AG-0040,Paraguay AG1,311,328,308,20,20,488,150304,29.75609756,32,5,7,74,5,82,72,Account Issue,Statement Inquiry,Agent-Resolved,No,Yes,No,No,,,,,,,,,Positive,0.85,MEM-0040,2-3 years,Retail,Yes,Yes,No,8,Yes,No,No,REC-040,HASH-040
INT-041,21-02-2026,Saturday,8,February,2026,20,Italy,EMEA,Rome,EMEA_EMAIL_SUPPORT_T3,Voice,Premium,Support,Tier 2,E-commerce,AG-0041,Italy AG1,347,346,336,10,10,657,220752,18.98843931,27,7,9,92,8,85,81,Order Issue,Delivery Confirmation,Agent-Resolved,No,Yes,No,Yes,23-02-2026,QA-020,Italy QA1,94,95,93,95,94,94,Pass,,Confirmed delivery details accurately,Positive,0.88,MEM-0041,4-5 years,E-commerce,No,Yes,Yes,9,Yes,No,No,REC-041,HASH-041
INT-042,29-08-2023,Tuesday,35,August,2023,19,Pakistan,APAC,Pakistan Hub,INBOUND_VOICE_TIER1,Voice,Premium,Inbound,Tier 3,Retail,AG-0042,Pakistan AG1,493,485,475,10,10,575,273125,11.8556701,35,9,12,67,8,94,78,Account Opening,New Account,Agent-Resolved,No,Yes,No,No,,,,,,,,,Positive,0.86,MEM-0042,6+ months,Retail,No,Yes,No,9,Yes,No,No,REC-042,HASH-042
INT-043,30-08-2023,Wednesday,35,August,2023,20,Ukraine,EMEA,Ukraine Hub,EMEA_CORE_EMAIL_T2,Voice,Enterprise,Support,Tier 2,Telecom,AG-0043,Ukraine AG1,447,462,437,25,25,529,231173,28.62554113,30,8,10,78,8,83,85,Service Issue,Billing Discrepancy,Escalated,Yes,No,No,Yes,01-09-2023,QA-021,Ukraine QA1,89,88,91,87,90,88,Pass,,Professional dispute resolution approach,Negative,0.72,MEM-0043,3-5 years,Telecom,No,Yes,Yes,7,Yes,No,Yes,REC-043,HASH-043
INT-044,12-06-2024,Wednesday,24,June,2024,5,Thailand,APAC,Thailand Hub,APAC_CORE_EMAIL_T2,Voice,Enterprise,Support,Tier 3,E-commerce,AG-0044,Thailand AG1,141,147,134,13,13,201,26934,17.7755102,32,0,0,95,0,70,85,Order Issue,Inventory Problem,Escalated,Yes,No,No,No,,,,,,,,,Neutral,0.69,MEM-0044,1-2 years,E-commerce,No,Yes,No,6,Yes,No,No,REC-044,HASH-044
INT-045,13-03-2025,Thursday,11,March,2025,6,Finland,EMEA,Finland Hub,RETENTION_VOICE_T2,Voice,Enterprise,Retention,Tier 1,E-commerce,AG-0045,Finland AG1,365,379,366,13,13,492,180072,16.87598945,30,6,8,72,6,89,60,Retention Call,Win-Back Offer,Agent-Resolved,No,Yes,No,Yes,15-03-2025,QA-022,Finland QA1,92,93,91,93,92,93,Pass,,Effective win-back strategy applied,Positive,0.87,MEM-0045,5+ years,E-commerce,Yes,Yes,Yes,9,Yes,No,No,REC-045,HASH-045
INT-046,08-12-2021,Wednesday,49,December,2021,6,North Korea,APAC,North Korea Hub,RETENTION_VOICE_T2,Email,Consumer,Retention,Tier 2,Healthcare,AG-0046,North Korea AG1,188,191,164,27,27,195,31980,27.56544503,23,1,1,89,1,75,79,Retention Call,Cancellation Attempt,Agent-Resolved,No,Yes,No,No,,,,,,,,,Neutral,0.70,MEM-0046,2-3 years,Healthcare,No,Yes,No,6,Yes,No,No,REC-046,HASH-046
INT-047,01-04-2022,Friday,13,April,2022,3,Poland,EMEA,Poland Hub,OUTBOUND_SALES_T2,Voice,Enterprise,Outbound,Tier 2,Healthcare,AG-0047,Poland AG1,103,94,75,19,19,803,60225,162.3085106,16,2,2,77,2,91,86,Sales Call,Insurance Product,Agent-Resolved,No,Yes,No,No,,,,,,,,,Neutral,0.66,MEM-0047,1-2 years,Healthcare,No,Yes,No,7,Yes,No,No,REC-047,HASH-047
INT-048,15-09-2023,Friday,37,September,2023,5,Malaysia,APAC,Kuala Lumpur,TECH_SUPPORT_EMAIL_T3,Email,Premium,Tech Support,Tier 1,E-commerce,AG-0048,Malaysia AG1,444,459,435,24,24,606,263610,31.68627451,27,9,11,82,9,72,80,Technical Issue,Software Bug,Escalated,Yes,No,No,Yes,17-09-2023,QA-023,Malaysia QA1,88,87,90,87,88,89,Pass,,Proper bug escalation and documentation,Negative,0.73,MEM-0048,3-5 years,E-commerce,No,Yes,Yes,6,Yes,No,Yes,REC-048,HASH-048
INT-049,14-03-2022,Monday,11,March,2022,7,Germany,EMEA,Berlin,TECH_SUPPORT_EMAIL_T3,Voice,Enterprise,Tech Support,Tier 1,Retail,AG-0049,Germany AG1,118,121,111,10,10,779,86469,64.38016529,25,3,4,82,3,78,82,Technical Issue,Software Update,Agent-Resolved,No,Yes,No,Yes,16-03-2022,QA-024,Germany QA1,91,92,90,92,91,91,Pass,,Clear instructions for software update,Positive,0.84,MEM-0049,4-5 years,Retail,Yes,Yes,Yes,8,Yes,No,No,REC-049,HASH-049
INT-050,21-04-2024,Sunday,16,April,2024,22,Morocco,EMEA,Morocco Hub,EMEA_EMAIL_SUPPORT_T3,Voice,Premium,Support,Tier 1,Telecom,AG-0050,Morocco AG1,108,133,128,5,5,348,44544,13.08270677,27,1,1,66,1,75,73,Account Issue,Language Support,Agent-Resolved,No,Yes,No,No,,,,,,,,,Positive,0.81,MEM-0050,2-3 years,Telecom,No,Yes,No,8,Yes,No,No,REC-050,HASH-050
INT-0051,21-12-2022,Wednesday,51,December,2022,12,Hong Kong,APAC,Hong Kong Hub,EMEA_CHAT_SUPPORT_T1,Chat,Consumer,Outbound,Tier 2,Telecom,AG-0051,Jennifer Jackson,326,352,298,54,36,740,220520,103.98,40,4,5,87,4,76,87,Retention Call,Fund Options,Escalated,Yes,No,No,No,,,,,,,,,,,,,Negative,0.13,MEM-00051,1-2 years,Enterprise,No,Yes,Yes,9,Yes,No,No,REC-0051,HASH-0051
INT-0052,19-04-2021,Monday,16,April,2021,0,Ukraine,EMEA,Ukraine Hub,EMEA_CORE_EMAIL_T2,Email,Premium,Customer Support,Tier 2,Retail,AG-0052,Kenji Jackson,301,262,237,25,24,689,163293,82.24,36,15,17,77,16,75,73,Product Query,Balance Inquiry,Escalated,Yes,No,No,Yes,19-04-2021,QA-041,Emma Thompson,79,92,75,79,96,77,Pass,,Clear technical explanation provided,Positive,0.81,MEM-00052,6+ years,Checking,No,No,Yes,,No,Yes,Yes,REC-0052,HASH-0052
INT-0053,12-11-2022,Saturday,45,November,2022,5,Germany,EMEA,Germany Hub,EMEA_CORE_EMAIL_T2,Email,Enterprise,Customer Support,Tier 3,Healthcare,AG-0053,Daniel Dupont,493,473,428,45,41,815,348820,55.48,18,14,15,91,13,70,78,Account Opening,Billing Discrepancy,Bot-Resolved,No,Yes,Yes,No,,,,,,,,,,,,,Neutral,0.42,MEM-00053,2-3 years,Savings,Yes,Yes,Yes,,No,No,No,REC-0053,HASH-0053
INT-0054,28-08-2022,Sunday,34,August,2022,14,Paraguay,AMER,Paraguay Hub,RETENTION_VOICE_T2,Email,Consumer,Outbound,Tier 3,Healthcare,AG-0054,Choe Nyambura,181,221,178,43,20,404,71912,10.39,20,15,14,68,13,78,65,Order Issue,Cancellation Attempt,Bot-Resolved,No,Yes,Yes,No,,,,,,,,,,,,,Positive,0.91,MEM-00054,3-5 years,Checking,No,Yes,Yes,7,Yes,No,No,REC-0054,HASH-0054
INT-0055,26-06-2022,Sunday,25,June,2022,0,Greece,EMEA,Greece Hub,CUSTOMER_SUPPORT_CHAT_T1,Voice,Enterprise,Inbound,Tier 2,Retail,AG-0055,Maria Jackson,164,122,103,19,4,559,57577,13.99,36,3,2,70,2,77,62,Account Inquiry,Charge Dispute,Agent-Resolved,No,Yes,No,No,,,,,,,,,,,,,Negative,0.13,MEM-00055,5+ years,Savings,No,Yes,Yes,,No,No,No,REC-0055,HASH-0055
INT-0056,24-06-2022,Friday,25,June,2022,0,North Korea,APAC,North Korea Hub,AMER_RETAIL_VOICE_T2,Chat,Enterprise,Outbound,Tier 1,E-commerce,AG-0056,Rashid Thomas,79,51,46,5,28,188,8648,38.97,20,16,14,70,12,73,78,Billing Issue,Cancellation Attempt,Escalated,Yes,No,No,Yes,24-06-2022,QA-018,Priya Saksit,97,76,95,85,95,84,Fail,Quality Standards Not Met,Accurate and prompt service delivery,Positive,0.88,MEM-00056,2-3 years,Enterprise,No,Yes,Yes,10,Yes,No,Yes,REC-0056,HASH-0056
INT-0057,12-05-2021,Wednesday,19,May,2021,20,Poland,EMEA,Poland Hub,APAC_EMAIL_SUPPORT_T3,Chat,Premium,Customer Support,Tier 1,E-commerce,AG-0057,Kim Hassan,78,50,46,4,27,673,30958,23.14,23,7,8,68,6,92,87,Sales Call,Shipping Inquiry,Escalated,Yes,No,No,No,,,,,,,,,,,,,Positive,0.76,MEM-00057,4-5 years,Enterprise,No,Yes,Yes,10,Yes,Yes,Yes,REC-0057,HASH-0057
INT-0058,19-06-2022,Sunday,24,June,2022,9,Slovakia,EMEA,Slovakia Hub,APAC_CORE_EMAIL_TIER2,Chat,Enterprise,Customer Support,Tier 3,Telecom,AG-0058,Kim Thanapong,149,107,93,14,35,643,59799,3.72,38,11,10,64,8,73,93,Sales Call,Service Renewal,Bot-Resolved,No,No,Yes,No,,,,,,,,,,,,,Positive,0.94,MEM-00058,1-2 years,Retail,Yes,Yes,Yes,10,Yes,Yes,Yes,REC-0058,HASH-0058
INT-0059,19-11-2022,Saturday,46,November,2022,18,Turkey,EMEA,Turkey Hub,INBOUND_VOICE_TIER1,Chat,Premium,Tech Support,Tier 2,Retail,AG-0059,David Dupont,78,112,100,12,22,819,81900,31.97,27,11,11,88,10,70,62,Investment Inquiry,Shipping Inquiry,Escalated,Yes,No,No,No,,,,,,,,,,,,,Positive,0.83,MEM-00059,6+ months,Checking,No,Yes,No,5,Yes,Yes,Yes,REC-0059,HASH-0059
INT-0060,22-08-2022,Monday,34,August,2022,20,Thailand,APAC,Thailand Hub,OUTBOUND_SALES_T2,Chat,Enterprise,Support,Tier 1,Healthcare,AG-0060,James Min-jun,210,235,212,23,21,591,125292,33.36,33,15,15,72,12,91,60,Technical Issue,Balance Check,Bot-Resolved,No,Yes,Yes,Yes,22-08-2022,QA-048,Park Sun-hee,99,84,90,80,82,93,Fail,Quality Standards Not Met,Appropriate escalation criteria applied,Negative,0.23,MEM-00060,5+ years,Mortgage,No,Yes,Yes,,No,No,No,REC-0060,HASH-0060
INT-0061,26-08-2022,Friday,34,August,2022,13,Pakistan,APAC,Pakistan Hub,RETENTION_VOICE_T2,Chat,Consumer,Customer Support,Tier 2,Telecom,AG-0061,John Hyun-soo,299,348,283,65,17,532,150556,51.68,24,6,5,75,3,77,85,Complaint,Shipping Inquiry,Bot-Resolved,No,Yes,Yes,Yes,26-08-2022,QA-029,Park Sun-hee,88,98,79,87,75,99,Pass,,Proper escalation procedure followed,Positive,0.92,MEM-00061,4-5 years,Savings,No,Yes,Yes,5,Yes,No,No,REC-0061,HASH-0061
INT-0062,06-01-2022,Thursday,1,January,2022,10,Israel,EMEA,Israel Hub,CUSTOMER_SUPPORT_CHAT_T1,Email,Premium,Support,Tier 2,E-commerce,AG-0062,Tran Hassan,342,386,364,22,9,482,175448,62.65,16,1,1,90,1,87,80,Investment Inquiry,Service Quality,Escalated,Yes,No,No,No,,,,,,,,,,,,,Positive,0.82,MEM-00062,6+ years,Retail,No,Yes,Yes,6,Yes,No,No,REC-0062,HASH-0062
INT-0063,07-04-2021,Wednesday,14,April,2021,11,Kenya,EMEA,Kenya Hub,AMER_EMAIL_SUPPORT_T3,Voice,Enterprise,Outbound,Tier 2,Telecom,AG-0063,Mary Petrova,256,265,243,22,30,540,131220,76.88,19,20,21,89,18,88,90,Account Issue,Stock Availability,Escalated,Yes,No,No,No,,,,,,,,,,,,,Negative,0.3,MEM-00063,4-5 years,Business,No,Yes,Yes,7,Yes,No,No,REC-0063,HASH-0063
INT-0064,03-11-2022,Thursday,44,November,2022,19,Kenya,EMEA,Kenya Hub,CUSTOMER_SUPPORT_CHAT_T1,Voice,Consumer,Tech Support,Tier 2,Banking,AG-0064,Siti Anderson,78,52,43,9,20,844,36292,48.09,33,11,12,69,10,88,61,New Product,Network Outage,Bot-Resolved,No,Yes,Yes,No,,,,,,,,,,,,,Negative,0.12,MEM-00064,6+ months,Mortgage,No,Yes,Yes,,No,No,No,REC-0064,HASH-0064
INT-0065,31-08-2021,Tuesday,35,August,2021,15,Brazil,AMER,Brazil Hub,AMER_CORE_EMAIL_TIER2,Email,Enterprise,Support,Tier 3,Telecom,AG-0065,John Jones,236,209,199,10,14,160,31840,21.34,34,9,10,95,8,91,72,Billing Issue,Tracking Update,Escalated,Yes,No,No,No,,,,,,,,,,,,,Positive,0.87,MEM-00065,1-2 years,Insurance,No,Yes,Yes,9,Yes,No,No,REC-0065,HASH-0065
INT-0066,19-12-2022,Monday,51,December,2022,22,Sweden,EMEA,Sweden Hub,OUTBOUND_SALES_T2,Chat,Consumer,Inbound,Tier 2,E-commerce,AG-0066,Choe Santoso,304,271,225,46,11,444,99900,37.92,17,2,4,67,2,72,91,Account Inquiry,Login Problem,Agent-Resolved,No,Yes,No,Yes,19-12-2022,QA-037,Park Sun-hee,90,84,80,93,79,97,Pass,,Appropriate escalation criteria applied,Positive,0.84,MEM-00066,3-5 years,Retail,No,No,Yes,10,Yes,No,Yes,REC-0066,HASH-0066
INT-0067,10-08-2021,Tuesday,32,August,2021,18,Germany,EMEA,Germany Hub,APAC_EMAIL_SUPPORT_T3,Email,Enterprise,Inbound,Tier 2,Healthcare,AG-0067,Rachel Brown,294,246,207,39,44,401,83007,39.28,27,7,8,65,8,85,61,Account Issue,Network Outage,Escalated,Yes,No,No,Yes,10-08-2021,QA-040,Emma Thompson,93,75,79,95,78,92,Fail,Quality Standards Not Met,Appropriate escalation criteria applied,Positive,0.83,MEM-00067,5+ years,Credit Card,No,Yes,Yes,9,Yes,No,Yes,REC-0067,HASH-0067
INT-0068,08-03-2021,Monday,10,March,2021,4,Colombia,AMER,Colombia Hub,APAC_CORE_EMAIL_TIER2,Chat,Premium,Retention,Tier 2,Retail,AG-0068,Tran Santoso,204,174,142,32,31,616,87472,34.8,21,14,12,62,11,87,88,Account Inquiry,Package Upgrade,Escalated,Yes,No,No,Yes,08-03-2021,QA-038,Park Sun-hee,92,82,89,78,98,89,Pass,,Handled quality concern professionally,Positive,0.9,MEM-00068,1-2 years,Credit Card,No,Yes,Yes,,No,No,No,REC-0068,HASH-0068
INT-0069,05-08-2022,Friday,31,August,2022,7,South Korea,APAC,South Korea Hub,AMER_CORE_EMAIL_TIER2,Email,Premium,Inbound,Tier 3,Healthcare,AG-0069,Hassan Garcia,86,105,98,7,34,863,84574,13.14,24,11,13,75,10,80,60,Account Issue,Tracking Update,Agent-Resolved,No,Yes,No,Yes,05-08-2022,QA-011,Emma Thompson,89,85,83,81,91,96,Pass,,Addressed customer concerns appropriately,Neutral,0.54,MEM-00069,2-3 years,Savings,No,Yes,Yes,6,Yes,No,No,REC-0069,HASH-0069
INT-0070,06-07-2022,Wednesday,27,July,2022,20,United States,AMER,United States Hub,APAC_EMAIL_SUPPORT_T3,Email,Consumer,Retention,Tier 2,Banking,AG-0070,Carlos Thomas,205,176,143,33,15,345,49335,16.02,21,18,20,85,19,87,65,Account Inquiry,Balance Inquiry,Escalated,Yes,No,No,Yes,06-07-2022,QA-029,Priya Saksit,79,91,75,81,76,87,Pass,,Professional dispute resolution approach,Positive,0.81,MEM-00070,3-5 years,Mortgage,No,Yes,Yes,,No,No,No,REC-0070,HASH-0070
INT-0071,31-01-2022,Monday,5,January,2022,6,Iceland,EMEA,Iceland Hub,APAC_RETAIL_VOICE_T2,Email,Consumer,Outbound,Tier 2,Banking,AG-0071,Siti Thanapong,63,111,103,8,24,816,84048,90.66,40,16,17,70,16,82,66,Complaint,Portfolio Review,Escalated,Yes,No,No,No,,,,,,,,,,,,,Positive,0.82,MEM-00071,5+ years,Enterprise,Yes,Yes,Yes,8,Yes,Yes,Yes,REC-0071,HASH-0071
INT-0072,19-05-2022,Thursday,20,May,2022,8,Paraguay,AMER,Paraguay Hub,EMEA_CHAT_SUPPORT_T1,Voice,Premium,Customer Support,Tier 3,Retail,AG-0072,James Thi Linh,201,180,169,11,26,732,123708,105.02,24,10,10,83,9,84,87,New Product,Portfolio Review,Bot-Resolved,No,No,Yes,Yes,19-05-2022,QA-036,Ivan Marinov,77,91,78,79,82,98,Fail,Quality Standards Not Met,Strong retention approach demonstrated,Negative,0.1,MEM-00072,4-5 years,Insurance,No,No,No,,No,No,No,REC-0072,HASH-0072
INT-0073,30-11-2021,Tuesday,48,November,2021,0,Finland,EMEA,Finland Hub,APAC_RETAIL_VOICE_T2,Voice,Enterprise,Tech Support,Tier 1,Healthcare,AG-0073,Jennifer Johnson,129,132,108,24,37,878,94824,99.66,31,13,13,86,13,88,90,New Product,Language Support,Agent-Resolved,No,Yes,No,No,,,,,,,,,,,,,Positive,0.95,MEM-00073,1-2 years,Mortgage,No,Yes,Yes,8,Yes,No,Yes,REC-0073,HASH-0073
INT-0074,15-01-2022,Saturday,2,January,2022,15,Sweden,EMEA,Sweden Hub,AMER_RETAIL_VOICE_T2,Chat,Enterprise,Retention,Tier 2,Banking,AG-0074,Jennifer Wei,456,486,464,22,37,806,373984,68.2,31,9,9,63,8,79,60,Billing Issue,Cancellation Attempt,Agent-Resolved,No,Yes,No,No,,,,,,,,,,,,,Neutral,0.42,MEM-00074,4-5 years,Mortgage,Yes,Yes,Yes,5,Yes,No,No,REC-0074,HASH-0074
INT-0075,23-07-2021,Friday,29,July,2021,6,Luxembourg,EMEA,Luxembourg Hub,OUTBOUND_SALES_T2,Email,Consumer,Support,Tier 1,E-commerce,AG-0075,Sophie Chen,139,163,146,17,45,429,62634,63.9,25,19,20,91,19,77,67,Account Opening,Billing Query,Bot-Resolved,Yes,No,Yes,No,,,,,,,,,,,,,Positive,0.84,MEM-00075,6+ months,Enterprise,No,No,Yes,,No,No,No,REC-0075,HASH-0075
INT-0076,07-05-2021,Friday,18,May,2021,0,Finland,EMEA,Finland Hub,EMEA_CHAT_SUPPORT_T1,Voice,Enterprise,Support,Tier 2,E-commerce,AG-0076,Lisa Miller,397,420,397,23,15,444,176268,67.94,28,1,2,84,2,89,94,Order Issue,Network Quality,Escalated,Yes,No,No,No,,,,,,,,,,,,,Neutral,0.46,MEM-00076,3-5 years,Business,No,Yes,Yes,6,Yes,No,No,REC-0076,HASH-0076
INT-0077,05-03-2021,Friday,9,March,2021,6,Brazil,AMER,Brazil Hub,EMEA_CORE_EMAIL_T2,Email,Premium,Retention,Tier 1,Healthcare,AG-0077,James Min-jun,151,195,178,17,26,300,53400,63.77,39,12,12,63,9,83,84,Account Issue,Fund Options,Escalated,Yes,No,No,No,,,,,,,,,,,,,Neutral,0.48,MEM-00077,2-3 years,Checking,No,Yes,Yes,6,Yes,No,No,REC-0077,HASH-0077
INT-0078,28-04-2022,Thursday,17,April,2022,23,Vietnam,APAC,Vietnam Hub,AMER_RETAIL_VOICE_T2,Voice,Enterprise,Customer Support,Tier 2,Telecom,AG-0078,Emma Thanapong,365,402,397,5,17,484,192148,64.65,27,13,14,89,13,90,94,Loan Inquiry,Connectivity,Escalated,Yes,No,No,No,,,,,,,,,,,,,Negative,0.39,MEM-00078,3-5 years,Insurance,No,Yes,Yes,5,Yes,No,No,REC-0078,HASH-0078
INT-0079,23-12-2021,Thursday,51,December,2021,2,Pakistan,APAC,Pakistan Hub,EMEA_CHAT_SUPPORT_T1,Email,Consumer,Tech Support,Tier 3,Healthcare,AG-0079,Sophie Thomas,233,276,226,50,9,150,33900,31.94,24,16,17,63,14,84,63,Account Issue,Statement Request,Escalated,Yes,No,No,No,,,,,,,,,,,,,Positive,0.82,MEM-00079,6+ years,Checking,No,Yes,Yes,6,Yes,No,No,REC-0079,HASH-0079
INT-0080,28-10-2021,Thursday,43,October,2021,1,Czech Republic,EMEA,Czech Republic Hub,APAC_RETAIL_VOICE_T2,Chat,Enterprise,Retention,Tier 2,E-commerce,AG-0080,Sarah Martin,284,265,237,28,29,335,79395,4.24,19,5,7,71,7,82,87,Service Issue,Fund Options,Agent-Resolved,No,Yes,No,No,,,,,,,,,,,,,Negative,0.32,MEM-00080,6+ months,Mortgage,No,No,Yes,7,Yes,No,No,REC-0080,HASH-0080
INT-0081,13-09-2021,Monday,37,September,2021,11,Bangladesh,APAC,Bangladesh Hub,TECH_SUPPORT_EMAIL_T3,Chat,Enterprise,Customer Support,Tier 2,E-commerce,AG-0081,Carlos Wilson,161,153,127,26,39,396,50292,34.69,20,7,9,61,7,87,83,Service Issue,Service Quality,Agent-Resolved,No,Yes,No,No,,,,,,,,,,,,,Positive,0.95,MEM-00081,6+ years,Checking,Yes,Yes,Yes,,No,No,No,REC-0081,HASH-0081
INT-0082,27-01-2022,Thursday,4,January,2022,2,Finland,EMEA,Finland Hub,EMEA_CORE_EMAIL_T2,Voice,Premium,Customer Support,Tier 3,Banking,AG-0082,Lisa Jones,82,124,103,21,38,456,46968,78.51,21,9,8,72,8,89,75,Investment Inquiry,Package Upgrade,Bot-Resolved,No,No,Yes,Yes,27-01-2022,QA-025,Ivan Marinov,90,92,82,81,97,93,Fail,Quality Standards Not Met,Excellent customer service delivery,Positive,0.82,MEM-00082,3-5 years,Checking,No,No,No,,No,No,Yes,REC-0082,HASH-0082
INT-0083,17-06-2021,Thursday,24,June,2021,8,Japan,APAC,Japan Hub,TECH_SUPPORT_EMAIL_T3,Chat,Premium,Inbound,Tier 1,Healthcare,AG-0083,Williams Laurent,247,273,242,31,2,403,97526,106.58,19,11,11,84,8,73,89,Product Query,Churn Risk,Escalated,Yes,No,No,Yes,17-06-2021,QA-025,QA-Team,75,83,90,75,87,79,Fail,Quality Standards Not Met,Handled quality concern professionally,Neutral,0.48,MEM-00083,6+ months,Checking,Yes,No,Yes,9,Yes,No,No,REC-0083,HASH-0083
INT-0084,24-06-2022,Friday,25,June,2022,3,Indonesia,APAC,Indonesia Hub,AMER_CORE_EMAIL_TIER2,Voice,Consumer,Customer Support,Tier 1,Banking,AG-0084,David Rodriguez,235,260,256,4,48,448,114688,88.97,32,20,21,87,18,80,66,Account Opening,Fund Options,Agent-Resolved,No,Yes,No,No,,,,,,,,,,,,,Neutral,0.41,MEM-00084,6+ years,Healthcare,No,No,Yes,,No,No,No,REC-0084,HASH-0084
INT-0085,19-04-2021,Monday,16,April,2021,5,Hong Kong,APAC,Hong Kong Hub,INBOUND_VOICE_TIER1,Voice,Consumer,Retention,Tier 1,Retail,AG-0085,Hassan Ahmed,233,262,244,18,42,795,193980,73.65,24,6,7,78,4,91,67,Account Opening,Pricing Concern,Escalated,Yes,No,No,No,,,,,,,,,,,,,Neutral,0.58,MEM-00085,5+ years,Enterprise,No,Yes,Yes,7,Yes,No,Yes,REC-0085,HASH-0085
INT-0086,07-12-2022,Wednesday,49,December,2022,20,North Korea,APAC,North Korea Hub,APAC_EMAIL_SUPPORT_T3,Chat,Enterprise,Customer Support,Tier 2,Telecom,AG-0086,Ahmad Nyambura,398,416,334,82,23,787,262858,48.32,21,11,13,79,13,74,89,Account Opening,Contract Renewal,Agent-Resolved,No,Yes,No,No,,,,,,,,,,,,,Negative,0.11,MEM-00086,6+ months,Business,No,Yes,Yes,9,Yes,No,No,REC-0086,HASH-0086
INT-0087,25-12-2022,Sunday,51,December,2022,6,Indonesia,APAC,Indonesia Hub,APAC_RETAIL_VOICE_T2,Voice,Enterprise,Inbound,Tier 1,Banking,AG-0087,Anna Min-jun,378,331,310,21,42,372,115320,62.1,34,11,10,79,10,86,93,Account Opening,Delivery Delay,Escalated,Yes,No,No,Yes,25-12-2022,QA-022,Emma Thompson,98,85,81,86,83,87,Pass,,Accurate and prompt service delivery,Positive,0.97,MEM-00087,1-2 years,Savings,Yes,Yes,Yes,7,Yes,No,No,REC-0087,HASH-0087
INT-0088,04-02-2022,Friday,5,February,2022,22,Malaysia,APAC,Malaysia Hub,AMER_CORE_EMAIL_TIER2,Email,Enterprise,Retention,Tier 1,Banking,AG-0088,Thomas Jackson,112,128,115,13,34,314,36110,80.24,37,20,18,85,15,90,68,Order Issue,Promotion Details,Escalated,Yes,No,No,No,,,,,,,,,,,,,Positive,0.95,MEM-00088,1-2 years,Business,No,Yes,Yes,8,Yes,No,Yes,REC-0088,HASH-0088
INT-0089,06-12-2021,Monday,49,December,2021,14,Kenya,EMEA,Kenya Hub,EMEA_CHAT_SUPPORT_T1,Voice,Consumer,Inbound,Tier 1,Telecom,AG-0089,David Miller,447,434,392,42,5,745,292040,12.52,37,7,5,66,4,71,95,Account Opening,Preference Update,Bot-Resolved,No,No,Yes,No,,,,,,,,,,,,,Positive,0.89,MEM-00089,2-3 years,Retail,No,Yes,Yes,8,Yes,No,Yes,REC-0089,HASH-0089
INT-0090,09-11-2021,Tuesday,45,November,2021,1,Indonesia,APAC,Indonesia Hub,TECH_SUPPORT_EMAIL_T3,Voice,Consumer,Outbound,Tier 3,E-commerce,AG-0090,Emma Brown,298,308,259,49,40,435,112665,82.75,17,7,7,65,4,89,68,Retention Call,Browser Compatibility,Agent-Resolved,No,Yes,No,Yes,09-11-2021,QA-004,Thabo Mthembu,85,86,87,85,93,95,Fail,Quality Standards Not Met,Professional dispute resolution approach,Positive,0.9,MEM-00090,1-2 years,Credit Card,Yes,Yes,Yes,9,Yes,No,No,REC-0090,HASH-0090
INT-0091,22-05-2021,Saturday,20,May,2021,4,Luxembourg,EMEA,Luxembourg Hub,AMER_EMAIL_SUPPORT_T3,Voice,Premium,Inbound,Tier 1,Telecom,AG-0091,Jennifer Min-jun,484,519,440,79,6,473,208120,114.12,33,9,10,65,9,92,76,Loan Inquiry,Connectivity,Bot-Resolved,No,No,Yes,Yes,22-05-2021,QA-043,Park Sun-hee,79,93,95,84,90,84,Pass,,Strong retention approach demonstrated,Negative,0.21,MEM-00091,6+ years,Mortgage,No,No,Yes,,No,No,No,REC-0091,HASH-0091
INT-0092,17-01-2022,Monday,3,January,2022,3,Ukraine,EMEA,Ukraine Hub,RETENTION_VOICE_T2,Chat,Consumer,Tech Support,Tier 2,Healthcare,AG-0092,Daniel Thi Linh,399,427,411,16,40,780,320580,38.78,36,3,4,68,4,83,61,Product Query,Portfolio Review,Escalated,Yes,No,No,No,,,,,,,,,,,,,Neutral,0.47,MEM-00092,4-5 years,Business,No,No,Yes,5,Yes,Yes,Yes,REC-0092,HASH-0092
INT-0093,11-01-2021,Monday,2,January,2021,20,France,EMEA,France Hub,AMER_EMAIL_SUPPORT_T3,Chat,Consumer,Retention,Tier 2,Healthcare,AG-0093,Maria Rodriguez,179,169,141,28,42,435,61335,40.5,21,5,6,83,4,72,76,Order Issue,Service Quality,Bot-Resolved,No,No,Yes,Yes,11-01-2021,QA-034,Michael Chen,78,79,76,95,97,83,Fail,Quality Standards Not Met,Clear explanation of enrollment process,Neutral,0.5,MEM-00093,2-3 years,Healthcare,No,Yes,Yes,8,Yes,No,No,REC-0093,HASH-0093
INT-0094,14-07-2022,Thursday,28,July,2022,8,Paraguay,AMER,Paraguay Hub,OUTBOUND_SALES_T2,Email,Consumer,Support,Tier 1,E-commerce,AG-0094,Hassan Hassan,132,153,138,15,32,597,82386,77.3,32,11,12,63,10,95,85,Order Issue,Enrollment Question,Agent-Resolved,No,Yes,No,Yes,14-07-2022,QA-010,Thabo Mthembu,84,92,75,90,94,92,Fail,Quality Standards Not Met,Accurate and prompt service delivery,Negative,0.14,MEM-00094,2-3 years,Savings,No,Yes,Yes,10,Yes,No,No,REC-0094,HASH-0094
INT-0095,25-07-2022,Monday,30,July,2022,17,Ukraine,EMEA,Ukraine Hub,TECH_SUPPORT_EMAIL_T3,Email,Consumer,Tech Support,Tier 1,Healthcare,AG-0095,Sarah Thomas,118,152,131,21,1,128,16768,114.67,24,14,13,69,10,92,62,Billing Issue,Plan Selection,Agent-Resolved,Yes,Yes,No,No,,,,,,,,,,,,,Neutral,0.48,MEM-00095,3-5 years,Retail,No,Yes,Yes,,No,No,No,REC-0095,HASH-0095
INT-0096,07-09-2022,Wednesday,36,September,2022,1,Bangladesh,APAC,Bangladesh Hub,TECH_SUPPORT_EMAIL_T3,Chat,Enterprise,Retention,Tier 2,Banking,AG-0096,Ahmad Martin,133,143,140,3,38,169,23660,100.99,28,5,4,63,1,84,84,Complaint,App Crash,Agent-Resolved,Yes,Yes,No,No,,,,,,,,,,,,,Negative,0.2,MEM-00096,6+ years,Investment,Yes,No,No,10,Yes,Yes,Yes,REC-0096,HASH-0096
INT-0097,17-12-2022,Saturday,50,December,2022,0,Brazil,AMER,Brazil Hub,APAC_CORE_EMAIL_TIER2,Email,Premium,Retention,Tier 1,Banking,AG-0097,Sophie Jackson,277,268,265,3,4,159,42135,69.38,15,5,3,72,3,79,90,Service Issue,Rate Inquiry,Escalated,Yes,No,No,Yes,17-12-2022,QA-044,Ivan Marinov,91,75,91,76,88,85,Fail,Quality Standards Not Met,Good greeting protocol observed,Positive,0.9,MEM-00097,5+ years,Checking,Yes,Yes,Yes,,No,No,No,REC-0097,HASH-0097
INT-0098,05-12-2021,Sunday,48,December,2021,14,Czech Republic,EMEA,Czech Republic Hub,INBOUND_VOICE_TIER1,Voice,Premium,Customer Support,Tier 2,Banking,AG-0098,Sophie Petrova,77,52,50,2,20,266,13300,77.94,25,11,9,68,6,78,76,Loan Inquiry,Pricing Concern,Bot-Resolved,No,No,Yes,Yes,05-12-2021,QA-034,Emma Thompson,97,98,97,90,99,88,Pass,,Handled quality concern professionally,Positive,0.8,MEM-00098,2-3 years,Investment,No,Yes,Yes,5,Yes,No,No,REC-0098,HASH-0098
INT-0099,05-04-2022,Tuesday,14,April,2022,5,Malaysia,APAC,Malaysia Hub,OUTBOUND_SALES_T2,Email,Consumer,Support,Tier 3,Healthcare,AG-0099,Bat-Erdene Thanapong,236,250,243,7,25,142,34506,49.91,38,7,8,70,6,80,78,Account Issue,Inventory Problem,Agent-Resolved,No,Yes,No,No,,,,,,,,,,,,,Positive,0.95,MEM-00099,2-3 years,Checking,Yes,No,Yes,7,Yes,No,No,REC-0099,HASH-0099
INT-0100,08-04-2021,Thursday,14,April,2021,7,Greece,EMEA,Greece Hub,APAC_RETAIL_VOICE_T2,Voice,Consumer,Support,Tier 2,Healthcare,AG-0100,Jessica Min-jun,148,132,120,12,36,771,92520,106.26,35,10,8,81,5,89,91,Complaint,Upgrade Offer,Bot-Resolved,Yes,Yes,Yes,Yes,08-04-2021,QA-004,Park Sun-hee,99,77,92,91,83,97,Pass,,Proper escalation procedure followed,Positive,0.83,MEM-00100,5+ years,Insurance,No,Yes,Yes,8,Yes,Yes,Yes,REC-0100,HASH-0100
INT-0101,08-02-2022,Tuesday,6,February,2022,14,Bangladesh,APAC,Bangladesh Hub,TECH_SUPPORT_EMAIL_T3,Email,Enterprise,Inbound,Tier 3,Retail,AG-0101,Maria Laurent,64,101,97,4,27,370,35890,56.84,33,7,6,88,6,77,89,Complaint,Login Problem,Escalated,Yes,No,No,No,,,,,,,,,,,,,Positive,0.85,MEM-00101,6+ months,Savings,No,Yes,Yes,7,Yes,Yes,Yes,REC-0101,HASH-0101
INT-0102,26-06-2022,Sunday,25,June,2022,14,United States,AMER,United States Hub,RETENTION_VOICE_T2,Email,Consumer,Retention,Tier 2,Banking,AG-0102,Daniel Thi Linh,75,96,94,2,0,827,77738,14.77,19,13,12,76,11,83,66,Account Opening,Service Subscription,Bot-Resolved,No,Yes,Yes,No,,,,,,,,,,,,,Neutral,0.47,MEM-00102,6+ months,Mortgage,No,Yes,Yes,,No,No,No,REC-0102,HASH-0102
INT-0103,18-12-2021,Saturday,50,December,2021,22,Portugal,EMEA,Portugal Hub,EMEA_CHAT_SUPPORT_T1,Email,Premium,Outbound,Tier 3,Telecom,AG-0103,John Miller,84,90,81,9,19,245,19845,72.52,28,11,11,93,10,84,79,Product Query,Plan Selection,Escalated,Yes,No,No,No,,,,,,,,,,,,,Positive,0.77,MEM-00103,4-5 years,Checking,Yes,Yes,Yes,7,Yes,No,No,REC-0103,HASH-0103
INT-0104,01-06-2021,Tuesday,22,June,2021,15,Poland,EMEA,Poland Hub,OUTBOUND_SALES_T2,Voice,Premium,Retention,Tier 3,Banking,AG-0104,Jennifer Martin,372,338,301,37,24,200,60200,89.11,20,17,16,66,13,87,78,Product Query,Fund Options,Escalated,Yes,No,No,No,,,,,,,,,,,,,Positive,0.84,MEM-00104,1-2 years,Mortgage,No,Yes,Yes,5,Yes,No,No,REC-0104,HASH-0104
INT-0105,04-06-2021,Friday,22,June,2021,4,Italy,EMEA,Italy Hub,TECH_SUPPORT_EMAIL_T3,Email,Consumer,Support,Tier 1,E-commerce,AG-0105,Kenji Chen,338,359,354,5,26,831,294174,62.06,20,18,20,66,17,94,88,Account Opening,Upgrade Offer,Escalated,Yes,No,No,No,,,,,,,,,,,,,Negative,0.19,MEM-00105,3-5 years,Mortgage,No,Yes,Yes,,No,No,Yes,REC-0105,HASH-0105
INT-0106,08-08-2021,Sunday,31,August,2021,10,Morocco,EMEA,Morocco Hub,CUSTOMER_SUPPORT_CHAT_T1,Voice,Premium,Support,Tier 2,Banking,AG-0106,Carlos Miller,280,264,230,34,14,649,149270,67.69,23,3,1,92,1,74,76,Investment Inquiry,Billing Query,Bot-Resolved,No,No,Yes,Yes,08-08-2021,QA-045,Priya Saksit,77,82,92,96,97,85,Fail,Quality Standards Not Met,Confirmed delivery details accurately,Positive,0.76,MEM-00106,3-5 years,Savings,No,Yes,Yes,7,Yes,Yes,Yes,REC-0106,HASH-0106
INT-0107,11-04-2022,Monday,15,April,2022,22,Bulgaria,EMEA,Bulgaria Hub,EMEA_CHAT_SUPPORT_T1,Chat,Consumer,Support,Tier 1,Telecom,AG-0107,Williams Thompson,138,173,160,13,47,451,72160,45.6,29,18,17,62,14,77,85,Account Inquiry,Product Quality,Escalated,Yes,No,No,Yes,11-04-2022,QA-033,QA-Team,88,82,94,93,89,93,Pass,,Strong retention approach demonstrated,Positive,0.88,MEM-00107,3-5 years,Checking,No,Yes,Yes,9,Yes,No,Yes,REC-0107,HASH-0107
INT-0108,13-04-2021,Tuesday,15,April,2021,2,Luxembourg,EMEA,Luxembourg Hub,AMER_RETAIL_VOICE_T2,Voice,Premium,Customer Support,Tier 3,Banking,AG-0108,Kenji Johnson,363,335,309,26,0,209,64581,40.34,22,13,11,64,11,77,89,Order Issue,Service Renewal,Bot-Resolved,No,Yes,Yes,No,,,,,,,,,,,,,Negative,0.22,MEM-00108,1-2 years,Credit Card,No,No,Yes,7,Yes,Yes,Yes,REC-0108,HASH-0108
INT-0109,07-03-2022,Monday,10,March,2022,12,Poland,EMEA,Poland Hub,EMEA_CORE_EMAIL_T2,Voice,Premium,Inbound,Tier 2,Retail,AG-0109,Jessica Garcia,184,182,176,6,10,659,115984,119.37,26,11,9,60,8,82,84,Sales Call,Stock Availability,Bot-Resolved,No,Yes,Yes,No,,,,,,,,,,,,,Positive,0.92,MEM-00109,6+ years,Enterprise,No,Yes,Yes,9,Yes,No,No,REC-0109,HASH-0109
INT-0110,08-01-2021,Friday,1,January,2021,20,Hong Kong,APAC,Hong Kong Hub,AMER_CORE_EMAIL_TIER2,Chat,Enterprise,Customer Support,Tier 3,Healthcare,AG-0110,Rachel Miller,186,162,147,15,37,429,63063,97.61,16,4,6,65,6,92,84,New Product,Language Support,Bot-Resolved,No,No,Yes,Yes,08-01-2021,QA-026,Emma Thompson,95,96,82,81,92,83,Fail,Quality Standards Not Met,Clear technical explanation provided,Positive,0.96,MEM-00110,6+ years,Mortgage,No,No,No,8,Yes,No,No,REC-0110,HASH-0110
INT-0111,12-03-2021,Friday,10,March,2021,11,Hong Kong,APAC,Hong Kong Hub,CUSTOMER_SUPPORT_CHAT_T1,Email,Enterprise,Customer Support,Tier 3,Healthcare,AG-0111,Lee Thi Linh,232,212,197,15,43,747,147159,12.58,33,5,5,69,5,90,70,New Product,Portfolio Review,Escalated,Yes,No,No,No,,,,,,,,,,,,,Neutral,0.49,MEM-00111,5+ years,Savings,No,Yes,No,8,Yes,No,No,REC-0111,HASH-0111
INT-0112,29-06-2022,Wednesday,26,June,2022,13,Czech Republic,EMEA,Czech Republic Hub,CUSTOMER_SUPPORT_CHAT_T1,Voice,Enterprise,Customer Support,Tier 3,Banking,AG-0112,Chen Thi Linh,314,280,246,34,42,562,138252,34.36,37,13,11,75,10,91,66,Product Query,Promotion Details,Bot-Resolved,No,Yes,Yes,Yes,29-06-2022,QA-041,Priya Saksit,82,92,95,87,77,78,Fail,Quality Standards Not Met,Addressed customer concerns appropriately,Neutral,0.57,MEM-00112,2-3 years,Retail,No,Yes,Yes,9,Yes,No,No,REC-0112,HASH-0112
INT-0113,17-04-2021,Saturday,15,April,2021,9,Paraguay,AMER,Paraguay Hub,RETENTION_VOICE_T2,Email,Enterprise,Retention,Tier 3,E-commerce,AG-0113,Tran Miller,294,287,279,8,47,345,96255,5.48,28,18,18,79,18,86,84,New Product,Pricing Concern,Escalated,Yes,No,No,No,,,,,,,,,,,,,Neutral,0.53,MEM-00113,3-5 years,Credit Card,Yes,Yes,Yes,,No,Yes,Yes,REC-0113,HASH-0113
INT-0114,09-11-2022,Wednesday,45,November,2022,21,Morocco,EMEA,Morocco Hub,AMER_EMAIL_SUPPORT_T3,Voice,Consumer,Inbound,Tier 1,Healthcare,AG-0114,Carlos Johnson,464,498,487,11,28,340,165580,117.45,20,16,18,60,17,91,63,Technical Issue,Statement Inquiry,Escalated,Yes,No,No,Yes,09-11-2022,QA-040,Michael Chen,81,95,86,86,75,79,Fail,Quality Standards Not Met,Appropriate escalation criteria applied,Positive,0.86,MEM-00114,6+ years,Business,Yes,Yes,Yes,7,Yes,No,No,REC-0114,HASH-0114
INT-0115,07-02-2022,Monday,6,February,2022,11,Hong Kong,APAC,Hong Kong Hub,OUTBOUND_SALES_T2,Voice,Premium,Support,Tier 2,Retail,AG-0115,David Petrova,313,268,234,34,38,411,96174,27.06,37,6,8,70,5,81,67,New Product,Balance Check,Bot-Resolved,No,No,Yes,Yes,07-02-2022,QA-026,Michael Chen,96,84,81,94,88,77,Fail,Quality Standards Not Met,Strong empathy demonstrated,Neutral,0.52,MEM-00115,3-5 years,Savings,No,Yes,Yes,,No,No,No,REC-0115,HASH-0115
INT-0116,01-03-2021,Monday,9,March,2021,5,France,EMEA,France Hub,APAC_CORE_EMAIL_TIER2,Chat,Premium,Outbound,Tier 3,Banking,AG-0116,Anna Brown,185,223,199,24,19,676,134524,15.6,17,18,17,63,16,86,75,Loan Inquiry,Connectivity,Agent-Resolved,No,Yes,No,No,,,,,,,,,,,,,Neutral,0.59,MEM-00116,1-2 years,Credit Card,No,No,Yes,10,Yes,No,No,REC-0116,HASH-0116
INT-0117,01-06-2022,Wednesday,22,June,2022,1,Paraguay,AMER,Paraguay Hub,APAC_CORE_EMAIL_TIER2,Email,Premium,Customer Support,Tier 1,Banking,AG-0117,Hassan Thi Linh,140,172,139,33,7,451,62689,42.15,33,4,5,80,4,95,69,Retention Call,Billing Query,Escalated,Yes,No,No,Yes,01-06-2022,QA-004,Emma Thompson,86,87,98,75,75,87,Fail,Quality Standards Not Met,Professional dispute resolution approach,Positive,0.79,MEM-00117,4-5 years,Mortgage,No,Yes,Yes,,No,No,No,REC-0117,HASH-0117
INT-0118,09-03-2021,Tuesday,10,March,2021,18,Portugal,EMEA,Portugal Hub,CUSTOMER_SUPPORT_CHAT_T1,Email,Premium,Inbound,Tier 2,Retail,AG-0118,Maria Moore,473,436,352,84,33,500,176000,74.77,16,11,11,60,11,93,69,Account Issue,Return Request,Agent-Resolved,No,Yes,No,Yes,09-03-2021,QA-004,Emma Thompson,84,86,99,98,81,99,Fail,Quality Standards Not Met,Appropriate escalation criteria applied,Positive,0.86,MEM-00118,2-3 years,Mortgage,No,Yes,Yes,8,Yes,No,No,REC-0118,HASH-0118
INT-0119,27-12-2021,Monday,52,December,2021,3,Kenya,EMEA,Kenya Hub,APAC_RETAIL_VOICE_T2,Voice,Enterprise,Inbound,Tier 2,Healthcare,AG-0119,Grace Min-jun,314,363,344,19,11,328,112832,88.19,36,10,11,63,8,90,94,Account Inquiry,Balance Check,Escalated,Yes,No,No,No,,,,,,,,,,,,,Positive,0.76,MEM-00119,2-3 years,Savings,No,No,Yes,5,Yes,No,No,REC-0119,HASH-0119
INT-0120,16-10-2022,Sunday,41,October,2022,11,Canada,AMER,Canada Hub,EMEA_CHAT_SUPPORT_T1,Email,Consumer,Inbound,Tier 2,Retail,AG-0120,Sarah Wei,53,8,7,1,27,839,5873,87.5,33,4,4,86,3,85,75,Account Issue,Information Request,Agent-Resolved,Yes,Yes,No,Yes,16-10-2022,QA-022,Priya Saksit,78,88,88,99,95,89,Pass,,Agent provided comprehensive information,Positive,0.76,MEM-00120,5+ years,Business,No,Yes,Yes,9,Yes,Yes,Yes,REC-0120,HASH-0120
INT-0121,12-03-2021,Friday,10,March,2021,13,Luxembourg,EMEA,Luxembourg Hub,AMER_EMAIL_SUPPORT_T3,Voice,Enterprise,Tech Support,Tier 1,Healthcare,AG-0121,Williams Min-jun,275,232,190,42,8,135,25650,68.03,25,13,13,95,11,85,89,Loan Inquiry,Software Update,Escalated,Yes,No,No,No,,,,,,,,,,,,,Positive,0.8,MEM-00121,4-5 years,Savings,No,Yes,Yes,5,Yes,No,No,REC-0121,HASH-0121
INT-0122,19-11-2022,Saturday,46,November,2022,9,Greece,EMEA,Greece Hub,APAC_EMAIL_SUPPORT_T3,Chat,Consumer,Outbound,Tier 2,Healthcare,AG-0122,Lee Brown,237,218,190,28,31,782,148580,91.19,22,12,10,74,7,83,87,Product Query,Delivery Confirmation,Escalated,Yes,No,No,No,,,,,,,,,,,,,Neutral,0.59,MEM-00122,5+ years,Healthcare,No,Yes,Yes,,No,No,No,REC-0122,HASH-0122
INT-0123,13-09-2022,Tuesday,37,September,2022,1,Greece,EMEA,Greece Hub,INBOUND_VOICE_TIER1,Chat,Consumer,Retention,Tier 2,Banking,AG-0123,James Ahmed,193,183,178,5,40,858,152724,114.49,30,1,1,91,1,90,84,Billing Issue,Enrollment Question,Agent-Resolved,No,Yes,No,No,,,,,,,,,,,,,Negative,0.24,MEM-00123,4-5 years,Business,No,Yes,Yes,8,Yes,No,No,REC-0123,HASH-0123
INT-0124,18-02-2022,Friday,7,February,2022,21,Slovakia,EMEA,Slovakia Hub,EMEA_CHAT_SUPPORT_T1,Chat,Enterprise,Retention,Tier 3,Retail,AG-0124,John Wilson,492,489,445,44,14,721,320845,11.11,19,5,7,73,5,76,84,Product Query,Software Bug,Escalated,Yes,No,No,Yes,18-02-2022,QA-043,Ivan Marinov,76,85,75,93,80,99,Pass,,Appropriate escalation criteria applied,Positive,0.82,MEM-00124,6+ months,Insurance,No,Yes,Yes,7,Yes,No,No,REC-0124,HASH-0124
INT-0125,07-08-2021,Saturday,31,August,2021,15,South Korea,APAC,South Korea Hub,INBOUND_VOICE_TIER1,Email,Premium,Retention,Tier 2,Retail,AG-0125,Naledi Hassan,147,163,145,18,6,668,96860,88.7,17,16,14,92,14,94,75,Product Query,Browser Compatibility,Agent-Resolved,No,Yes,No,Yes,07-08-2021,QA-027,Emma Thompson,82,78,86,96,99,98,Fail,Quality Standards Not Met,Appropriate escalation criteria applied,Neutral,0.56,MEM-00125,6+ months,Mortgage,No,Yes,Yes,7,Yes,No,Yes,REC-0125,HASH-0125
INT-0126,27-03-2022,Sunday,12,March,2022,14,Argentina,AMER,Argentina Hub,TECH_SUPPORT_EMAIL_T3,Chat,Consumer,Tech Support,Tier 1,Telecom,AG-0126,Mary Ahmed,450,429,382,47,43,266,101612,1.07,27,9,11,71,11,83,72,Account Issue,Portfolio Review,Escalated,Yes,No,No,Yes,27-03-2022,QA-032,Park Sun-hee,89,77,96,82,88,95,Fail,Quality Standards Not Met,Clear explanation of enrollment process,Neutral,0.53,MEM-00126,6+ years,Business,Yes,Yes,Yes,8,Yes,No,No,REC-0126,HASH-0126
INT-0127,03-12-2021,Friday,48,December,2021,22,Sweden,EMEA,Sweden Hub,AMER_RETAIL_VOICE_T2,Voice,Premium,Inbound,Tier 1,E-commerce,AG-0127,Carlos Martin,443,457,423,34,44,600,253800,38.0,23,17,17,88,16,91,62,Investment Inquiry,Product Quality,Agent-Resolved,No,Yes,No,No,,,,,,,,,,,,,Positive,0.94,MEM-00127,6+ months,Savings,No,Yes,Yes,7,Yes,No,Yes,REC-0127,HASH-0127
INT-0128,03-06-2021,Thursday,22,June,2021,20,Canada,AMER,Canada Hub,APAC_CORE_EMAIL_TIER2,Chat,Enterprise,Retention,Tier 2,Banking,AG-0128,Siti Hyun-soo,296,342,296,46,8,824,243904,4.14,35,7,5,62,5,86,91,Account Opening,Balance Inquiry,Agent-Resolved,Yes,Yes,No,No,,,,,,,,,,,,,Negative,0.38,MEM-00128,2-3 years,Savings,No,No,Yes,8,Yes,No,No,REC-0128,HASH-0128
INT-0129,07-11-2022,Monday,45,November,2022,22,North Korea,APAC,North Korea Hub,AMER_CORE_EMAIL_TIER2,Chat,Consumer,Tech Support,Tier 2,Retail,AG-0129,Sophie Johnson,439,469,446,23,43,158,70468,35.8,36,3,1,86,1,88,80,Loan Inquiry,Shipping Inquiry,Agent-Resolved,No,Yes,No,No,,,,,,,,,,,,,Neutral,0.44,MEM-00129,3-5 years,Savings,No,Yes,Yes,10,Yes,No,No,REC-0129,HASH-0129
INT-0130,15-07-2022,Friday,28,July,2022,0,Italy,EMEA,Italy Hub,EMEA_CHAT_SUPPORT_T1,Email,Enterprise,Tech Support,Tier 1,E-commerce,AG-0130,Maria Thompson,298,261,233,28,40,419,97627,119.92,26,13,11,94,9,84,76,Account Inquiry,Delivery Confirmation,Escalated,Yes,No,No,Yes,15-07-2022,QA-013,Priya Saksit,87,97,81,90,88,80,Fail,Quality Standards Not Met,Excellent customer service delivery,Neutral,0.52,MEM-00130,3-5 years,Mortgage,No,Yes,Yes,8,Yes,No,No,REC-0130,HASH-0130
INT-0131,10-07-2022,Sunday,27,July,2022,19,Paraguay,AMER,Paraguay Hub,EMEA_CHAT_SUPPORT_T1,Voice,Enterprise,Retention,Tier 3,Healthcare,AG-0131,Rachel Thanapong,227,267,260,7,26,705,183300,87.22,29,7,9,71,6,80,65,Order Issue,Pricing Concern,Bot-Resolved,No,Yes,Yes,Yes,10-07-2022,QA-044,Emma Thompson,85,94,88,76,84,94,Fail,Quality Standards Not Met,Excellent customer service delivery,Positive,0.95,MEM-00131,4-5 years,Credit Card,No,Yes,Yes,,No,No,No,REC-0131,HASH-0131
INT-0132,20-03-2022,Sunday,11,March,2022,13,Brazil,AMER,Brazil Hub,EMEA_CHAT_SUPPORT_T1,Chat,Enterprise,Tech Support,Tier 1,E-commerce,AG-0132,Tran Dupont,468,428,354,74,38,526,186204,103.36,32,20,22,80,19,72,69,Retention Call,Win-Back Offer,Agent-Resolved,No,Yes,No,No,,,,,,,,,,,,,Positive,0.88,MEM-00132,3-5 years,Mortgage,Yes,No,Yes,8,Yes,No,Yes,REC-0132,HASH-0132
INT-0133,01-01-2022,Saturday,52,January,2022,13,Germany,EMEA,Germany Hub,INBOUND_VOICE_TIER1,Voice,Premium,Support,Tier 1,Telecom,AG-0133,Williams Petrova,220,239,214,25,49,700,149800,110.92,30,12,14,93,14,74,60,Account Issue,Network Outage,Escalated,Yes,No,No,Yes,01-01-2022,QA-005,QA-Team,96,93,82,87,95,84,Fail,Quality Standards Not Met,Excellent customer service delivery,Positive,0.95,MEM-00133,1-2 years,Insurance,No,Yes,Yes,,No,No,No,REC-0133,HASH-0133
INT-0134,08-02-2021,Monday,6,February,2021,21,Bangladesh,APAC,Bangladesh Hub,OUTBOUND_SALES_T2,Chat,Premium,Support,Tier 3,Telecom,AG-0134,Chen Martin,99,77,72,5,44,658,47376,98.31,17,8,10,94,9,86,62,Billing Issue,Browser Compatibility,Agent-Resolved,No,Yes,No,No,,,,,,,,,,,,,Neutral,0.48,MEM-00134,3-5 years,Savings,No,No,Yes,,No,No,No,REC-0134,HASH-0134
INT-0135,09-04-2022,Saturday,14,April,2022,15,Colombia,AMER,Colombia Hub,INBOUND_VOICE_TIER1,Email,Premium,Support,Tier 2,Healthcare,AG-0135,Maria Jones,464,490,473,17,44,295,139535,52.79,26,19,20,86,20,84,86,Account Issue,Connectivity,Agent-Resolved,No,Yes,No,No,,,,,,,,,,,,,Positive,0.85,MEM-00135,5+ years,Savings,No,No,Yes,10,Yes,No,No,REC-0135,HASH-0135
INT-0136,06-06-2022,Monday,23,June,2022,17,Slovakia,EMEA,Slovakia Hub,AMER_EMAIL_SUPPORT_T3,Email,Enterprise,Inbound,Tier 3,E-commerce,AG-0136,Hassan Petrova,53,31,30,1,47,290,8700,18.23,16,18,19,81,16,76,92,Retention Call,Password Reset,Escalated,Yes,No,No,Yes,06-06-2022,QA-009,Emma Thompson,88,81,97,86,90,88,Pass,,Appropriate escalation criteria applied,Positive,0.83,MEM-00136,4-5 years,Checking,Yes,Yes,Yes,7,Yes,No,Yes,REC-0136,HASH-0136
INT-0137,18-11-2022,Friday,46,November,2022,3,Slovakia,EMEA,Slovakia Hub,CUSTOMER_SUPPORT_CHAT_T1,Voice,Enterprise,Tech Support,Tier 1,Telecom,AG-0137,Grace Ahmed,59,43,37,6,46,714,26418,75.65,40,6,8,72,7,79,60,Sales Call,Password Reset,Agent-Resolved,Yes,Yes,No,No,,,,,,,,,,,,,Positive,0.8,MEM-00137,2-3 years,Investment,Yes,Yes,No,7,Yes,No,No,REC-0137,HASH-0137
INT-0138,09-07-2022,Saturday,27,July,2022,15,Morocco,EMEA,Morocco Hub,EMEA_CHAT_SUPPORT_T1,Voice,Premium,Outbound,Tier 2,E-commerce,AG-0138,Lee Thi Linh,189,161,137,24,31,864,118368,53.46,39,2,3,85,3,81,86,Technical Issue,Fund Options,Agent-Resolved,No,Yes,No,No,,,,,,,,,,,,,Positive,0.86,MEM-00138,6+ years,Business,No,Yes,Yes,5,Yes,No,No,REC-0138,HASH-0138
INT-0139,28-10-2021,Thursday,43,October,2021,16,Poland,EMEA,Poland Hub,EMEA_CHAT_SUPPORT_T1,Email,Consumer,Customer Support,Tier 2,Banking,AG-0139,Kenji Anderson,402,355,350,5,19,334,116900,61.72,37,2,1,95,1,78,66,Complaint,Rate Inquiry,Agent-Resolved,No,Yes,No,No,,,,,,,,,,,,,Neutral,0.49,MEM-00139,1-2 years,Retail,Yes,Yes,Yes,10,Yes,No,Yes,REC-0139,HASH-0139
INT-0140,07-08-2022,Sunday,31,August,2022,10,Hong Kong,APAC,Hong Kong Hub,RETENTION_VOICE_T2,Email,Premium,Inbound,Tier 2,Healthcare,AG-0140,Kenji Thomas,439,403,342,61,43,130,44460,59.6,20,20,19,91,17,71,87,Loan Inquiry,Product Defect,Agent-Resolved,No,Yes,No,Yes,07-08-2022,QA-022,Emma Thompson,84,79,89,95,88,85,Pass,,Handled quality concern professionally,Positive,0.86,MEM-00140,2-3 years,Healthcare,No,Yes,Yes,10,Yes,No,No,REC-0140,HASH-0140
INT-0141,21-03-2021,Sunday,11,March,2021,1,Czech Republic,EMEA,Czech Republic Hub,TECH_SUPPORT_EMAIL_T3,Email,Enterprise,Tech Support,Tier 3,Banking,AG-0141,Robert Laurent,64,57,55,2,43,812,44660,80.74,25,14,14,76,13,94,94,Account Opening,Preference Update,Bot-Resolved,No,No,Yes,No,,,,,,,,,,,,,Negative,0.36,MEM-00141,1-2 years,Savings,No,Yes,Yes,6,Yes,No,No,REC-0141,HASH-0141
INT-0142,18-07-2021,Sunday,28,July,2021,2,South Africa,EMEA,South Africa Hub,AMER_EMAIL_SUPPORT_T3,Email,Premium,Customer Support,Tier 2,Telecom,AG-0142,Hassan Thi Linh,315,317,280,37,18,181,50680,49.58,33,17,18,83,17,77,72,Complaint,Delivery Delay,Bot-Resolved,No,Yes,Yes,No,,,,,,,,,,,,,Positive,0.95,MEM-00142,5+ years,Insurance,No,Yes,Yes,,No,No,No,REC-0142,HASH-0142
INT-0143,05-08-2022,Friday,31,August,2022,12,Pakistan,APAC,Pakistan Hub,APAC_CORE_EMAIL_TIER2,Voice,Premium,Customer Support,Tier 2,Retail,AG-0143,Hassan Taylor,102,115,102,13,46,489,49878,119.64,38,15,17,91,17,73,75,Retention Call,Service Quality,Agent-Resolved,No,Yes,No,No,,,,,,,,,,,,,Negative,0.21,MEM-00143,4-5 years,Healthcare,Yes,No,Yes,,No,No,No,REC-0143,HASH-0143
INT-0144,02-05-2022,Monday,18,May,2022,21,Mexico,AMER,Mexico Hub,AMER_CORE_EMAIL_TIER2,Chat,Enterprise,Inbound,Tier 3,Banking,AG-0144,Mary Hassan,280,290,256,34,2,473,121088,81.68,15,5,6,83,3,81,80,Order Issue,Promotion Details,Escalated,Yes,No,No,Yes,02-05-2022,QA-009,Michael Chen,84,94,79,92,90,76,Pass,,Good greeting protocol observed,Neutral,0.49,MEM-00144,4-5 years,Insurance,No,Yes,Yes,5,Yes,No,Yes,REC-0144,HASH-0144
INT-0145,29-12-2022,Thursday,52,December,2022,19,Slovakia,EMEA,Slovakia Hub,APAC_CORE_EMAIL_TIER2,Chat,Enterprise,Support,Tier 2,Banking,AG-0145,James Taylor,149,153,146,7,37,775,113150,42.05,37,14,15,75,12,89,69,New Product,Promotion Details,Agent-Resolved,No,Yes,No,Yes,29-12-2022,QA-047,Thabo Mthembu,98,85,94,98,87,88,Pass,,Professional dispute resolution approach,Neutral,0.45,MEM-00145,3-5 years,Checking,No,Yes,Yes,5,Yes,Yes,Yes,REC-0145,HASH-0145
INT-0146,27-07-2022,Wednesday,30,July,2022,18,Bulgaria,EMEA,Bulgaria Hub,EMEA_CHAT_SUPPORT_T1,Email,Consumer,Retention,Tier 3,Telecom,AG-0146,James Hyun-soo,257,252,240,12,8,764,183360,46.8,37,1,3,88,1,85,89,Sales Call,Balance Inquiry,Agent-Resolved,Yes,Yes,No,No,,,,,,,,,,,,,Neutral,0.59,MEM-00146,2-3 years,Insurance,No,No,Yes,7,Yes,No,No,REC-0146,HASH-0146
INT-0147,11-10-2021,Monday,41,October,2021,12,Japan,APAC,Japan Hub,CUSTOMER_SUPPORT_CHAT_T1,Email,Consumer,Support,Tier 1,Banking,AG-0147,Jessica Anderson,77,100,98,2,21,688,67424,79.08,25,10,9,95,9,90,94,Loan Inquiry,Statement Inquiry,Agent-Resolved,No,Yes,No,No,,,,,,,,,,,,,Positive,0.84,MEM-00147,5+ years,Checking,No,Yes,Yes,,No,No,No,REC-0147,HASH-0147
INT-0148,06-08-2021,Friday,31,August,2021,7,Greece,EMEA,Greece Hub,APAC_EMAIL_SUPPORT_T3,Chat,Consumer,Inbound,Tier 2,Healthcare,AG-0148,Kenji Laurent,439,459,397,62,36,815,323555,18.82,33,10,12,72,11,83,81,Complaint,Service Renewal,Agent-Resolved,No,Yes,No,No,,,,,,,,,,,,,Positive,0.83,MEM-00148,3-5 years,Enterprise,No,Yes,No,8,Yes,No,No,REC-0148,HASH-0148
INT-0149,08-09-2021,Wednesday,36,September,2021,8,Turkey,EMEA,Turkey Hub,TECH_SUPPORT_EMAIL_T3,Email,Consumer,Customer Support,Tier 1,Healthcare,AG-0149,Rashid Hyun-soo,294,287,263,24,43,196,51548,65.93,37,10,10,90,7,80,80,Technical Issue,Insurance Product,Bot-Resolved,No,No,Yes,No,,,,,,,,,,,,,Neutral,0.46,MEM-00149,2-3 years,Savings,No,Yes,Yes,5,Yes,No,Yes,REC-0149,HASH-0149
INT-0150,29-03-2022,Tuesday,13,March,2022,20,Pakistan,APAC,Pakistan Hub,APAC_EMAIL_SUPPORT_T3,Voice,Consumer,Retention,Tier 2,E-commerce,AG-0150,Choe Thomas,159,163,143,20,1,825,117975,111.69,26,11,12,90,11,93,60,Product Query,Shipping Inquiry,Escalated,Yes,No,No,Yes,29-03-2022,QA-045,Emma Thompson,82,80,84,96,96,82,Fail,Quality Standards Not Met,Proper escalation procedure followed,Positive,0.84,MEM-00150,4-5 years,Insurance,No,Yes,Yes,9,Yes,Yes,Yes,REC-0150,HASH-0150
INT-0151,09-07-2022,Saturday,27,July,2022,6,Hong Kong,APAC,Hong Kong Hub,EMEA_CHAT_SUPPORT_T1,Voice,Premium,Tech Support,Tier 1,E-commerce,AG-0151,Mary Wilson,498,535,463,72,48,516,238908,85.14,31,20,18,67,18,70,80,Order Issue,Tracking Update,Agent-Resolved,No,Yes,No,No,,,,,,,,,,,,,Positive,0.77,MEM-00151,3-5 years,Checking,No,No,Yes,10,Yes,No,No,REC-0151,HASH-0151
INT-0152,15-10-2022,Saturday,41,October,2022,14,Canada,AMER,Canada Hub,APAC_CORE_EMAIL_TIER2,Voice,Enterprise,Customer Support,Tier 1,Healthcare,AG-0152,Choe Thi Linh,474,520,416,104,18,339,141024,103.24,31,9,8,73,5,77,68,Service Issue,Win-Back Offer,Agent-Resolved,Yes,Yes,No,Yes,15-10-2022,QA-011,QA-Team,77,91,83,98,90,86,Pass,,Confirmed delivery details accurately,Negative,0.37,MEM-00152,6+ years,Mortgage,Yes,No,Yes,10,Yes,No,No,REC-0152,HASH-0152
INT-0153,27-03-2021,Saturday,12,March,2021,2,Thailand,APAC,Thailand Hub,APAC_RETAIL_VOICE_T2,Voice,Enterprise,Customer Support,Tier 3,Banking,AG-0153,Lee Nurhaliza,160,210,181,29,12,525,95025,90.69,29,18,17,95,17,84,69,Order Issue,Cancellation Attempt,Escalated,Yes,No,No,Yes,27-03-2021,QA-012,Priya Saksit,83,90,89,94,89,77,Pass,,Excellent customer service delivery,Neutral,0.42,MEM-00153,5+ years,Enterprise,No,Yes,Yes,5,Yes,No,No,REC-0153,HASH-0153
INT-0154,22-04-2022,Friday,16,April,2022,21,Sweden,EMEA,Sweden Hub,APAC_RETAIL_VOICE_T2,Chat,Premium,Inbound,Tier 3,Retail,AG-0154,Emma White,318,326,285,41,13,449,127965,87.63,37,9,9,78,7,83,80,Technical Issue,Service Quality,Bot-Resolved,No,No,Yes,Yes,22-04-2022,QA-023,Emma Thompson,93,79,77,77,79,97,Pass,,Clear technical explanation provided,Neutral,0.56,MEM-00154,6+ months,Savings,Yes,Yes,No,5,Yes,No,No,REC-0154,HASH-0154
INT-0155,09-03-2021,Tuesday,10,March,2021,11,Argentina,AMER,Argentina Hub,AMER_RETAIL_VOICE_T2,Chat,Enterprise,Outbound,Tier 1,Telecom,AG-0155,Emma Hyun-soo,61,14,12,2,5,881,10572,2.58,31,18,19,89,17,91,91,Retention Call,Win-Back Offer,Escalated,Yes,No,No,Yes,09-03-2021,QA-037,Park Sun-hee,80,93,87,78,94,91,Pass,,Appropriate escalation criteria applied,Positive,0.94,MEM-00155,6+ years,Enterprise,No,Yes,Yes,6,Yes,No,No,REC-0155,HASH-0155
INT-0156,06-04-2022,Wednesday,14,April,2022,19,Morocco,EMEA,Morocco Hub,AMER_RETAIL_VOICE_T2,Email,Premium,Outbound,Tier 1,E-commerce,AG-0156,Kim Thomas,429,445,428,17,36,667,285476,64.25,30,15,15,90,12,88,93,Loan Inquiry,Billing Query,Escalated,Yes,No,No,Yes,06-04-2022,QA-037,Priya Saksit,88,76,98,96,88,78,Pass,,Appropriate escalation criteria applied,Positive,0.94,MEM-00156,3-5 years,Healthcare,No,Yes,No,,No,No,Yes,REC-0156,HASH-0156
INT-0157,21-10-2021,Thursday,42,October,2021,11,Slovakia,EMEA,Slovakia Hub,CUSTOMER_SUPPORT_CHAT_T1,Chat,Consumer,Outbound,Tier 3,E-commerce,AG-0157,Tran Garcia,164,132,129,3,1,621,80109,28.35,22,14,13,82,12,83,90,Sales Call,Information Request,Bot-Resolved,Yes,Yes,Yes,Yes,21-10-2021,QA-008,QA-Team,80,86,85,89,88,98,Pass,,Addressed customer concerns appropriately,Negative,0.2,MEM-00157,4-5 years,Investment,No,Yes,Yes,5,Yes,No,No,REC-0157,HASH-0157
INT-0158,28-06-2021,Monday,26,June,2021,12,Morocco,EMEA,Morocco Hub,AMER_RETAIL_VOICE_T2,Voice,Enterprise,Tech Support,Tier 3,Retail,AG-0158,Siti Hassan,65,61,57,4,42,266,15162,75.63,33,1,2,71,2,77,69,Account Issue,Software Update,Agent-Resolved,No,Yes,No,Yes,28-06-2021,QA-026,Michael Chen,86,86,78,78,90,93,Fail,Quality Standards Not Met,Professional troubleshooting approach,Positive,0.88,MEM-00158,1-2 years,Insurance,No,Yes,Yes,10,Yes,No,No,REC-0158,HASH-0158
INT-0159,11-07-2021,Sunday,27,July,2021,4,Slovakia,EMEA,Slovakia Hub,TECH_SUPPORT_EMAIL_T3,Chat,Premium,Customer Support,Tier 2,Banking,AG-0159,Michael Wilson,58,97,84,13,15,322,27048,70.77,21,11,10,72,9,84,69,Loan Inquiry,Charge Dispute,Escalated,Yes,No,No,No,,,,,,,,,,,,,Positive,0.97,MEM-00159,6+ months,Mortgage,Yes,No,Yes,6,Yes,No,No,REC-0159,HASH-0159
INT-0160,26-10-2021,Tuesday,43,October,2021,0,Finland,EMEA,Finland Hub,APAC_EMAIL_SUPPORT_T3,Email,Enterprise,Customer Support,Tier 3,Healthcare,AG-0160,Carlos Laurent,443,437,373,64,17,877,327121,81.18,17,4,4,77,3,70,78,Billing Issue,Statement Inquiry,Escalated,Yes,No,No,No,,,,,,,,,,,,,Negative,0.15,MEM-00160,6+ years,Mortgage,No,Yes,Yes,6,Yes,No,No,REC-0160,HASH-0160
INT-0161,27-12-2022,Tuesday,52,December,2022,4,New Zealand,APAC,New Zealand Hub,EMEA_CORE_EMAIL_T2,Voice,Consumer,Retention,Tier 3,E-commerce,AG-0161,Anna Ahmed,307,335,272,63,18,422,114784,117.35,23,11,13,67,12,70,75,Account Opening,Return Request,Bot-Resolved,No,No,Yes,No,,,,,,,,,,,,,Positive,0.76,MEM-00161,3-5 years,Credit Card,Yes,Yes,No,8,Yes,No,No,REC-0161,HASH-0161
INT-0162,18-03-2022,Friday,11,March,2022,13,Bangladesh,APAC,Bangladesh Hub,AMER_RETAIL_VOICE_T2,Email,Enterprise,Support,Tier 2,Healthcare,AG-0162,Michael Jones,71,80,67,13,7,463,31021,11.04,27,15,13,91,13,88,72,Billing Issue,Service Quality,Escalated,Yes,No,No,Yes,18-03-2022,QA-008,QA-Team,93,76,88,81,88,98,Pass,,Proper documentation procedures followed,Negative,0.11,MEM-00162,6+ years,Insurance,No,Yes,Yes,,No,No,No,REC-0162,HASH-0162
INT-0163,29-03-2022,Tuesday,13,March,2022,8,France,EMEA,France Hub,APAC_EMAIL_SUPPORT_T3,Voice,Consumer,Outbound,Tier 2,Healthcare,AG-0163,Robert Jackson,371,390,324,66,39,263,85212,89.62,31,5,3,60,3,87,93,Account Issue,Connectivity,Escalated,Yes,No,No,No,,,,,,,,,,,,,Neutral,0.56,MEM-00163,5+ years,Savings,Yes,Yes,Yes,10,Yes,No,No,REC-0163,HASH-0163
INT-0164,13-01-2022,Thursday,2,January,2022,19,Germany,EMEA,Germany Hub,APAC_EMAIL_SUPPORT_T3,Email,Premium,Retention,Tier 1,Healthcare,AG-0164,Carlos Chen,364,321,264,57,29,184,48576,24.41,16,8,10,75,7,87,83,Complaint,Password Reset,Escalated,Yes,No,No,Yes,13-01-2022,QA-044,Priya Saksit,80,76,77,90,84,94,Fail,Quality Standards Not Met,Excellent customer service delivery,Positive,0.85,MEM-00164,2-3 years,Checking,Yes,Yes,Yes,,No,No,No,REC-0164,HASH-0164
INT-0165,12-04-2022,Tuesday,15,April,2022,11,Sweden,EMEA,Sweden Hub,RETENTION_VOICE_T2,Email,Enterprise,Retention,Tier 3,Telecom,AG-0165,Siti Brown,442,418,395,23,24,811,320345,115.91,17,15,16,73,13,73,86,Billing Issue,Preference Update,Escalated,Yes,No,No,No,,,,,,,,,,,,,Negative,0.39,MEM-00165,4-5 years,Mortgage,No,Yes,Yes,10,Yes,No,No,REC-0165,HASH-0165
INT-0166,23-03-2022,Wednesday,12,March,2022,16,Luxembourg,EMEA,Luxembourg Hub,CUSTOMER_SUPPORT_CHAT_T1,Voice,Consumer,Customer Support,Tier 3,Healthcare,AG-0166,Daniel Thanapong,71,104,86,18,14,405,34830,94.34,29,7,9,80,8,71,63,Account Inquiry,Balance Check,Escalated,Yes,No,No,No,,,,,,,,,,,,,Positive,0.77,MEM-00166,5+ years,Insurance,No,Yes,Yes,6,Yes,No,No,REC-0166,HASH-0166
INT-0167,26-01-2021,Tuesday,4,January,2021,13,Portugal,EMEA,Portugal Hub,EMEA_CHAT_SUPPORT_T1,Chat,Enterprise,Inbound,Tier 2,E-commerce,AG-0167,Choe Santoso,137,87,84,3,14,245,20580,63.17,25,5,7,89,4,78,64,Retention Call,Upgrade Offer,Agent-Resolved,No,Yes,No,No,,,,,,,,,,,,,Negative,0.17,MEM-00167,3-5 years,Checking,No,Yes,Yes,7,Yes,No,Yes,REC-0167,HASH-0167
INT-0168,05-04-2022,Tuesday,14,April,2022,8,Brazil,AMER,Brazil Hub,CUSTOMER_SUPPORT_CHAT_T1,Email,Consumer,Outbound,Tier 3,E-commerce,AG-0168,Grace Wilson,461,466,387,79,29,507,196209,68.66,17,13,13,74,11,71,61,Order Issue,Billing Discrepancy,Agent-Resolved,No,Yes,No,No,,,,,,,,,,,,,Neutral,0.47,MEM-00168,3-5 years,Mortgage,No,Yes,Yes,10,Yes,No,No,REC-0168,HASH-0168
INT-0169,30-03-2022,Wednesday,13,March,2022,6,Germany,EMEA,Germany Hub,EMEA_CORE_EMAIL_T2,Email,Enterprise,Tech Support,Tier 1,Telecom,AG-0169,Chen Hassan,100,59,57,2,48,172,9804,37.54,20,1,3,73,1,79,71,Loan Inquiry,Password Reset,Bot-Resolved,No,No,Yes,No,,,,,,,,,,,,,Positive,0.8,MEM-00169,6+ months,Savings,No,Yes,Yes,7,Yes,Yes,Yes,REC-0169,HASH-0169
INT-0170,17-11-2021,Wednesday,46,November,2021,21,Ukraine,EMEA,Ukraine Hub,AMER_RETAIL_VOICE_T2,Email,Consumer,Customer Support,Tier 3,Banking,AG-0170,James Hyun-soo,279,290,273,17,5,678,185094,115.09,31,13,15,89,15,86,89,Investment Inquiry,Network Quality,Agent-Resolved,Yes,Yes,No,Yes,17-11-2021,QA-042,Emma Thompson,84,95,80,81,87,85,Pass,,Agent provided comprehensive information,Positive,0.82,MEM-00170,6+ years,Mortgage,Yes,Yes,Yes,6,Yes,No,Yes,REC-0170,HASH-0170
INT-0171,21-12-2021,Tuesday,51,December,2021,7,Luxembourg,EMEA,Luxembourg Hub,CUSTOMER_SUPPORT_CHAT_T1,Chat,Consumer,Outbound,Tier 3,Telecom,AG-0171,Rachel Anderson,341,378,327,51,41,480,156960,75.93,23,9,10,91,8,71,70,New Product,Language Support,Escalated,Yes,No,No,No,,,,,,,,,,,,,Positive,0.99,MEM-00171,1-2 years,Investment,No,Yes,Yes,,No,No,Yes,REC-0171,HASH-0171
INT-0172,10-07-2022,Sunday,27,July,2022,11,Hong Kong,APAC,Hong Kong Hub,CUSTOMER_SUPPORT_CHAT_T1,Email,Enterprise,Outbound,Tier 1,Healthcare,AG-0172,Sophie Davis,422,423,395,28,45,772,304940,15.14,34,1,1,69,1,84,79,Account Opening,Pricing Concern,Bot-Resolved,No,Yes,Yes,No,,,,,,,,,,,,,Neutral,0.54,MEM-00172,1-2 years,Business,No,Yes,No,5,Yes,No,No,REC-0172,HASH-0172
INT-0173,20-08-2022,Saturday,33,August,2022,21,Indonesia,APAC,Indonesia Hub,APAC_EMAIL_SUPPORT_T3,Chat,Consumer,Inbound,Tier 2,Banking,AG-0173,Emma Anderson,324,277,262,15,47,672,176064,119.77,23,19,20,75,20,70,63,Technical Issue,Tracking Update,Escalated,Yes,No,No,No,,,,,,,,,,,,,Positive,0.82,MEM-00173,3-5 years,Credit Card,Yes,No,No,5,Yes,No,No,REC-0173,HASH-0173
INT-0174,17-12-2021,Friday,50,December,2021,10,Argentina,AMER,Argentina Hub,AMER_EMAIL_SUPPORT_T3,Chat,Premium,Tech Support,Tier 1,Healthcare,AG-0174,Rachel Martin,123,89,74,15,32,738,54612,74.21,21,6,4,75,4,92,62,Product Query,System Access,Bot-Resolved,No,Yes,Yes,No,,,,,,,,,,,,,Neutral,0.55,MEM-00174,5+ years,Investment,No,Yes,No,9,Yes,No,Yes,REC-0174,HASH-0174
INT-0175,08-01-2021,Friday,1,January,2021,23,Morocco,EMEA,Morocco Hub,OUTBOUND_SALES_T2,Chat,Consumer,Retention,Tier 3,Banking,AG-0175,Naledi Jones,200,240,220,20,5,227,49940,109.64,28,16,18,74,16,89,94,Billing Issue,Delivery Confirmation,Bot-Resolved,No,Yes,Yes,Yes,08-01-2021,QA-020,Emma Thompson,75,82,98,94,88,79,Fail,Quality Standards Not Met,Agent provided comprehensive information,Positive,0.83,MEM-00175,4-5 years,Investment,No,No,Yes,,No,No,No,REC-0175,HASH-0175
INT-0176,04-12-2022,Sunday,48,December,2022,23,Sweden,EMEA,Sweden Hub,AMER_EMAIL_SUPPORT_T3,Email,Consumer,Inbound,Tier 1,Healthcare,AG-0176,Chen Garcia,142,103,87,16,29,651,56637,105.68,19,10,10,88,8,87,73,Sales Call,Statement Request,Agent-Resolved,No,Yes,No,Yes,04-12-2022,QA-035,Samuel Kipchoge,95,77,75,80,95,85,Fail,Quality Standards Not Met,Professional dispute resolution approach,Positive,0.76,MEM-00176,4-5 years,Enterprise,No,No,Yes,,No,No,Yes,REC-0176,HASH-0176
INT-0177,23-04-2022,Saturday,16,April,2022,0,Turkey,EMEA,Turkey Hub,INBOUND_VOICE_TIER1,Chat,Premium,Inbound,Tier 1,Telecom,AG-0177,James Dupont,284,272,227,45,1,872,197944,4.96,18,16,14,93,12,71,66,Account Opening,Statement Inquiry,Bot-Resolved,Yes,No,Yes,No,,,,,,,,,,,,,Positive,0.88,MEM-00177,6+ months,Checking,Yes,Yes,Yes,8,Yes,No,No,REC-0177,HASH-0177
INT-0178,18-09-2022,Sunday,37,September,2022,6,Brazil,AMER,Brazil Hub,APAC_RETAIL_VOICE_T2,Voice,Enterprise,Tech Support,Tier 2,Banking,AG-0178,Anna Rodriguez,351,347,280,67,50,771,215880,110.65,16,20,20,89,19,91,75,New Product,Return Request,Escalated,Yes,No,No,Yes,18-09-2022,QA-013,Emma Thompson,77,84,75,92,76,88,Pass,,Agent provided comprehensive information,Positive,0.81,MEM-00178,6+ months,Credit Card,Yes,Yes,Yes,10,Yes,No,No,REC-0178,HASH-0178
INT-0179,16-04-2021,Friday,15,April,2021,12,Mexico,AMER,Mexico Hub,AMER_EMAIL_SUPPORT_T3,Voice,Enterprise,Support,Tier 2,E-commerce,AG-0179,Mary Hyun-soo,333,313,290,23,8,403,116870,68.68,17,5,3,79,3,72,80,New Product,Refund Request,Bot-Resolved,No,Yes,Yes,Yes,16-04-2021,QA-010,Ivan Marinov,78,95,86,85,94,84,Fail,Quality Standards Not Met,Clear explanation of enrollment process,Positive,0.96,MEM-00179,4-5 years,Savings,No,Yes,Yes,10,Yes,No,No,REC-0179,HASH-0179
INT-0180,14-08-2021,Saturday,32,August,2021,20,Argentina,AMER,Argentina Hub,AMER_CORE_EMAIL_TIER2,Chat,Consumer,Support,Tier 3,Banking,AG-0180,Carlos Thomas,376,376,313,63,36,533,166829,0.45,16,11,13,85,12,86,66,Account Opening,Promotion Details,Agent-Resolved,No,Yes,No,No,,,,,,,,,,,,,Positive,0.81,MEM-00180,4-5 years,Credit Card,No,Yes,Yes,10,Yes,No,Yes,REC-0180,HASH-0180
INT-0181,16-08-2022,Tuesday,33,August,2022,23,Sweden,EMEA,Sweden Hub,APAC_RETAIL_VOICE_T2,Email,Premium,Inbound,Tier 1,Banking,AG-0181,Daniel Martin,424,449,429,20,45,135,57915,36.34,36,20,21,93,20,95,76,Account Opening,Password Reset,Agent-Resolved,No,Yes,No,Yes,16-08-2022,QA-005,Priya Saksit,92,82,86,86,75,96,Pass,,Professional troubleshooting approach,Positive,0.78,MEM-00181,2-3 years,Savings,Yes,Yes,Yes,9,Yes,No,No,REC-0181,HASH-0181
INT-0182,20-04-2022,Wednesday,16,April,2022,4,Ukraine,EMEA,Ukraine Hub,EMEA_CORE_EMAIL_T2,Chat,Enterprise,Retention,Tier 1,Banking,AG-0182,Thomas Ahmed,348,355,297,58,27,533,158301,110.92,15,6,5,83,4,80,78,Account Opening,Billing Query,Escalated,Yes,No,No,No,,,,,,,,,,,,,Neutral,0.51,MEM-00182,2-3 years,Checking,No,Yes,No,,No,Yes,Yes,REC-0182,HASH-0182
INT-0183,14-03-2022,Monday,11,March,2022,14,Israel,EMEA,Israel Hub,AMER_CORE_EMAIL_TIER2,Voice,Consumer,Customer Support,Tier 2,Healthcare,AG-0183,Rashid Johnson,68,101,93,8,31,161,14973,76.25,25,15,15,62,12,83,82,Loan Inquiry,Rate Inquiry,Agent-Resolved,Yes,Yes,No,No,,,,,,,,,,,,,Negative,0.24,MEM-00183,2-3 years,Retail,No,No,Yes,8,Yes,No,No,REC-0183,HASH-0183
INT-0184,23-12-2022,Friday,51,December,2022,1,Bangladesh,APAC,Bangladesh Hub,OUTBOUND_SALES_T2,Chat,Consumer,Support,Tier 3,E-commerce,AG-0184,Hassan Martin,431,481,462,19,39,435,200970,64.02,25,1,1,63,1,95,71,Service Issue,Win-Back Offer,Escalated,Yes,No,No,No,,,,,,,,,,,,,Positive,0.98,MEM-00184,4-5 years,Checking,No,Yes,Yes,7,Yes,Yes,Yes,REC-0184,HASH-0184
INT-0185,27-11-2022,Sunday,47,November,2022,15,New Zealand,APAC,New Zealand Hub,AMER_RETAIL_VOICE_T2,Email,Premium,Customer Support,Tier 2,Retail,AG-0185,Bat-Erdene Thanapong,341,385,343,42,2,344,117992,111.28,19,18,19,60,19,79,77,Account Inquiry,Network Quality,Bot-Resolved,No,Yes,Yes,Yes,27-11-2022,QA-004,Priya Saksit,80,86,97,80,93,90,Pass,,Proper escalation procedure followed,Neutral,0.49,MEM-00185,5+ years,Savings,No,Yes,Yes,8,Yes,No,No,REC-0185,HASH-0185
INT-0186,03-09-2021,Friday,35,September,2021,5,China,APAC,China Hub,AMER_EMAIL_SUPPORT_T3,Chat,Enterprise,Support,Tier 1,Retail,AG-0186,Sophie Chen,310,300,289,11,36,387,111843,23.47,20,4,2,74,1,90,67,Investment Inquiry,Return Request,Bot-Resolved,No,No,Yes,No,,,,,,,,,,,,,Positive,0.83,MEM-00186,6+ months,Healthcare,No,No,Yes,9,Yes,No,No,REC-0186,HASH-0186
INT-0187,01-01-2023,Sunday,52,January,2023,9,Ukraine,EMEA,Ukraine Hub,EMEA_CORE_EMAIL_T2,Voice,Enterprise,Retention,Tier 1,Telecom,AG-0187,Thomas Nurhaliza,416,419,355,64,45,679,241045,108.77,39,1,2,82,1,95,74,Loan Inquiry,Network Quality,Bot-Resolved,Yes,No,Yes,No,,,,,,,,,,,,,Neutral,0.45,MEM-00187,4-5 years,Retail,No,Yes,Yes,9,Yes,No,No,REC-0187,HASH-0187
INT-0188,05-03-2021,Friday,9,March,2021,4,Israel,EMEA,Israel Hub,INBOUND_VOICE_TIER1,Voice,Premium,Retention,Tier 1,E-commerce,AG-0188,John Nyambura,60,60,52,8,50,869,45188,20.74,38,1,1,60,1,78,70,Technical Issue,Statement Inquiry,Agent-Resolved,Yes,Yes,No,Yes,05-03-2021,QA-029,Thabo Mthembu,99,84,76,83,99,82,Fail,Quality Standards Not Met,Proper escalation procedure followed,Positive,0.82,MEM-00188,6+ years,Savings,No,Yes,Yes,9,Yes,No,No,REC-0188,HASH-0188
INT-0189,09-02-2021,Tuesday,6,February,2021,3,France,EMEA,France Hub,CUSTOMER_SUPPORT_CHAT_T1,Email,Consumer,Retention,Tier 2,Healthcare,AG-0189,John Wei,441,459,413,46,16,398,164374,84.2,27,18,16,72,13,77,89,Product Query,Enrollment Question,Escalated,Yes,No,No,No,,,,,,,,,,,,,Neutral,0.57,MEM-00189,5+ years,Enterprise,No,Yes,Yes,7,Yes,No,Yes,REC-0189,HASH-0189
INT-0190,20-01-2021,Wednesday,3,January,2021,21,Mexico,AMER,Mexico Hub,TECH_SUPPORT_EMAIL_T3,Chat,Enterprise,Retention,Tier 2,E-commerce,AG-0190,Naledi Johnson,230,254,205,49,42,775,158875,86.47,16,14,16,75,13,82,65,Billing Issue,New Account,Agent-Resolved,No,Yes,No,No,,,,,,,,,,,,,Positive,0.77,MEM-00190,4-5 years,Investment,No,Yes,Yes,,No,No,No,REC-0190,HASH-0190
INT-0191,25-09-2022,Sunday,38,September,2022,10,Spain,EMEA,Spain Hub,OUTBOUND_SALES_T2,Voice,Consumer,Inbound,Tier 2,Banking,AG-0191,Sarah Taylor,395,414,404,10,47,872,352288,116.97,39,20,18,63,18,94,61,Order Issue,Preference Update,Agent-Resolved,Yes,Yes,No,Yes,25-09-2022,QA-038,Samuel Kipchoge,91,91,89,87,95,81,Pass,,Professional dispute resolution approach,Positive,0.86,MEM-00191,2-3 years,Business,Yes,Yes,Yes,8,Yes,No,No,REC-0191,HASH-0191
INT-0192,03-11-2022,Thursday,44,November,2022,11,Portugal,EMEA,Portugal Hub,EMEA_CORE_EMAIL_T2,Voice,Premium,Customer Support,Tier 3,Banking,AG-0192,Kenji Jones,390,364,325,39,27,316,102700,117.81,36,9,9,77,6,80,79,Order Issue,Package Upgrade,Agent-Resolved,No,Yes,No,Yes,03-11-2022,QA-035,Michael Chen,76,95,75,88,97,91,Pass,,Professional troubleshooting approach,Positive,0.87,MEM-00192,6+ years,Business,No,Yes,Yes,9,Yes,No,Yes,REC-0192,HASH-0192
INT-0193,21-08-2022,Sunday,33,August,2022,23,Luxembourg,EMEA,Luxembourg Hub,APAC_RETAIL_VOICE_T2,Voice,Premium,Outbound,Tier 2,E-commerce,AG-0193,Jennifer Rodriguez,162,137,131,6,39,521,68251,90.19,19,16,18,90,15,82,80,Order Issue,Browser Compatibility,Bot-Resolved,No,No,Yes,No,,,,,,,,,,,,,Positive,0.85,MEM-00193,6+ years,Credit Card,No,Yes,Yes,6,Yes,No,No,REC-0193,HASH-0193
INT-0194,24-02-2022,Thursday,8,February,2022,13,Israel,EMEA,Israel Hub,APAC_RETAIL_VOICE_T2,Email,Enterprise,Support,Tier 3,E-commerce,AG-0194,Ahmad Thi Linh,207,191,184,7,48,403,74152,84.99,24,8,10,73,8,75,71,Product Query,Software Update,Agent-Resolved,No,Yes,No,No,,,,,,,,,,,,,Negative,0.18,MEM-00194,2-3 years,Checking,No,Yes,Yes,9,Yes,No,Yes,REC-0194,HASH-0194
INT-0195,11-03-2022,Friday,10,March,2022,17,Luxembourg,EMEA,Luxembourg Hub,AMER_RETAIL_VOICE_T2,Chat,Enterprise,Retention,Tier 2,Healthcare,AG-0195,Williams Anderson,110,108,91,17,7,645,58695,41.23,23,15,15,62,13,77,74,Account Opening,Pricing Concern,Bot-Resolved,No,Yes,Yes,No,,,,,,,,,,,,,Negative,0.3,MEM-00195,1-2 years,Investment,No,Yes,Yes,8,Yes,No,No,REC-0195,HASH-0195
INT-0196,20-04-2021,Tuesday,16,April,2021,3,Luxembourg,EMEA,Luxembourg Hub,APAC_EMAIL_SUPPORT_T3,Voice,Premium,Retention,Tier 3,Telecom,AG-0196,David Nyambura,343,371,312,59,9,407,126984,13.96,39,14,14,89,13,92,89,Investment Inquiry,Plan Selection,Escalated,Yes,No,No,Yes,20-04-2021,QA-047,Samuel Kipchoge,95,90,80,81,92,97,Fail,Quality Standards Not Met,Good greeting protocol observed,Positive,0.98,MEM-00196,3-5 years,Business,No,No,Yes,8,Yes,Yes,Yes,REC-0196,HASH-0196
INT-0197,22-10-2022,Saturday,42,October,2022,13,Hong Kong,APAC,Hong Kong Hub,AMER_EMAIL_SUPPORT_T3,Voice,Premium,Support,Tier 2,Healthcare,AG-0197,Anna Wilson,178,203,174,29,7,190,33060,119.93,17,9,8,68,6,86,84,Account Issue,Balance Check,Agent-Resolved,No,Yes,No,No,,,,,,,,,,,,,Positive,0.87,MEM-00197,6+ months,Healthcare,No,No,Yes,9,Yes,No,No,REC-0197,HASH-0197
INT-0198,29-07-2021,Thursday,30,July,2021,7,Czech Republic,EMEA,Czech Republic Hub,CUSTOMER_SUPPORT_CHAT_T1,Email,Premium,Customer Support,Tier 3,Banking,AG-0198,Lisa Anderson,300,286,255,31,38,258,65790,64.92,20,9,10,95,10,95,93,Product Query,Software Bug,Bot-Resolved,No,Yes,Yes,Yes,29-07-2021,QA-040,Priya Saksit,84,92,89,83,79,78,Pass,,Confirmed delivery details accurately,Neutral,0.51,MEM-00198,2-3 years,Insurance,No,Yes,Yes,9,Yes,No,No,REC-0198,HASH-0198
INT-0199,02-08-2021,Monday,31,August,2021,7,Pakistan,APAC,Pakistan Hub,OUTBOUND_SALES_T2,Email,Consumer,Retention,Tier 3,Telecom,AG-0199,Grace Ahmed,60,41,34,7,33,659,22406,5.62,21,11,11,81,8,95,62,Account Inquiry,Service Quality,Escalated,Yes,No,No,No,,,,,,,,,,,,,Positive,0.97,MEM-00199,6+ months,Checking,No,Yes,No,7,Yes,No,No,REC-0199,HASH-0199
INT-0200,11-11-2021,Thursday,45,November,2021,14,New Zealand,APAC,New Zealand Hub,EMEA_CORE_EMAIL_T2,Chat,Consumer,Outbound,Tier 3,Retail,AG-0200,Rachel Martin,488,453,364,89,29,497,180908,47.9,18,20,18,85,18,83,66,Complaint,Tracking Update,Agent-Resolved,Yes,Yes,No,No,,,,,,,,,,,,,Positive,0.77,MEM-00200,2-3 years,Healthcare,No,Yes,Yes,6,Yes,No,No,REC-0200,HASH-0200
INT-0201,12-10-2021,Tuesday,41,October,2021,16,Mexico,AMER,Mexico Hub,AMER_CORE_EMAIL_TIER2,Chat,Consumer,Retention,Tier 1,E-commerce,AG-0201,Siti Rodriguez,384,356,341,15,41,598,203918,33.84,27,10,10,68,8,89,82,Account Inquiry,Software Bug,Bot-Resolved,No,Yes,Yes,No,,,,,,,,,,,,,Positive,0.82,MEM-00201,5+ years,Investment,No,No,No,6,Yes,No,No,REC-0201,HASH-0201
INT-0202,09-10-2022,Sunday,40,October,2022,18,Finland,EMEA,Finland Hub,CUSTOMER_SUPPORT_CHAT_T1,Chat,Premium,Inbound,Tier 2,Retail,AG-0202,Hassan Garcia,90,46,44,2,33,747,32868,58.61,32,17,19,72,18,81,80,Account Inquiry,Statement Request,Bot-Resolved,Yes,Yes,Yes,Yes,09-10-2022,QA-044,Samuel Kipchoge,89,86,83,88,95,91,Fail,Quality Standards Not Met,Agent provided comprehensive information,Positive,0.82,MEM-00202,6+ months,Business,No,Yes,Yes,9,Yes,No,No,REC-0202,HASH-0202
INT-0203,30-01-2022,Sunday,4,January,2022,2,Ukraine,EMEA,Ukraine Hub,APAC_RETAIL_VOICE_T2,Chat,Premium,Retention,Tier 2,E-commerce,AG-0203,Sophie Thompson,215,193,156,37,4,619,96564,92.46,40,6,5,68,3,79,90,Technical Issue,Contract Renewal,Agent-Resolved,No,Yes,No,Yes,30-01-2022,QA-014,Michael Chen,85,90,98,82,81,78,Fail,Quality Standards Not Met,Handled quality concern professionally,Neutral,0.54,MEM-00203,2-3 years,Healthcare,Yes,Yes,Yes,9,Yes,No,No,REC-0203,HASH-0203
INT-0204,29-04-2021,Thursday,17,April,2021,19,Indonesia,APAC,Indonesia Hub,AMER_EMAIL_SUPPORT_T3,Email,Premium,Retention,Tier 2,Banking,AG-0204,Rachel Laurent,430,395,379,16,44,526,199354,78.96,39,10,10,91,10,87,79,Account Opening,Cancellation Attempt,Escalated,Yes,No,No,Yes,29-04-2021,QA-017,Michael Chen,88,81,90,93,93,81,Fail,Quality Standards Not Met,Proper escalation procedure followed,Positive,0.95,MEM-00204,1-2 years,Savings,No,Yes,Yes,5,Yes,No,No,REC-0204,HASH-0204
INT-0205,03-09-2021,Friday,35,September,2021,5,Czech Republic,EMEA,Czech Republic Hub,APAC_CORE_EMAIL_TIER2,Email,Premium,Customer Support,Tier 1,Banking,AG-0205,Michael Jones,405,452,435,17,46,234,101790,93.63,16,10,10,65,8,81,78,Service Issue,App Crash,Escalated,Yes,No,No,Yes,03-09-2021,QA-045,Priya Saksit,89,90,85,90,79,91,Pass,,Agent provided comprehensive information,Positive,0.92,MEM-00205,6+ months,Credit Card,Yes,Yes,No,6,Yes,No,No,REC-0205,HASH-0205
INT-0206,06-12-2022,Tuesday,49,December,2022,5,Finland,EMEA,Finland Hub,AMER_RETAIL_VOICE_T2,Chat,Premium,Inbound,Tier 1,Healthcare,AG-0206,Williams Dupont,200,163,148,15,18,838,124024,71.01,25,5,6,72,4,73,67,Sales Call,Software Bug,Agent-Resolved,No,Yes,No,No,,,,,,,,,,,,,Neutral,0.49,MEM-00206,1-2 years,Retail,Yes,Yes,Yes,10,Yes,No,No,REC-0206,HASH-0206
INT-0207,04-04-2021,Sunday,13,April,2021,14,China,APAC,China Hub,OUTBOUND_SALES_T2,Email,Consumer,Retention,Tier 1,Retail,AG-0207,Rashid Laurent,355,330,291,39,35,813,236583,35.58,19,15,17,68,17,81,62,Retention Call,Network Outage,Escalated,Yes,No,No,No,,,,,,,,,,,,,Positive,0.8,MEM-00207,4-5 years,Investment,Yes,Yes,Yes,5,Yes,No,No,REC-0207,HASH-0207
INT-0208,02-05-2022,Monday,18,May,2022,8,Bulgaria,EMEA,Bulgaria Hub,INBOUND_VOICE_TIER1,Email,Enterprise,Tech Support,Tier 2,E-commerce,AG-0208,Thomas Hyun-soo,258,282,253,29,15,246,62238,24.04,22,18,17,71,15,82,64,Complaint,Fund Options,Agent-Resolved,No,Yes,No,Yes,02-05-2022,QA-014,Ivan Marinov,88,93,99,84,92,80,Pass,,Professional troubleshooting approach,Positive,0.96,MEM-00208,4-5 years,Checking,No,Yes,No,5,Yes,No,Yes,REC-0208,HASH-0208
INT-0209,17-08-2022,Wednesday,33,August,2022,17,Italy,EMEA,Italy Hub,TECH_SUPPORT_EMAIL_T3,Email,Enterprise,Customer Support,Tier 2,E-commerce,AG-0209,James Petrova,184,202,165,37,48,346,57090,65.94,38,18,16,68,14,71,84,Loan Inquiry,Shipping Inquiry,Agent-Resolved,No,Yes,No,No,,,,,,,,,,,,,Neutral,0.43,MEM-00209,5+ years,Investment,No,Yes,Yes,10,Yes,No,No,REC-0209,HASH-0209
INT-0210,01-06-2022,Wednesday,22,June,2022,6,New Zealand,APAC,New Zealand Hub,EMEA_CORE_EMAIL_T2,Voice,Enterprise,Inbound,Tier 3,E-commerce,AG-0210,Choe Hassan,268,290,234,56,6,450,105300,30.47,33,13,12,92,12,86,65,Billing Issue,Preference Update,Agent-Resolved,No,Yes,No,No,,,,,,,,,,,,,Neutral,0.46,MEM-00210,1-2 years,Credit Card,Yes,Yes,Yes,6,Yes,No,No,REC-0210,HASH-0210
INT-0211,30-08-2021,Monday,35,August,2021,5,Indonesia,APAC,Indonesia Hub,AMER_RETAIL_VOICE_T2,Chat,Premium,Inbound,Tier 1,E-commerce,AG-0211,Lee Martin,241,262,234,28,10,629,147186,9.15,21,13,15,89,13,91,74,Loan Inquiry,Insurance Product,Agent-Resolved,No,Yes,No,Yes,30-08-2021,QA-018,Priya Saksit,91,94,97,93,94,80,Fail,Quality Standards Not Met,Clear technical explanation provided,Positive,0.99,MEM-00211,4-5 years,Checking,Yes,Yes,Yes,9,Yes,No,No,REC-0211,HASH-0211
INT-0212,31-05-2022,Tuesday,22,May,2022,18,China,APAC,China Hub,EMEA_CORE_EMAIL_T2,Voice,Consumer,Tech Support,Tier 1,Telecom,AG-0212,Sophie Thanapong,413,455,371,84,42,381,141351,4.06,23,17,15,88,13,91,80,Service Issue,Refund Request,Bot-Resolved,No,No,Yes,No,,,,,,,,,,,,,Positive,0.82,MEM-00212,1-2 years,Mortgage,Yes,No,Yes,8,Yes,No,No,REC-0212,HASH-0212
INT-0213,12-09-2021,Sunday,36,September,2021,21,South Korea,APAC,South Korea Hub,AMER_EMAIL_SUPPORT_T3,Email,Consumer,Retention,Tier 2,Healthcare,AG-0213,Sophie Jackson,463,490,394,96,29,861,339234,99.02,20,16,16,89,13,88,81,Service Issue,Charge Dispute,Agent-Resolved,No,Yes,No,Yes,12-09-2021,QA-025,Priya Saksit,94,90,95,98,98,82,Pass,,Effective win-back strategy applied,Positive,0.81,MEM-00213,6+ years,Checking,Yes,No,Yes,6,Yes,No,No,REC-0213,HASH-0213
INT-0214,02-01-2022,Sunday,52,January,2022,20,Japan,APAC,Japan Hub,EMEA_CORE_EMAIL_T2,Voice,Premium,Outbound,Tier 1,Healthcare,AG-0214,Bat-Erdene Ahmed,65,100,86,14,47,391,33626,82.9,38,10,10,76,7,93,85,Product Query,Shipping Inquiry,Escalated,Yes,No,No,Yes,02-01-2022,QA-020,Priya Saksit,82,82,79,79,78,98,Pass,,Proper documentation procedures followed,Positive,0.92,MEM-00214,3-5 years,Enterprise,No,Yes,No,9,Yes,No,Yes,REC-0214,HASH-0214
INT-0215,21-02-2022,Monday,8,February,2022,21,Malaysia,APAC,Malaysia Hub,TECH_SUPPORT_EMAIL_T3,Voice,Consumer,Support,Tier 1,Healthcare,AG-0215,Lisa Davis,191,176,172,4,17,169,29068,26.32,28,8,7,84,6,70,67,Complaint,Information Request,Escalated,Yes,No,No,No,,,,,,,,,,,,,Positive,0.94,MEM-00215,2-3 years,Investment,Yes,Yes,No,,No,No,No,REC-0215,HASH-0215
INT-0216,01-10-2022,Saturday,39,October,2022,1,North Korea,APAC,North Korea Hub,APAC_RETAIL_VOICE_T2,Email,Enterprise,Retention,Tier 1,Retail,AG-0216,Jennifer Davis,125,78,73,5,42,886,64678,41.81,25,17,17,83,17,84,82,Product Query,App Crash,Agent-Resolved,No,Yes,No,No,,,,,,,,,,,,,Positive,0.97,MEM-00216,6+ months,Enterprise,No,Yes,Yes,,No,No,No,REC-0216,HASH-0216
INT-0217,04-03-2021,Thursday,9,March,2021,1,Malaysia,APAC,Malaysia Hub,APAC_EMAIL_SUPPORT_T3,Email,Consumer,Customer Support,Tier 1,Banking,AG-0217,Lisa Thomas,116,67,64,3,40,327,20928,88.41,36,20,19,84,18,79,74,Sales Call,Statement Inquiry,Escalated,Yes,No,No,Yes,04-03-2021,QA-004,Samuel Kipchoge,87,94,95,97,87,95,Fail,Quality Standards Not Met,Confirmed delivery details accurately,Positive,0.92,MEM-00217,5+ years,Investment,No,Yes,No,10,Yes,No,No,REC-0217,HASH-0217
INT-0218,28-01-2021,Thursday,4,January,2021,18,Israel,EMEA,Israel Hub,OUTBOUND_SALES_T2,Voice,Consumer,Tech Support,Tier 2,Healthcare,AG-0218,Emma Ahmed,500,469,376,93,14,391,147016,74.26,29,8,9,91,8,79,76,Product Query,Billing Query,Agent-Resolved,No,Yes,No,No,,,,,,,,,,,,,Positive,0.79,MEM-00218,5+ years,Credit Card,Yes,Yes,Yes,6,Yes,No,Yes,REC-0218,HASH-0218
INT-0219,04-10-2022,Tuesday,40,October,2022,3,Pakistan,APAC,Pakistan Hub,AMER_RETAIL_VOICE_T2,Chat,Premium,Customer Support,Tier 1,Telecom,AG-0219,Maria Nurhaliza,402,390,379,11,14,565,214135,109.92,19,5,4,82,2,72,79,Service Issue,Software Bug,Bot-Resolved,No,No,Yes,No,,,,,,,,,,,,,Positive,0.79,MEM-00219,6+ years,Savings,No,Yes,No,,No,No,No,REC-0219,HASH-0219
INT-0220,08-09-2022,Thursday,36,September,2022,16,Thailand,APAC,Thailand Hub,CUSTOMER_SUPPORT_CHAT_T1,Email,Consumer,Inbound,Tier 2,Healthcare,AG-0220,Rachel Thompson,348,327,296,31,36,477,141192,94.73,16,3,1,61,1,86,91,Account Issue,Package Upgrade,Bot-Resolved,No,Yes,Yes,No,,,,,,,,,,,,,Positive,0.98,MEM-00220,2-3 years,Checking,Yes,Yes,Yes,8,Yes,No,No,REC-0220,HASH-0220
INT-0221,12-09-2022,Monday,37,September,2022,8,New Zealand,APAC,New Zealand Hub,AMER_EMAIL_SUPPORT_T3,Email,Enterprise,Outbound,Tier 1,E-commerce,AG-0221,Sophie Jackson,171,147,125,22,4,674,84250,64.38,30,12,14,77,12,70,74,Service Issue,Service Subscription,Escalated,Yes,No,No,No,,,,,,,,,,,,,Neutral,0.47,MEM-00221,1-2 years,Retail,No,Yes,Yes,10,Yes,No,Yes,REC-0221,HASH-0221
INT-0222,14-02-2022,Monday,7,February,2022,22,Bangladesh,APAC,Bangladesh Hub,APAC_EMAIL_SUPPORT_T3,Voice,Consumer,Customer Support,Tier 3,Healthcare,AG-0222,Sarah Dupont,381,374,354,20,7,847,299838,20.13,28,1,1,72,1,76,60,Loan Inquiry,Billing Discrepancy,Escalated,Yes,No,No,Yes,14-02-2022,QA-025,Park Sun-hee,86,90,83,90,92,77,Pass,,Handled quality concern professionally,Positive,0.77,MEM-00222,3-5 years,Healthcare,Yes,Yes,Yes,10,Yes,No,No,REC-0222,HASH-0222
INT-0223,23-11-2022,Wednesday,47,November,2022,6,Luxembourg,EMEA,Luxembourg Hub,TECH_SUPPORT_EMAIL_T3,Chat,Premium,Outbound,Tier 2,Banking,AG-0223,Thomas Dupont,177,137,130,7,19,144,18720,85.36,19,19,18,94,18,78,93,Account Inquiry,Service Improvement,Agent-Resolved,No,Yes,No,No,,,,,,,,,,,,,Neutral,0.56,MEM-00223,4-5 years,Healthcare,No,Yes,No,9,Yes,No,Yes,REC-0223,HASH-0223
INT-0224,15-09-2021,Wednesday,37,September,2021,10,South Korea,APAC,South Korea Hub,AMER_EMAIL_SUPPORT_T3,Chat,Premium,Customer Support,Tier 3,Banking,AG-0224,Thomas Thomas,403,400,366,34,5,660,241560,89.54,18,2,1,74,1,95,63,Technical Issue,System Access,Escalated,Yes,No,No,No,,,,,,,,,,,,,Positive,0.97,MEM-00224,1-2 years,Retail,No,Yes,Yes,6,Yes,No,No,REC-0224,HASH-0224
INT-0225,19-11-2021,Friday,46,November,2021,3,Czech Republic,EMEA,Czech Republic Hub,RETENTION_VOICE_T2,Email,Premium,Support,Tier 3,Healthcare,AG-0225,Robert Moore,135,163,137,26,15,286,39182,81.15,16,2,3,61,1,77,75,Product Query,Network Outage,Bot-Resolved,No,Yes,Yes,No,,,,,,,,,,,,,Negative,0.32,MEM-00225,1-2 years,Enterprise,Yes,Yes,Yes,10,Yes,No,No,REC-0225,HASH-0225
INT-0226,01-12-2022,Thursday,48,December,2022,15,Luxembourg,EMEA,Luxembourg Hub,APAC_CORE_EMAIL_TIER2,Email,Enterprise,Customer Support,Tier 3,Healthcare,AG-0226,Sophie Anderson,400,388,380,8,42,797,302860,20.59,17,4,3,92,3,73,84,Order Issue,Connectivity,Agent-Resolved,No,Yes,No,No,,,,,,,,,,,,,Neutral,0.47,MEM-00226,6+ years,Retail,Yes,Yes,Yes,6,Yes,No,No,REC-0226,HASH-0226
INT-0227,30-08-2022,Tuesday,35,August,2022,9,Kenya,EMEA,Kenya Hub,AMER_RETAIL_VOICE_T2,Chat,Premium,Customer Support,Tier 1,Telecom,AG-0227,Bat-Erdene Min-jun,279,229,220,9,46,525,115500,116.07,25,7,7,90,5,83,71,Product Query,Network Quality,Bot-Resolved,No,No,Yes,No,,,,,,,,,,,,,Positive,0.89,MEM-00227,4-5 years,Credit Card,No,No,Yes,9,Yes,No,No,REC-0227,HASH-0227
INT-0228,09-12-2022,Friday,49,December,2022,9,Hong Kong,APAC,Hong Kong Hub,AMER_RETAIL_VOICE_T2,Chat,Enterprise,Retention,Tier 3,Retail,AG-0228,Lisa Thomas,479,495,448,47,12,781,349888,67.95,21,17,17,92,14,84,92,Billing Issue,Service Subscription,Escalated,Yes,No,No,No,,,,,,,,,,,,,Positive,0.92,MEM-00228,6+ years,Investment,Yes,Yes,Yes,8,Yes,No,No,REC-0228,HASH-0228
INT-0229,31-12-2022,Saturday,52,December,2022,20,North Korea,APAC,North Korea Hub,AMER_CORE_EMAIL_TIER2,Chat,Premium,Outbound,Tier 2,Telecom,AG-0229,Michael Miller,178,148,143,5,15,872,124696,8.25,23,20,18,69,16,76,79,Product Query,Rate Inquiry,Agent-Resolved,No,Yes,No,Yes,31-12-2022,QA-042,Thabo Mthembu,89,95,75,75,76,75,Fail,Quality Standards Not Met,Accurate and prompt service delivery,Negative,0.14,MEM-00229,6+ months,Mortgage,Yes,No,Yes,7,Yes,No,No,REC-0229,HASH-0229
INT-0230,28-08-2022,Sunday,34,August,2022,8,Greece,EMEA,Greece Hub,INBOUND_VOICE_TIER1,Email,Premium,Support,Tier 2,Banking,AG-0230,James Dupont,125,139,135,4,26,267,36045,71.24,27,5,5,76,3,86,74,Billing Issue,New Account,Escalated,Yes,No,No,Yes,28-08-2022,QA-036,Priya Saksit,99,84,86,88,93,95,Pass,,Confirmed delivery details accurately,Positive,0.76,MEM-00230,5+ years,Insurance,Yes,Yes,Yes,5,Yes,No,No,REC-0230,HASH-0230
INT-0231,30-04-2021,Friday,17,April,2021,23,China,APAC,China Hub,APAC_RETAIL_VOICE_T2,Chat,Premium,Retention,Tier 1,Healthcare,AG-0231,James Martin,483,441,370,71,3,437,161690,117.88,20,5,4,85,3,75,71,Product Query,Cancellation Attempt,Agent-Resolved,No,Yes,No,No,,,,,,,,,,,,,Neutral,0.45,MEM-00231,4-5 years,Investment,Yes,Yes,Yes,9,Yes,Yes,Yes,REC-0231,HASH-0231
INT-0232,06-01-2022,Thursday,1,January,2022,19,Canada,AMER,Canada Hub,AMER_RETAIL_VOICE_T2,Email,Premium,Support,Tier 3,Healthcare,AG-0232,Lee Nurhaliza,237,217,211,6,15,783,165213,75.47,21,1,2,63,2,95,80,Service Issue,Balance Inquiry,Bot-Resolved,No,Yes,Yes,Yes,06-01-2022,QA-040,QA-Team,76,82,87,96,92,91,Fail,Quality Standards Not Met,Proper escalation procedure followed,Neutral,0.51,MEM-00232,2-3 years,Checking,Yes,Yes,Yes,5,Yes,No,No,REC-0232,HASH-0232
INT-0233,20-12-2022,Tuesday,51,December,2022,14,France,EMEA,France Hub,RETENTION_VOICE_T2,Chat,Premium,Retention,Tier 3,E-commerce,AG-0233,Siti Miller,56,76,68,8,15,654,44472,83.26,27,1,2,94,2,75,68,Account Issue,Contract Renewal,Escalated,Yes,No,No,Yes,20-12-2022,QA-008,QA-Team,93,81,86,77,76,79,Fail,Quality Standards Not Met,Agent provided comprehensive information,Positive,0.93,MEM-00233,4-5 years,Credit Card,No,Yes,No,6,Yes,No,No,REC-0233,HASH-0233
INT-0234,05-01-2022,Wednesday,1,January,2022,12,Hong Kong,APAC,Hong Kong Hub,OUTBOUND_SALES_T2,Voice,Consumer,Inbound,Tier 3,E-commerce,AG-0234,Sophie Nyambura,199,188,168,20,11,410,68880,17.28,16,15,15,75,15,95,89,Account Issue,Inventory Problem,Agent-Resolved,No,Yes,No,No,,,,,,,,,,,,,Positive,0.96,MEM-00234,3-5 years,Checking,No,Yes,Yes,,No,No,No,REC-0234,HASH-0234
INT-0235,26-11-2022,Saturday,47,November,2022,6,Germany,EMEA,Germany Hub,AMER_RETAIL_VOICE_T2,Voice,Consumer,Tech Support,Tier 1,E-commerce,AG-0235,Jennifer Martin,53,41,38,3,41,365,13870,61.97,20,5,5,70,5,91,85,Service Issue,Balance Inquiry,Bot-Resolved,No,No,Yes,Yes,26-11-2022,QA-028,Ivan Marinov,84,77,96,82,83,92,Pass,,Addressed customer concerns appropriately,Negative,0.12,MEM-00235,1-2 years,Retail,No,Yes,Yes,10,Yes,No,No,REC-0235,HASH-0235
INT-0236,01-07-2021,Thursday,26,July,2021,6,Morocco,EMEA,Morocco Hub,INBOUND_VOICE_TIER1,Chat,Premium,Support,Tier 2,Banking,AG-0236,Anna Brown,366,403,343,60,29,559,191737,16.68,38,5,4,92,4,91,82,Sales Call,Promotion Details,Agent-Resolved,No,Yes,No,No,,,,,,,,,,,,,Neutral,0.51,MEM-00236,5+ years,Business,No,Yes,No,9,Yes,No,No,REC-0236,HASH-0236
INT-0237,25-09-2022,Sunday,38,September,2022,18,Luxembourg,EMEA,Luxembourg Hub,AMER_CORE_EMAIL_TIER2,Email,Enterprise,Tech Support,Tier 2,Telecom,AG-0237,Jessica Chen,108,131,112,19,10,438,49056,35.67,40,8,8,89,8,72,94,Order Issue,Package Upgrade,Agent-Resolved,No,Yes,No,No,,,,,,,,,,,,,Positive,0.76,MEM-00237,6+ months,Retail,No,Yes,Yes,8,Yes,No,No,REC-0237,HASH-0237
INT-0238,11-03-2021,Thursday,10,March,2021,17,Greece,EMEA,Greece Hub,APAC_CORE_EMAIL_TIER2,Voice,Consumer,Customer Support,Tier 3,Telecom,AG-0238,Lee Hyun-soo,215,205,194,11,5,283,54902,16.5,26,3,3,62,2,76,94,Sales Call,Tracking Update,Bot-Resolved,No,No,Yes,Yes,11-03-2021,QA-012,Thabo Mthembu,87,88,85,78,83,91,Pass,,Confirmed delivery details accurately,Neutral,0.57,MEM-00238,2-3 years,Insurance,No,Yes,Yes,6,Yes,No,No,REC-0238,HASH-0238
INT-0239,04-05-2021,Tuesday,18,May,2021,19,Kenya,EMEA,Kenya Hub,CUSTOMER_SUPPORT_CHAT_T1,Chat,Premium,Tech Support,Tier 1,Retail,AG-0239,Sophie Chen,391,416,378,38,38,460,173880,67.08,19,2,2,85,2,95,80,Technical Issue,Service Subscription,Agent-Resolved,No,Yes,No,Yes,04-05-2021,QA-016,Priya Saksit,80,90,87,83,94,80,Pass,,Clear explanation of enrollment process,Neutral,0.51,MEM-00239,6+ months,Enterprise,No,Yes,Yes,9,Yes,No,No,REC-0239,HASH-0239
INT-0240,09-05-2022,Monday,19,May,2022,19,Malaysia,APAC,Malaysia Hub,RETENTION_VOICE_T2,Email,Premium,Support,Tier 1,E-commerce,AG-0240,John Ahmed,133,163,141,22,44,741,104481,99.11,33,17,19,61,17,90,74,Service Issue,Billing Discrepancy,Escalated,Yes,No,No,No,,,,,,,,,,,,,Positive,0.81,MEM-00240,2-3 years,Business,No,Yes,Yes,10,Yes,No,No,REC-0240,HASH-0240
INT-0241,12-12-2021,Sunday,49,December,2021,22,New Zealand,APAC,New Zealand Hub,CUSTOMER_SUPPORT_CHAT_T1,Voice,Premium,Customer Support,Tier 3,Banking,AG-0241,Bat-Erdene Hassan,72,75,65,10,8,326,21190,105.12,33,12,11,88,9,86,61,Complaint,Cancellation Attempt,Escalated,Yes,No,No,Yes,12-12-2021,QA-047,Ivan Marinov,87,89,95,85,83,81,Pass,,Confirmed delivery details accurately,Positive,0.77,MEM-00241,3-5 years,Savings,No,Yes,Yes,7,Yes,No,No,REC-0241,HASH-0241
INT-0242,07-01-2022,Friday,1,January,2022,12,Japan,APAC,Japan Hub,INBOUND_VOICE_TIER1,Email,Enterprise,Customer Support,Tier 3,Telecom,AG-0242,James Brown,92,82,72,10,18,662,47664,118.24,17,1,1,87,1,76,89,Product Query,Information Request,Agent-Resolved,No,Yes,No,Yes,07-01-2022,QA-007,Michael Chen,88,84,88,79,90,81,Fail,Quality Standards Not Met,Addressed customer concerns appropriately,Negative,0.11,MEM-00242,5+ years,Savings,No,Yes,Yes,7,Yes,No,Yes,REC-0242,HASH-0242
INT-0243,31-05-2021,Monday,22,May,2021,3,Bulgaria,EMEA,Bulgaria Hub,AMER_RETAIL_VOICE_T2,Email,Consumer,Inbound,Tier 3,Banking,AG-0243,Rachel Ahmed,170,211,170,41,36,883,150110,9.16,28,14,14,82,12,79,79,Product Query,Product Defect,Agent-Resolved,Yes,Yes,No,Yes,31-05-2021,QA-015,Ivan Marinov,75,95,81,92,88,89,Pass,,Excellent customer service delivery,Positive,0.91,MEM-00243,6+ months,Retail,No,No,Yes,,No,No,No,REC-0243,HASH-0243
INT-0244,12-04-2022,Tuesday,15,April,2022,12,Kenya,EMEA,Kenya Hub,CUSTOMER_SUPPORT_CHAT_T1,Voice,Consumer,Tech Support,Tier 1,E-commerce,AG-0244,Michael Miller,270,261,253,8,21,525,132825,12.66,34,1,3,65,3,76,67,Retention Call,Billing Query,Agent-Resolved,No,Yes,No,No,,,,,,,,,,,,,Neutral,0.47,MEM-00244,5+ years,Insurance,Yes,No,Yes,10,Yes,No,Yes,REC-0244,HASH-0244
INT-0245,22-03-2021,Monday,12,March,2021,6,Israel,EMEA,Israel Hub,APAC_EMAIL_SUPPORT_T3,Email,Enterprise,Support,Tier 2,Telecom,AG-0245,Bat-Erdene Hyun-soo,473,430,364,66,43,493,179452,104.54,40,14,15,63,13,89,64,Sales Call,Statement Request,Agent-Resolved,No,Yes,No,No,,,,,,,,,,,,,Negative,0.36,MEM-00245,5+ years,Savings,No,Yes,Yes,,No,Yes,Yes,REC-0245,HASH-0245
INT-0246,16-05-2022,Monday,20,May,2022,10,Pakistan,APAC,Pakistan Hub,INBOUND_VOICE_TIER1,Chat,Premium,Customer Support,Tier 2,Banking,AG-0246,Tran Anderson,152,168,146,22,19,327,47742,71.43,38,9,9,84,8,88,73,New Product,Shipping Inquiry,Agent-Resolved,No,Yes,No,No,,,,,,,,,,,,,Neutral,0.48,MEM-00246,4-5 years,Business,No,Yes,No,9,Yes,No,No,REC-0246,HASH-0246
INT-0247,28-03-2021,Sunday,12,March,2021,3,Japan,APAC,Japan Hub,APAC_EMAIL_SUPPORT_T3,Email,Consumer,Customer Support,Tier 1,E-commerce,AG-0247,Emma Thi Linh,392,357,314,43,13,215,67510,4.11,33,18,16,64,14,70,77,Order Issue,Product Defect,Agent-Resolved,No,Yes,No,No,,,,,,,,,,,,,Neutral,0.6,MEM-00247,3-5 years,Healthcare,No,Yes,Yes,6,Yes,No,No,REC-0247,HASH-0247
INT-0248,04-01-2022,Tuesday,1,January,2022,21,Finland,EMEA,Finland Hub,EMEA_CHAT_SUPPORT_T1,Chat,Premium,Tech Support,Tier 1,Telecom,AG-0248,Williams Nyambura,471,475,409,66,16,865,353785,88.02,36,13,11,81,11,77,95,Complaint,New Account,Bot-Resolved,Yes,Yes,Yes,Yes,04-01-2022,QA-018,Emma Thompson,98,84,98,80,92,87,Fail,Quality Standards Not Met,Professional troubleshooting approach,Positive,0.8,MEM-00248,6+ months,Insurance,No,No,Yes,6,Yes,No,No,REC-0248,HASH-0248
INT-0249,23-03-2021,Tuesday,12,March,2021,10,Paraguay,AMER,Paraguay Hub,OUTBOUND_SALES_T2,Email,Consumer,Support,Tier 1,E-commerce,AG-0249,Daniel White,249,281,268,13,34,669,179292,95.5,33,11,11,79,11,81,75,Billing Issue,Billing Discrepancy,Agent-Resolved,No,Yes,No,No,,,,,,,,,,,,,Negative,0.21,MEM-00249,2-3 years,Insurance,No,No,No,10,Yes,No,No,REC-0249,HASH-0249
INT-0250,23-11-2021,Tuesday,47,November,2021,2,Iceland,EMEA,Iceland Hub,CUSTOMER_SUPPORT_CHAT_T1,Chat,Premium,Tech Support,Tier 3,Healthcare,AG-0250,Carlos Santoso,485,502,468,34,31,603,282204,107.06,33,2,1,81,1,73,86,Investment Inquiry,Software Bug,Agent-Resolved,No,Yes,No,No,,,,,,,,,,,,,Positive,0.78,MEM-00250,5+ years,Retail,No,No,No,,No,No,No,REC-0250,HASH-0250
INT-0251,04-05-2022,Wednesday,18,May,2022,16,Thailand,APAC,Thailand Hub,EMEA_CHAT_SUPPORT_T1,Chat,Consumer,Retention,Tier 1,Telecom,AG-0251,Chen Johnson,433,417,411,6,23,390,160290,1.84,17,8,10,66,7,78,64,Service Issue,Billing Query,Agent-Resolved,No,Yes,No,No,,,,,,,,,,,,,Positive,0.93,MEM-00251,3-5 years,Business,Yes,Yes,Yes,9,Yes,No,Yes,REC-0251,HASH-0251
INT-0252,22-06-2021,Tuesday,25,June,2021,15,New Zealand,APAC,New Zealand Hub,APAC_CORE_EMAIL_TIER2,Chat,Consumer,Tech Support,Tier 2,E-commerce,AG-0252,James Thanapong,466,514,437,77,32,771,336927,70.84,17,3,1,61,1,84,93,Retention Call,Product Defect,Escalated,Yes,No,No,Yes,22-06-2021,QA-024,Park Sun-hee,98,86,87,76,95,97,Pass,,Clear technical explanation provided,Negative,0.18,MEM-00252,4-5 years,Mortgage,No,Yes,Yes,5,Yes,No,No,REC-0252,HASH-0252
INT-0253,01-11-2021,Monday,44,November,2021,1,Bangladesh,APAC,Bangladesh Hub,APAC_EMAIL_SUPPORT_T3,Email,Enterprise,Customer Support,Tier 3,Healthcare,AG-0253,Lisa Dupont,125,98,87,11,23,615,53505,46.22,32,7,6,70,4,95,69,Account Inquiry,Login Problem,Bot-Resolved,No,Yes,Yes,No,,,,,,,,,,,,,Positive,0.78,MEM-00253,3-5 years,Retail,No,Yes,Yes,8,Yes,Yes,Yes,REC-0253,HASH-0253
INT-0254,03-01-2022,Monday,1,January,2022,0,Iceland,EMEA,Iceland Hub,INBOUND_VOICE_TIER1,Voice,Premium,Support,Tier 3,Retail,AG-0254,Jennifer Wilson,92,112,105,7,26,319,33495,22.92,19,11,13,92,12,95,74,Account Inquiry,Software Bug,Agent-Resolved,No,Yes,No,No,,,,,,,,,,,,,Positive,0.86,MEM-00254,3-5 years,Checking,No,Yes,Yes,7,Yes,No,No,REC-0254,HASH-0254
INT-0255,13-01-2022,Thursday,2,January,2022,23,France,EMEA,France Hub,APAC_RETAIL_VOICE_T2,Voice,Enterprise,Support,Tier 1,E-commerce,AG-0255,Naledi White,400,429,379,50,18,846,320634,54.76,36,17,15,84,14,92,79,Sales Call,Billing Query,Bot-Resolved,No,Yes,Yes,No,,,,,,,,,,,,,Neutral,0.45,MEM-00255,2-3 years,Savings,No,Yes,Yes,,No,No,No,REC-0255,HASH-0255
INT-0256,10-02-2022,Thursday,6,February,2022,22,Iceland,EMEA,Iceland Hub,EMEA_CHAT_SUPPORT_T1,Email,Enterprise,Inbound,Tier 2,Banking,AG-0256,Jessica Thompson,201,169,140,29,46,301,42140,80.23,21,7,5,89,5,86,75,Service Issue,Portfolio Review,Escalated,Yes,No,No,Yes,10-02-2022,QA-031,Michael Chen,96,78,93,76,88,95,Fail,Quality Standards Not Met,Effective win-back strategy applied,Positive,0.91,MEM-00256,6+ years,Checking,No,Yes,Yes,6,Yes,No,No,REC-0256,HASH-0256
INT-0257,08-05-2022,Sunday,18,May,2022,20,Ukraine,EMEA,Ukraine Hub,APAC_CORE_EMAIL_TIER2,Chat,Premium,Tech Support,Tier 1,Retail,AG-0257,Choe White,51,35,32,3,48,215,6880,19.39,29,1,1,88,1,83,71,Account Issue,Promotion Details,Escalated,Yes,No,No,Yes,08-05-2022,QA-005,Michael Chen,80,96,94,76,93,77,Fail,Quality Standards Not Met,Proper documentation procedures followed,Neutral,0.42,MEM-00257,2-3 years,Checking,No,Yes,Yes,6,Yes,No,No,REC-0257,HASH-0257
INT-0258,05-12-2022,Monday,49,December,2022,16,Finland,EMEA,Finland Hub,AMER_EMAIL_SUPPORT_T3,Voice,Enterprise,Inbound,Tier 3,Retail,AG-0258,Kim Taylor,329,306,261,45,12,817,213237,110.24,39,4,3,66,3,92,78,Technical Issue,Tracking Update,Bot-Resolved,No,No,Yes,No,,,,,,,,,,,,,Positive,0.84,MEM-00258,6+ years,Insurance,Yes,Yes,Yes,9,Yes,No,No,REC-0258,HASH-0258
INT-0259,17-10-2022,Monday,42,October,2022,12,Czech Republic,EMEA,Czech Republic Hub,OUTBOUND_SALES_T2,Email,Consumer,Support,Tier 3,Healthcare,AG-0259,Sarah Thomas,175,208,202,6,38,455,91910,17.72,15,7,5,86,5,73,83,New Product,Software Bug,Agent-Resolved,No,Yes,No,No,,,,,,,,,,,,,Positive,0.89,MEM-00259,5+ years,Enterprise,No,Yes,Yes,6,Yes,No,No,REC-0259,HASH-0259
INT-0260,16-12-2022,Friday,50,December,2022,8,Brazil,AMER,Brazil Hub,CUSTOMER_SUPPORT_CHAT_T1,Voice,Consumer,Customer Support,Tier 1,E-commerce,AG-0260,Sophie Moore,158,156,148,8,43,661,97828,98.65,29,6,5,92,5,86,88,Investment Inquiry,Password Reset,Escalated,Yes,No,No,No,,,,,,,,,,,,,Positive,0.79,MEM-00260,2-3 years,Savings,No,Yes,No,8,Yes,Yes,Yes,REC-0260,HASH-0260
INT-0261,23-05-2021,Sunday,20,May,2021,3,New Zealand,APAC,New Zealand Hub,AMER_EMAIL_SUPPORT_T3,Voice,Premium,Customer Support,Tier 1,Banking,AG-0261,Grace Brown,323,322,290,32,49,165,47850,86.92,35,10,9,88,6,85,82,Account Issue,Cancellation Attempt,Escalated,Yes,No,No,Yes,23-05-2021,QA-006,Thabo Mthembu,91,89,83,76,76,91,Pass,,Clear technical explanation provided,Negative,0.12,MEM-00261,6+ years,Business,No,Yes,Yes,,No,No,Yes,REC-0261,HASH-0261
INT-0262,21-09-2022,Wednesday,38,September,2022,23,Morocco,EMEA,Morocco Hub,APAC_EMAIL_SUPPORT_T3,Voice,Consumer,Support,Tier 2,Healthcare,AG-0262,Bat-Erdene Nyambura,484,528,518,10,25,762,394716,58.74,16,17,15,65,14,88,88,Order Issue,Service Subscription,Bot-Resolved,No,Yes,Yes,Yes,21-09-2022,QA-046,Priya Saksit,89,78,83,84,85,92,Pass,,Addressed customer concerns appropriately,Positive,0.77,MEM-00262,4-5 years,Healthcare,No,Yes,Yes,6,Yes,No,Yes,REC-0262,HASH-0262
INT-0263,11-08-2021,Wednesday,32,August,2021,7,France,EMEA,France Hub,AMER_RETAIL_VOICE_T2,Email,Premium,Outbound,Tier 1,Telecom,AG-0263,Hassan Moore,381,346,284,62,31,504,143136,28.86,23,9,11,91,9,79,87,Technical Issue,Service Quality,Bot-Resolved,No,Yes,Yes,No,,,,,,,,,,,,,Positive,0.82,MEM-00263,2-3 years,Savings,No,Yes,Yes,7,Yes,No,No,REC-0263,HASH-0263
INT-0264,21-05-2021,Friday,20,May,2021,23,Sweden,EMEA,Sweden Hub,OUTBOUND_SALES_T2,Chat,Consumer,Support,Tier 3,Banking,AG-0264,Emma Hassan,225,265,213,52,13,297,63261,17.2,31,7,5,62,4,86,63,Complaint,Stock Availability,Escalated,Yes,No,No,No,,,,,,,,,,,,,Positive,0.91,MEM-00264,6+ months,Business,No,Yes,Yes,,No,No,No,REC-0264,HASH-0264
INT-0265,01-03-2021,Monday,9,March,2021,1,Kenya,EMEA,Kenya Hub,RETENTION_VOICE_T2,Voice,Consumer,Support,Tier 3,Healthcare,AG-0265,James Thanapong,93,65,63,2,5,507,31941,74.69,34,16,17,69,15,80,80,Loan Inquiry,Tracking Update,Agent-Resolved,No,Yes,No,No,,,,,,,,,,,,,Positive,0.88,MEM-00265,2-3 years,Mortgage,No,Yes,Yes,,No,No,No,REC-0265,HASH-0265
INT-0266,15-06-2021,Tuesday,24,June,2021,4,Pakistan,APAC,Pakistan Hub,EMEA_CHAT_SUPPORT_T1,Email,Consumer,Inbound,Tier 2,Healthcare,AG-0266,James Thompson,233,249,200,49,20,325,65000,97.18,40,13,13,65,12,93,74,Billing Issue,New Account,Agent-Resolved,No,Yes,No,Yes,15-06-2021,QA-023,Thabo Mthembu,93,77,99,88,88,84,Fail,Quality Standards Not Met,Good greeting protocol observed,Positive,0.83,MEM-00266,3-5 years,Healthcare,No,Yes,Yes,9,Yes,No,No,REC-0266,HASH-0266
INT-0267,26-02-2021,Friday,8,February,2021,12,Malaysia,APAC,Malaysia Hub,CUSTOMER_SUPPORT_CHAT_T1,Email,Premium,Inbound,Tier 2,E-commerce,AG-0267,Tran Thi Linh,307,301,279,22,20,422,117738,54.39,38,12,13,63,10,90,75,Account Issue,Network Quality,Agent-Resolved,No,Yes,No,No,,,,,,,,,,,,,Negative,0.39,MEM-00267,4-5 years,Insurance,No,No,Yes,,No,No,No,REC-0267,HASH-0267
INT-0268,13-06-2021,Sunday,23,June,2021,14,Portugal,EMEA,Portugal Hub,EMEA_CHAT_SUPPORT_T1,Chat,Premium,Tech Support,Tier 2,E-commerce,AG-0268,Jennifer Wei,423,443,437,6,2,304,132848,27.8,15,19,17,64,16,86,71,New Product,Password Reset,Escalated,Yes,No,No,Yes,13-06-2021,QA-016,Thabo Mthembu,79,90,75,89,78,85,Pass,,Confirmed delivery details accurately,Positive,0.96,MEM-00268,3-5 years,Savings,No,Yes,Yes,,No,No,No,REC-0268,HASH-0268
INT-0269,23-05-2022,Monday,21,May,2022,2,Israel,EMEA,Israel Hub,APAC_EMAIL_SUPPORT_T3,Chat,Premium,Customer Support,Tier 2,Telecom,AG-0269,Lisa Dupont,435,459,374,85,8,772,288728,33.34,20,18,20,81,20,83,70,Sales Call,Product Defect,Agent-Resolved,No,Yes,No,No,,,,,,,,,,,,,Positive,0.8,MEM-00269,5+ years,Business,No,Yes,Yes,5,Yes,No,No,REC-0269,HASH-0269
INT-0270,01-03-2021,Monday,9,March,2021,22,Portugal,EMEA,Portugal Hub,APAC_RETAIL_VOICE_T2,Email,Premium,Inbound,Tier 3,Telecom,AG-0270,Thomas Garcia,441,411,331,80,0,146,48326,29.65,31,19,18,80,15,84,73,Account Inquiry,Product Quality,Escalated,Yes,No,No,Yes,01-03-2021,QA-044,Ivan Marinov,77,84,95,81,94,79,Fail,Quality Standards Not Met,Addressed customer concerns appropriately,Positive,0.91,MEM-00270,6+ months,Checking,No,Yes,Yes,5,Yes,No,Yes,REC-0270,HASH-0270
INT-0271,11-08-2022,Thursday,32,August,2022,21,Poland,EMEA,Poland Hub,INBOUND_VOICE_TIER1,Email,Enterprise,Outbound,Tier 2,E-commerce,AG-0271,Hassan Brown,263,246,221,25,19,599,132379,72.51,33,9,9,65,9,95,76,Loan Inquiry,App Crash,Bot-Resolved,No,Yes,Yes,No,,,,,,,,,,,,,Positive,0.8,MEM-00271,4-5 years,Enterprise,No,No,Yes,,No,No,Yes,REC-0271,HASH-0271
INT-0272,13-09-2021,Monday,37,September,2021,1,Brazil,AMER,Brazil Hub,INBOUND_VOICE_TIER1,Voice,Consumer,Inbound,Tier 1,Telecom,AG-0272,Siti Jackson,256,229,201,28,20,625,125625,73.46,30,5,7,70,5,83,90,Order Issue,Statement Inquiry,Escalated,Yes,No,No,No,,,,,,,,,,,,,Positive,0.8,MEM-00272,5+ years,Enterprise,No,Yes,Yes,9,Yes,No,No,REC-0272,HASH-0272
INT-0273,21-02-2021,Sunday,7,February,2021,1,France,EMEA,France Hub,AMER_EMAIL_SUPPORT_T3,Voice,Premium,Support,Tier 1,Banking,AG-0273,James Garcia,410,385,354,31,9,307,108678,20.94,30,11,13,92,12,81,63,Retention Call,New Account,Escalated,Yes,No,No,No,,,,,,,,,,,,,Positive,0.84,MEM-00273,1-2 years,Mortgage,No,Yes,Yes,,No,No,No,REC-0273,HASH-0273
INT-0274,05-06-2022,Sunday,22,June,2022,1,Spain,EMEA,Spain Hub,RETENTION_VOICE_T2,Voice,Enterprise,Customer Support,Tier 3,Retail,AG-0274,Jennifer Thi Linh,493,532,435,97,39,364,158340,108.56,40,16,15,64,12,76,88,Service Issue,Contract Renewal,Escalated,Yes,No,No,No,,,,,,,,,,,,,Positive,0.86,MEM-00274,6+ years,Insurance,No,Yes,Yes,5,Yes,No,Yes,REC-0274,HASH-0274
INT-0275,28-05-2021,Friday,21,May,2021,2,Turkey,EMEA,Turkey Hub,APAC_EMAIL_SUPPORT_T3,Chat,Consumer,Inbound,Tier 3,Telecom,AG-0275,Thomas Johnson,421,401,322,79,6,638,205436,54.72,39,13,14,65,14,81,79,Billing Issue,Network Outage,Agent-Resolved,No,Yes,No,No,,,,,,,,,,,,,Neutral,0.51,MEM-00275,1-2 years,Healthcare,No,Yes,No,9,Yes,No,No,REC-0275,HASH-0275
INT-0276,19-08-2021,Thursday,33,August,2021,18,Argentina,AMER,Argentina Hub,EMEA_CORE_EMAIL_T2,Voice,Enterprise,Outbound,Tier 2,E-commerce,AG-0276,Mary Laurent,366,389,330,59,3,865,285450,101.9,23,6,5,91,3,80,75,Account Issue,Language Support,Agent-Resolved,No,Yes,No,No,,,,,,,,,,,,,Positive,0.86,MEM-00276,5+ years,Mortgage,Yes,Yes,Yes,,No,No,No,REC-0276,HASH-0276
INT-0277,10-12-2021,Friday,49,December,2021,21,Morocco,EMEA,Morocco Hub,AMER_CORE_EMAIL_TIER2,Chat,Premium,Tech Support,Tier 3,Banking,AG-0277,Ahmad Hassan,326,281,246,35,48,302,74292,75.45,22,4,4,82,1,86,77,Account Inquiry,Promotion Details,Bot-Resolved,No,No,Yes,No,,,,,,,,,,,,,Neutral,0.56,MEM-00277,6+ months,Enterprise,No,Yes,Yes,7,Yes,No,No,REC-0277,HASH-0277
INT-0278,02-09-2022,Friday,35,September,2022,19,Canada,AMER,Canada Hub,RETENTION_VOICE_T2,Chat,Premium,Tech Support,Tier 2,Banking,AG-0278,Rachel Thompson,259,305,270,35,9,494,133380,94.5,21,16,16,60,13,78,63,Account Issue,Language Support,Agent-Resolved,No,Yes,No,Yes,02-09-2022,QA-029,Michael Chen,98,80,93,90,88,75,Pass,,Agent provided comprehensive information,Positive,0.75,MEM-00278,6+ years,Savings,No,Yes,Yes,9,Yes,No,No,REC-0278,HASH-0278
INT-0279,17-06-2021,Thursday,24,June,2021,8,Luxembourg,EMEA,Luxembourg Hub,OUTBOUND_SALES_T2,Voice,Premium,Support,Tier 2,E-commerce,AG-0279,John Johnson,271,234,229,5,9,192,43968,6.72,35,3,5,67,4,93,76,Complaint,Pricing Concern,Bot-Resolved,No,Yes,Yes,No,,,,,,,,,,,,,Neutral,0.52,MEM-00279,6+ months,Healthcare,Yes,Yes,Yes,6,Yes,No,No,REC-0279,HASH-0279
INT-0280,13-02-2021,Saturday,6,February,2021,8,North Korea,APAC,North Korea Hub,APAC_RETAIL_VOICE_T2,Email,Premium,Tech Support,Tier 3,Banking,AG-0280,James Wei,234,261,216,45,1,485,104760,36.03,18,7,9,77,6,85,79,Billing Issue,Billing Discrepancy,Escalated,Yes,No,No,No,,,,,,,,,,,,,Positive,0.78,MEM-00280,6+ months,Investment,No,Yes,Yes,9,Yes,No,No,REC-0280,HASH-0280
INT-0281,28-06-2022,Tuesday,26,June,2022,8,Indonesia,APAC,Indonesia Hub,APAC_EMAIL_SUPPORT_T3,Email,Premium,Tech Support,Tier 3,E-commerce,AG-0281,Choe Jones,344,345,285,60,22,640,182400,4.28,22,17,15,84,15,78,89,Account Inquiry,Fund Options,Escalated,Yes,No,No,No,,,,,,,,,,,,,Neutral,0.54,MEM-00281,6+ years,Insurance,No,Yes,No,,No,No,No,REC-0281,HASH-0281
INT-0282,24-09-2021,Friday,38,September,2021,10,Italy,EMEA,Italy Hub,APAC_CORE_EMAIL_TIER2,Voice,Consumer,Outbound,Tier 1,E-commerce,AG-0282,Kenji Ahmed,293,270,219,51,47,180,39420,27.91,26,3,4,75,1,70,70,New Product,Pricing Concern,Bot-Resolved,No,No,Yes,No,,,,,,,,,,,,,Positive,0.96,MEM-00282,5+ years,Retail,No,Yes,Yes,10,Yes,No,No,REC-0282,HASH-0282
INT-0283,10-04-2021,Saturday,14,April,2021,7,Israel,EMEA,Israel Hub,TECH_SUPPORT_EMAIL_T3,Chat,Consumer,Customer Support,Tier 3,Healthcare,AG-0283,Rashid Chen,425,393,350,43,10,781,273350,68.35,32,17,15,73,13,91,73,Account Inquiry,Billing Discrepancy,Agent-Resolved,No,Yes,No,No,,,,,,,,,,,,,Negative,0.38,MEM-00283,6+ years,Savings,No,Yes,No,5,Yes,No,No,REC-0283,HASH-0283
INT-0284,24-09-2022,Saturday,38,September,2022,15,Finland,EMEA,Finland Hub,CUSTOMER_SUPPORT_CHAT_T1,Voice,Consumer,Inbound,Tier 1,Banking,AG-0284,Rachel Rodriguez,289,291,284,7,38,372,105648,96.49,17,18,19,65,19,71,83,Service Issue,Login Problem,Agent-Resolved,No,Yes,No,No,,,,,,,,,,,,,Positive,0.84,MEM-00284,5+ years,Checking,No,Yes,No,,No,No,No,REC-0284,HASH-0284
INT-0285,04-04-2021,Sunday,13,April,2021,9,Ukraine,EMEA,Ukraine Hub,OUTBOUND_SALES_T2,Voice,Premium,Inbound,Tier 1,Banking,AG-0285,Jennifer Chen,481,483,432,51,9,847,365904,80.02,33,12,12,66,10,93,90,Account Opening,Service Improvement,Bot-Resolved,No,Yes,Yes,No,,,,,,,,,,,,,Negative,0.27,MEM-00285,5+ years,Investment,Yes,Yes,Yes,9,Yes,No,No,REC-0285,HASH-0285
INT-0286,27-01-2021,Wednesday,4,January,2021,6,Slovakia,EMEA,Slovakia Hub,APAC_EMAIL_SUPPORT_T3,Chat,Enterprise,Inbound,Tier 1,Banking,AG-0286,Sophie Nyambura,450,434,404,30,11,725,292900,29.99,25,11,10,70,10,85,89,Technical Issue,Contract Renewal,Agent-Resolved,No,Yes,No,No,,,,,,,,,,,,,Positive,0.78,MEM-00286,2-3 years,Insurance,No,Yes,Yes,5,Yes,No,No,REC-0286,HASH-0286
INT-0287,19-04-2022,Tuesday,16,April,2022,15,Japan,APAC,Japan Hub,AMER_RETAIL_VOICE_T2,Chat,Consumer,Inbound,Tier 1,Banking,AG-0287,Thomas White,81,32,30,2,42,248,7440,99.45,18,14,13,79,13,93,66,Complaint,System Access,Agent-Resolved,No,Yes,No,No,,,,,,,,,,,,,Negative,0.27,MEM-00287,2-3 years,Checking,No,Yes,No,,No,No,No,REC-0287,HASH-0287
INT-0288,16-04-2022,Saturday,15,April,2022,10,Mexico,AMER,Mexico Hub,AMER_EMAIL_SUPPORT_T3,Chat,Consumer,Tech Support,Tier 1,E-commerce,AG-0288,Sarah Anderson,441,415,354,61,27,799,282846,4.55,30,8,10,91,9,92,71,Order Issue,Information Request,Agent-Resolved,No,Yes,No,No,,,,,,,,,,,,,Negative,0.22,MEM-00288,6+ months,Checking,No,Yes,Yes,,No,No,No,REC-0288,HASH-0288
INT-0289,14-09-2022,Wednesday,37,September,2022,10,Pakistan,APAC,Pakistan Hub,AMER_EMAIL_SUPPORT_T3,Email,Consumer,Support,Tier 2,E-commerce,AG-0289,Sophie Johnson,140,152,129,23,45,438,56502,42.76,36,8,8,68,8,87,93,Account Issue,Return Request,Escalated,Yes,No,No,Yes,14-09-2022,QA-037,Park Sun-hee,77,89,86,88,99,93,Fail,Quality Standards Not Met,Excellent customer service delivery,Positive,0.89,MEM-00289,2-3 years,Checking,No,Yes,Yes,9,Yes,No,No,REC-0289,HASH-0289
INT-0290,29-12-2022,Thursday,52,December,2022,4,Ukraine,EMEA,Ukraine Hub,APAC_CORE_EMAIL_TIER2,Voice,Enterprise,Support,Tier 3,Telecom,AG-0290,Choe Petrova,184,184,155,29,26,479,74245,34.94,31,18,16,70,13,92,74,Service Issue,Information Request,Bot-Resolved,No,Yes,Yes,No,,,,,,,,,,,,,Positive,0.87,MEM-00290,1-2 years,Credit Card,No,Yes,Yes,7,Yes,No,No,REC-0290,HASH-0290
INT-0291,15-09-2022,Thursday,37,September,2022,17,New Zealand,APAC,New Zealand Hub,TECH_SUPPORT_EMAIL_T3,Chat,Consumer,Outbound,Tier 1,Banking,AG-0291,Robert Petrova,292,312,279,33,23,605,168795,12.84,40,13,15,62,15,95,81,Technical Issue,Package Upgrade,Agent-Resolved,No,Yes,No,No,,,,,,,,,,,,,Neutral,0.58,MEM-00291,5+ years,Enterprise,Yes,Yes,Yes,,No,No,No,REC-0291,HASH-0291
INT-0292,07-05-2021,Friday,18,May,2021,22,Spain,EMEA,Spain Hub,INBOUND_VOICE_TIER1,Chat,Enterprise,Retention,Tier 1,Banking,AG-0292,Lee Johnson,454,470,413,57,41,872,360136,36.55,28,9,9,71,6,82,78,Account Opening,Information Request,Bot-Resolved,No,No,Yes,No,,,,,,,,,,,,,Positive,0.84,MEM-00292,6+ months,Investment,Yes,No,Yes,6,Yes,No,No,REC-0292,HASH-0292
INT-0293,15-09-2021,Wednesday,37,September,2021,5,Poland,EMEA,Poland Hub,INBOUND_VOICE_TIER1,Voice,Premium,Inbound,Tier 1,Banking,AG-0293,Kenji Thomas,133,87,72,15,21,701,50472,99.77,36,6,6,62,3,72,84,Service Issue,Plan Selection,Bot-Resolved,No,Yes,Yes,No,,,,,,,,,,,,,Positive,0.89,MEM-00293,1-2 years,Insurance,Yes,Yes,Yes,5,Yes,No,No,REC-0293,HASH-0293
INT-0294,06-06-2022,Monday,23,June,2022,18,Kenya,EMEA,Kenya Hub,AMER_RETAIL_VOICE_T2,Voice,Enterprise,Inbound,Tier 2,Retail,AG-0294,Ahmad Johnson,273,294,258,36,41,520,134160,1.7,38,16,14,61,14,78,92,Order Issue,Insurance Product,Escalated,Yes,No,No,No,,,,,,,,,,,,,Positive,0.93,MEM-00294,1-2 years,Retail,Yes,Yes,Yes,7,Yes,No,Yes,REC-0294,HASH-0294
INT-0295,04-11-2022,Friday,44,November,2022,7,New Zealand,APAC,New Zealand Hub,APAC_RETAIL_VOICE_T2,Chat,Premium,Customer Support,Tier 1,E-commerce,AG-0295,Anna Thanapong,68,95,80,15,2,426,34080,76.31,28,18,18,76,16,71,84,New Product,Stock Availability,Agent-Resolved,No,Yes,No,Yes,04-11-2022,QA-004,Ivan Marinov,91,81,78,82,94,90,Pass,,Accurate and prompt service delivery,Positive,0.82,MEM-00295,6+ months,Credit Card,No,Yes,Yes,7,Yes,No,No,REC-0295,HASH-0295
INT-0296,10-07-2022,Sunday,27,July,2022,19,Paraguay,AMER,Paraguay Hub,RETENTION_VOICE_T2,Voice,Premium,Tech Support,Tier 2,E-commerce,AG-0296,Chen Moore,223,194,180,14,12,806,145080,14.34,20,5,7,78,5,77,95,Investment Inquiry,Connectivity Problem,Agent-Resolved,No,Yes,No,Yes,10-07-2022,QA-036,Emma Thompson,94,95,86,78,75,88,Pass,,Strong retention approach demonstrated,Neutral,0.53,MEM-00296,2-3 years,Checking,No,Yes,Yes,6,Yes,Yes,Yes,REC-0296,HASH-0296
INT-0297,16-06-2021,Wednesday,24,June,2021,15,Indonesia,APAC,Indonesia Hub,AMER_CORE_EMAIL_TIER2,Voice,Consumer,Outbound,Tier 1,Healthcare,AG-0297,Kenji Martin,349,339,305,34,36,135,41175,59.7,21,20,20,80,19,81,87,Account Opening,System Access,Agent-Resolved,Yes,Yes,No,No,,,,,,,,,,,,,Positive,0.81,MEM-00297,2-3 years,Credit Card,No,Yes,No,8,Yes,Yes,Yes,REC-0297,HASH-0297
INT-0298,18-09-2022,Sunday,37,September,2022,2,Brazil,AMER,Brazil Hub,EMEA_CORE_EMAIL_T2,Voice,Enterprise,Inbound,Tier 1,Healthcare,AG-0298,Maria Laurent,478,452,367,85,49,820,300940,118.28,17,3,4,74,4,78,63,Complaint,Service Improvement,Bot-Resolved,No,Yes,Yes,No,,,,,,,,,,,,,Positive,0.79,MEM-00298,1-2 years,Savings,No,Yes,No,10,Yes,No,No,REC-0298,HASH-0298
INT-0299,13-06-2021,Sunday,23,June,2021,15,France,EMEA,France Hub,EMEA_CHAT_SUPPORT_T1,Voice,Premium,Customer Support,Tier 3,Telecom,AG-0299,Hassan Min-jun,495,499,434,65,26,292,126728,83.63,16,15,15,67,12,76,61,Retention Call,Billing Query,Bot-Resolved,No,Yes,Yes,No,,,,,,,,,,,,,Positive,0.76,MEM-00299,3-5 years,Insurance,No,Yes,Yes,,No,No,No,REC-0299,HASH-0299
INT-0300,02-12-2021,Thursday,48,December,2021,0,Paraguay,AMER,Paraguay Hub,RETENTION_VOICE_T2,Chat,Enterprise,Support,Tier 1,Retail,AG-0300,Hassan Moore,304,287,261,26,30,336,87696,62.91,16,18,18,63,15,85,66,Loan Inquiry,Service Renewal,Bot-Resolved,No,No,Yes,Yes,02-12-2021,QA-001,Park Sun-hee,91,90,75,86,93,87,Fail,Quality Standards Not Met,Proper documentation procedures followed,Positive,0.88,MEM-00300,4-5 years,Insurance,No,No,Yes,8,Yes,Yes,Yes,REC-0300,HASH-0300
INT-0301,18-03-2022,Friday,11,March,2022,21,United States,AMER,United States Hub,EMEA_CORE_EMAIL_T2,Voice,Premium,Customer Support,Tier 1,E-commerce,AG-0301,Jessica Thanapong,229,258,237,21,47,715,169455,45.3,31,14,15,63,12,84,87,Order Issue,App Crash,Escalated,Yes,No,No,No,,,,,,,,,,,,,Positive,0.8,MEM-00301,3-5 years,Investment,No,Yes,Yes,7,Yes,No,Yes,REC-0301,HASH-0301
INT-0302,31-12-2021,Friday,52,December,2021,17,Germany,EMEA,Germany Hub,CUSTOMER_SUPPORT_CHAT_T1,Chat,Premium,Outbound,Tier 2,Healthcare,AG-0302,Sarah Martin,97,144,134,10,33,707,94738,68.74,22,19,21,60,20,86,77,Account Inquiry,Software Update,Escalated,Yes,No,No,No,,,,,,,,,,,,,Positive,0.96,MEM-00302,2-3 years,Mortgage,No,Yes,Yes,5,Yes,No,No,REC-0302,HASH-0302
INT-0303,03-02-2022,Thursday,5,February,2022,18,China,APAC,China Hub,APAC_CORE_EMAIL_TIER2,Email,Enterprise,Outbound,Tier 3,Retail,AG-0303,Carlos Thompson,276,254,236,18,14,238,56168,69.58,38,6,6,71,4,77,83,Complaint,Charge Dispute,Bot-Resolved,No,No,Yes,Yes,03-02-2022,QA-036,Ivan Marinov,85,84,98,95,97,87,Fail,Quality Standards Not Met,Strong empathy demonstrated,Neutral,0.44,MEM-00303,6+ months,Retail,Yes,Yes,No,9,Yes,No,Yes,REC-0303,HASH-0303
INT-0304,28-09-2021,Tuesday,39,September,2021,3,Pakistan,APAC,Pakistan Hub,APAC_RETAIL_VOICE_T2,Email,Enterprise,Retention,Tier 1,Healthcare,AG-0304,Anna Miller,138,150,122,28,15,256,31232,105.44,31,14,15,81,13,79,80,New Product,App Crash,Bot-Resolved,No,No,Yes,No,,,,,,,,,,,,,Positive,0.98,MEM-00304,6+ months,Business,No,Yes,No,5,Yes,Yes,Yes,REC-0304,HASH-0304
INT-0305,18-06-2021,Friday,24,June,2021,6,Kenya,EMEA,Kenya Hub,EMEA_CORE_EMAIL_T2,Chat,Consumer,Outbound,Tier 3,Telecom,AG-0305,Williams Nurhaliza,465,475,431,44,36,354,152574,113.66,17,16,15,85,12,91,68,Technical Issue,Inventory Problem,Agent-Resolved,No,Yes,No,No,,,,,,,,,,,,,Neutral,0.54,MEM-00305,4-5 years,Mortgage,Yes,Yes,Yes,8,Yes,No,Yes,REC-0305,HASH-0305
INT-0306,27-08-2022,Saturday,34,August,2022,4,China,APAC,China Hub,AMER_EMAIL_SUPPORT_T3,Email,Enterprise,Customer Support,Tier 2,Banking,AG-0306,Hassan Moore,442,463,453,10,1,543,245979,24.08,29,10,11,65,8,88,93,Investment Inquiry,Billing Discrepancy,Bot-Resolved,Yes,Yes,Yes,No,,,,,,,,,,,,,Positive,0.96,MEM-00306,4-5 years,Healthcare,No,Yes,Yes,9,Yes,No,No,REC-0306,HASH-0306
INT-0307,12-08-2022,Friday,32,August,2022,23,Thailand,APAC,Thailand Hub,APAC_CORE_EMAIL_TIER2,Email,Enterprise,Retention,Tier 2,Telecom,AG-0307,Daniel Thompson,89,63,55,8,0,145,7975,57.48,21,7,7,90,6,95,73,Complaint,Service Improvement,Bot-Resolved,No,Yes,Yes,Yes,12-08-2022,QA-022,QA-Team,79,82,77,92,86,79,Fail,Quality Standards Not Met,Strong retention approach demonstrated,Positive,0.95,MEM-00307,1-2 years,Mortgage,No,No,Yes,8,Yes,No,No,REC-0307,HASH-0307
INT-0308,23-06-2021,Wednesday,25,June,2021,18,Japan,APAC,Japan Hub,INBOUND_VOICE_TIER1,Chat,Enterprise,Outbound,Tier 1,Banking,AG-0308,Jessica Thanapong,97,53,47,6,49,525,24675,119.39,18,1,3,81,3,91,95,Order Issue,Login Problem,Escalated,Yes,No,No,No,,,,,,,,,,,,,Neutral,0.49,MEM-00308,1-2 years,Investment,No,Yes,No,,No,Yes,Yes,REC-0308,HASH-0308
INT-0309,14-06-2022,Tuesday,24,June,2022,23,Sweden,EMEA,Sweden Hub,AMER_EMAIL_SUPPORT_T3,Chat,Consumer,Outbound,Tier 3,Retail,AG-0309,Hassan Thomas,397,377,312,65,17,397,123864,66.57,37,5,7,84,7,81,67,Technical Issue,Win-Back Offer,Agent-Resolved,No,Yes,No,Yes,14-06-2022,QA-015,Park Sun-hee,99,83,97,94,83,78,Fail,Quality Standards Not Met,Clear explanation of enrollment process,Neutral,0.45,MEM-00309,3-5 years,Credit Card,No,Yes,Yes,9,Yes,No,No,REC-0309,HASH-0309
INT-0310,02-07-2021,Friday,26,July,2021,5,Argentina,AMER,Argentina Hub,AMER_EMAIL_SUPPORT_T3,Email,Enterprise,Customer Support,Tier 2,Healthcare,AG-0310,Mary Jackson,485,520,460,60,37,551,253460,75.86,35,5,6,60,3,72,63,Technical Issue,Delivery Confirmation,Agent-Resolved,No,Yes,No,No,,,,,,,,,,,,,Neutral,0.47,MEM-00310,3-5 years,Investment,No,Yes,Yes,10,Yes,No,No,REC-0310,HASH-0310
INT-0311,11-10-2021,Monday,41,October,2021,7,Morocco,EMEA,Morocco Hub,AMER_EMAIL_SUPPORT_T3,Voice,Enterprise,Inbound,Tier 1,Retail,AG-0311,Michael Chen,275,268,226,42,17,369,83394,79.96,32,5,7,82,5,76,62,Retention Call,Connectivity,Escalated,Yes,No,No,Yes,11-10-2021,QA-010,Ivan Marinov,80,91,95,95,76,94,Pass,,Professional troubleshooting approach,Positive,0.91,MEM-00311,3-5 years,Enterprise,No,Yes,Yes,,No,No,No,REC-0311,HASH-0311
INT-0312,12-02-2022,Saturday,6,February,2022,6,Greece,EMEA,Greece Hub,EMEA_CORE_EMAIL_T2,Email,Premium,Outbound,Tier 1,E-commerce,AG-0312,James Moore,497,456,411,45,45,274,112614,111.77,39,3,1,64,1,94,60,Product Query,Contract Renewal,Bot-Resolved,No,No,Yes,Yes,12-02-2022,QA-033,QA-Team,95,84,98,97,98,87,Pass,,Accurate and prompt service delivery,Positive,0.9,MEM-00312,4-5 years,Investment,No,Yes,Yes,6,Yes,Yes,Yes,REC-0312,HASH-0312
INT-0313,05-03-2021,Friday,9,March,2021,15,Finland,EMEA,Finland Hub,EMEA_CORE_EMAIL_T2,Chat,Consumer,Support,Tier 3,E-commerce,AG-0313,Robert Hyun-soo,228,244,230,14,28,528,121440,100.8,37,8,8,67,5,76,71,Billing Issue,Enrollment Question,Bot-Resolved,No,Yes,Yes,No,,,,,,,,,,,,,Neutral,0.47,MEM-00313,2-3 years,Mortgage,No,No,Yes,10,Yes,Yes,Yes,REC-0313,HASH-0313
INT-0314,27-08-2022,Saturday,34,August,2022,10,Vietnam,APAC,Vietnam Hub,TECH_SUPPORT_EMAIL_T3,Email,Enterprise,Customer Support,Tier 2,Healthcare,AG-0314,Sophie Thanapong,109,115,101,14,46,802,81002,87.21,40,13,13,75,10,88,82,Complaint,Package Upgrade,Bot-Resolved,No,Yes,Yes,No,,,,,,,,,,,,,Positive,0.93,MEM-00314,3-5 years,Healthcare,No,Yes,Yes,6,Yes,No,No,REC-0314,HASH-0314
INT-0315,05-02-2022,Saturday,5,February,2022,7,South Korea,APAC,South Korea Hub,APAC_EMAIL_SUPPORT_T3,Chat,Consumer,Customer Support,Tier 3,Banking,AG-0315,Jennifer Wei,228,224,204,20,42,817,166668,75.9,33,7,8,90,7,85,95,Investment Inquiry,System Access,Escalated,Yes,No,No,No,,,,,,,,,,,,,Positive,0.97,MEM-00315,4-5 years,Insurance,Yes,Yes,Yes,8,Yes,No,No,REC-0315,HASH-0315
INT-0316,23-09-2022,Friday,38,September,2022,8,Sweden,EMEA,Sweden Hub,INBOUND_VOICE_TIER1,Chat,Consumer,Outbound,Tier 3,Retail,AG-0316,Robert Davis,376,414,399,15,24,494,197106,102.35,36,2,4,90,3,76,73,Technical Issue,Churn Risk,Agent-Resolved,No,Yes,No,No,,,,,,,,,,,,,Positive,0.81,MEM-00316,2-3 years,Mortgage,Yes,Yes,No,5,Yes,Yes,Yes,REC-0316,HASH-0316
INT-0317,14-03-2022,Monday,11,March,2022,20,Brazil,AMER,Brazil Hub,AMER_CORE_EMAIL_TIER2,Voice,Enterprise,Outbound,Tier 2,Retail,AG-0317,Jessica Garcia,238,195,185,10,21,500,92500,43.35,19,20,22,72,20,75,89,Service Issue,Connectivity,Agent-Resolved,No,Yes,No,No,,,,,,,,,,,,,Negative,0.24,MEM-00317,3-5 years,Insurance,Yes,Yes,Yes,8,Yes,No,Yes,REC-0317,HASH-0317
INT-0318,26-10-2022,Wednesday,43,October,2022,7,Indonesia,APAC,Indonesia Hub,RETENTION_VOICE_T2,Email,Enterprise,Outbound,Tier 3,Healthcare,AG-0318,Jennifer Thompson,394,358,334,24,40,120,40080,35.86,28,11,13,73,12,75,87,Account Inquiry,Shipping Inquiry,Escalated,Yes,No,No,Yes,26-10-2022,QA-017,Michael Chen,99,93,98,97,84,87,Pass,,Agent provided comprehensive information,Positive,0.79,MEM-00318,6+ months,Healthcare,No,Yes,Yes,8,Yes,No,No,REC-0318,HASH-0318
INT-0319,21-04-2022,Thursday,16,April,2022,8,Paraguay,AMER,Paraguay Hub,TECH_SUPPORT_EMAIL_T3,Voice,Enterprise,Customer Support,Tier 1,Banking,AG-0319,Sarah Thi Linh,315,361,296,65,32,360,106560,91.23,33,3,4,79,2,83,77,New Product,Information Request,Escalated,Yes,No,No,No,,,,,,,,,,,,,Neutral,0.59,MEM-00319,1-2 years,Credit Card,No,Yes,Yes,5,Yes,No,No,REC-0319,HASH-0319
INT-0320,04-04-2021,Sunday,13,April,2021,4,Italy,EMEA,Italy Hub,INBOUND_VOICE_TIER1,Chat,Premium,Inbound,Tier 2,Banking,AG-0320,Kenji Taylor,442,469,430,39,39,874,375820,72.6,33,19,20,60,19,89,80,Account Issue,Stock Availability,Agent-Resolved,No,Yes,No,No,,,,,,,,,,,,,Positive,0.97,MEM-00320,1-2 years,Mortgage,No,Yes,Yes,8,Yes,No,Yes,REC-0320,HASH-0320
INT-0321,03-07-2021,Saturday,26,July,2021,5,Colombia,AMER,Colombia Hub,RETENTION_VOICE_T2,Voice,Premium,Tech Support,Tier 2,Retail,AG-0321,Michael Thanapong,351,388,317,71,32,882,279594,39.12,30,4,3,74,2,79,77,Retention Call,System Access,Escalated,Yes,No,No,No,,,,,,,,,,,,,Positive,0.76,MEM-00321,5+ years,Healthcare,No,Yes,Yes,5,Yes,No,No,REC-0321,HASH-0321
INT-0322,10-05-2021,Monday,19,May,2021,19,France,EMEA,France Hub,APAC_RETAIL_VOICE_T2,Email,Consumer,Inbound,Tier 3,Healthcare,AG-0322,Sophie Johnson,323,284,250,34,14,158,39500,31.64,15,5,5,88,2,83,77,Product Query,Refund Request,Agent-Resolved,No,Yes,No,No,,,,,,,,,,,,,Negative,0.3,MEM-00322,3-5 years,Mortgage,Yes,Yes,Yes,10,Yes,No,Yes,REC-0322,HASH-0322
INT-0323,21-07-2022,Thursday,29,July,2022,0,Pakistan,APAC,Pakistan Hub,APAC_CORE_EMAIL_TIER2,Email,Enterprise,Customer Support,Tier 1,Telecom,AG-0323,Daniel Thanapong,268,220,179,41,17,627,112233,13.76,26,8,8,91,7,86,89,Sales Call,Connectivity,Bot-Resolved,No,Yes,Yes,No,,,,,,,,,,,,,Neutral,0.57,MEM-00323,1-2 years,Retail,Yes,Yes,Yes,,No,No,No,REC-0323,HASH-0323
INT-0324,14-01-2022,Friday,2,January,2022,5,Vietnam,APAC,Vietnam Hub,APAC_EMAIL_SUPPORT_T3,Email,Enterprise,Tech Support,Tier 2,E-commerce,AG-0324,Jennifer Martin,329,356,324,32,5,701,227124,91.96,28,12,13,92,10,86,87,Loan Inquiry,Statement Inquiry,Agent-Resolved,No,Yes,No,Yes,14-01-2022,QA-040,Thabo Mthembu,79,77,79,96,92,81,Fail,Quality Standards Not Met,Clear explanation of enrollment process,Positive,0.88,MEM-00324,4-5 years,Mortgage,No,Yes,Yes,5,Yes,No,No,REC-0324,HASH-0324
INT-0325,21-01-2021,Thursday,3,January,2021,16,Israel,EMEA,Israel Hub,TECH_SUPPORT_EMAIL_T3,Chat,Enterprise,Inbound,Tier 1,Banking,AG-0325,Jennifer Ahmed,325,284,228,56,24,795,181260,75.79,20,2,1,91,1,79,74,Account Issue,Login Problem,Bot-Resolved,No,No,Yes,No,,,,,,,,,,,,,Positive,0.75,MEM-00325,1-2 years,Credit Card,No,Yes,Yes,10,Yes,No,Yes,REC-0325,HASH-0325
INT-0326,22-06-2021,Tuesday,25,June,2021,11,Greece,EMEA,Greece Hub,OUTBOUND_SALES_T2,Voice,Premium,Inbound,Tier 1,Banking,AG-0326,Siti Thanapong,226,263,223,40,5,780,173940,41.15,22,10,12,90,9,72,92,Account Inquiry,Balance Inquiry,Agent-Resolved,No,Yes,No,No,,,,,,,,,,,,,Positive,0.91,MEM-00326,2-3 years,Insurance,No,Yes,Yes,5,Yes,No,No,REC-0326,HASH-0326
INT-0327,17-10-2021,Sunday,41,October,2021,1,Czech Republic,EMEA,Czech Republic Hub,RETENTION_VOICE_T2,Chat,Consumer,Outbound,Tier 2,Healthcare,AG-0327,Carlos Anderson,179,228,187,41,22,811,151657,45.16,17,10,10,74,10,90,76,Order Issue,Churn Risk,Escalated,Yes,No,No,No,,,,,,,,,,,,,Positive,0.97,MEM-00327,3-5 years,Healthcare,Yes,Yes,Yes,6,Yes,No,No,REC-0327,HASH-0327
INT-0328,25-02-2021,Thursday,8,February,2021,8,Spain,EMEA,Spain Hub,AMER_EMAIL_SUPPORT_T3,Voice,Consumer,Outbound,Tier 1,Retail,AG-0328,Rachel Jackson,323,320,315,5,39,680,214200,117.31,38,8,10,86,7,77,95,Complaint,Software Bug,Bot-Resolved,No,No,Yes,No,,,,,,,,,,,,,Positive,0.75,MEM-00328,5+ years,Savings,Yes,Yes,Yes,5,Yes,No,No,REC-0328,HASH-0328
INT-0329,01-12-2022,Thursday,48,December,2022,0,Canada,AMER,Canada Hub,OUTBOUND_SALES_T2,Voice,Premium,Support,Tier 2,Healthcare,AG-0329,Robert Petrova,254,267,234,33,6,671,157014,16.26,21,18,20,86,20,95,71,Sales Call,Balance Check,Agent-Resolved,No,Yes,No,No,,,,,,,,,,,,,Neutral,0.53,MEM-00329,6+ months,Checking,Yes,No,Yes,,No,No,No,REC-0329,HASH-0329
INT-0330,24-11-2021,Wednesday,47,November,2021,20,France,EMEA,France Hub,CUSTOMER_SUPPORT_CHAT_T1,Chat,Consumer,Customer Support,Tier 1,Banking,AG-0330,Emma Rodriguez,490,479,445,34,36,543,241635,101.27,40,6,6,72,4,83,90,Account Opening,Pricing Concern,Agent-Resolved,No,Yes,No,No,,,,,,,,,,,,,Positive,0.85,MEM-00330,4-5 years,Business,No,Yes,Yes,,No,No,Yes,REC-0330,HASH-0330
INT-0331,25-12-2022,Sunday,51,December,2022,2,Vietnam,APAC,Vietnam Hub,INBOUND_VOICE_TIER1,Email,Premium,Retention,Tier 2,Healthcare,AG-0331,James Anderson,68,62,56,6,38,541,30296,22.36,28,19,20,76,20,76,90,New Product,Network Outage,Escalated,Yes,No,No,Yes,25-12-2022,QA-034,Thabo Mthembu,99,83,77,87,82,94,Pass,,Professional troubleshooting approach,Positive,0.95,MEM-00331,6+ years,Investment,No,Yes,Yes,10,Yes,No,Yes,REC-0331,HASH-0331
INT-0332,27-03-2021,Saturday,12,March,2021,10,United States,AMER,United States Hub,AMER_CORE_EMAIL_TIER2,Chat,Enterprise,Retention,Tier 3,Healthcare,AG-0332,Rashid Rodriguez,198,233,196,37,33,121,23716,105.6,26,18,16,77,13,80,93,New Product,App Crash,Agent-Resolved,No,Yes,No,Yes,27-03-2021,QA-006,Samuel Kipchoge,80,97,90,78,99,90,Pass,,Addressed customer concerns appropriately,Neutral,0.4,MEM-00332,5+ years,Mortgage,No,Yes,Yes,8,Yes,Yes,Yes,REC-0332,HASH-0332
INT-0333,07-09-2021,Tuesday,36,September,2021,13,Hong Kong,APAC,Hong Kong Hub,INBOUND_VOICE_TIER1,Chat,Consumer,Outbound,Tier 3,Retail,AG-0333,Emma Moore,414,399,341,58,9,285,97185,102.1,25,1,1,65,1,85,80,Sales Call,Network Quality,Escalated,Yes,No,No,No,,,,,,,,,,,,,Positive,0.87,MEM-00333,6+ years,Checking,Yes,Yes,Yes,6,Yes,No,Yes,REC-0333,HASH-0333
INT-0334,05-10-2021,Tuesday,40,October,2021,8,South Africa,EMEA,South Africa Hub,APAC_CORE_EMAIL_TIER2,Chat,Enterprise,Retention,Tier 3,Banking,AG-0334,Carlos Davis,427,439,374,65,44,630,235620,107.72,32,2,3,90,2,89,70,Order Issue,Contract Renewal,Escalated,Yes,No,No,Yes,05-10-2021,QA-048,Thabo Mthembu,80,84,85,88,84,86,Fail,Quality Standards Not Met,Professional troubleshooting approach,Negative,0.39,MEM-00334,4-5 years,Checking,Yes,Yes,No,,No,No,No,REC-0334,HASH-0334
INT-0335,20-03-2021,Saturday,11,March,2021,20,Ukraine,EMEA,Ukraine Hub,APAC_RETAIL_VOICE_T2,Email,Consumer,Inbound,Tier 3,Banking,AG-0335,Maria Hassan,292,335,319,16,25,257,81983,30.65,32,7,7,74,7,92,65,Technical Issue,Refund Request,Agent-Resolved,No,Yes,No,No,,,,,,,,,,,,,Positive,0.82,MEM-00335,2-3 years,Mortgage,No,Yes,Yes,9,Yes,No,No,REC-0335,HASH-0335
INT-0336,28-08-2022,Sunday,34,August,2022,8,South Korea,APAC,South Korea Hub,RETENTION_VOICE_T2,Voice,Premium,Customer Support,Tier 2,E-commerce,AG-0336,Rashid Thi Linh,154,141,125,16,22,532,66500,21.18,37,17,16,69,16,84,85,Account Inquiry,Service Renewal,Bot-Resolved,No,No,Yes,Yes,28-08-2022,QA-003,Emma Thompson,79,96,80,94,81,80,Fail,Quality Standards Not Met,Clear technical explanation provided,Neutral,0.51,MEM-00336,4-5 years,Investment,No,Yes,Yes,8,Yes,Yes,Yes,REC-0336,HASH-0336
INT-0337,20-12-2021,Monday,51,December,2021,11,Czech Republic,EMEA,Czech Republic Hub,AMER_EMAIL_SUPPORT_T3,Chat,Enterprise,Inbound,Tier 1,Healthcare,AG-0337,Lisa Santoso,214,171,151,20,0,534,80634,49.82,39,7,9,70,9,78,83,Service Issue,Stock Availability,Bot-Resolved,No,No,Yes,No,,,,,,,,,,,,,Positive,0.9,MEM-00337,1-2 years,Enterprise,No,Yes,No,9,Yes,No,No,REC-0337,HASH-0337
INT-0338,17-12-2022,Saturday,50,December,2022,20,Israel,EMEA,Israel Hub,APAC_CORE_EMAIL_TIER2,Email,Consumer,Outbound,Tier 3,E-commerce,AG-0338,Kim Wei,64,89,85,4,3,632,53720,106.11,38,13,12,75,9,74,72,Order Issue,Promotion Details,Bot-Resolved,No,No,Yes,No,,,,,,,,,,,,,Positive,0.76,MEM-00338,6+ months,Insurance,Yes,Yes,No,,No,No,No,REC-0338,HASH-0338
INT-0339,30-08-2022,Tuesday,35,August,2022,21,Pakistan,APAC,Pakistan Hub,TECH_SUPPORT_EMAIL_T3,Chat,Consumer,Customer Support,Tier 3,Telecom,AG-0339,Jessica Laurent,388,339,275,64,14,697,191675,26.09,38,7,5,63,5,94,71,Retention Call,Network Quality,Bot-Resolved,No,No,Yes,No,,,,,,,,,,,,,Positive,0.8,MEM-00339,2-3 years,Enterprise,No,Yes,Yes,7,Yes,No,No,REC-0339,HASH-0339
INT-0340,21-12-2021,Tuesday,51,December,2021,17,South Korea,APAC,South Korea Hub,AMER_EMAIL_SUPPORT_T3,Email,Consumer,Support,Tier 1,Telecom,AG-0340,Jennifer Anderson,449,403,386,17,19,573,221178,73.08,30,8,8,83,5,82,62,Product Query,Package Upgrade,Escalated,Yes,No,No,No,,,,,,,,,,,,,Positive,0.99,MEM-00340,5+ years,Insurance,Yes,Yes,Yes,8,Yes,No,No,REC-0340,HASH-0340
INT-0341,16-09-2022,Friday,37,September,2022,11,Indonesia,APAC,Indonesia Hub,APAC_CORE_EMAIL_TIER2,Voice,Premium,Tech Support,Tier 1,E-commerce,AG-0341,Rachel Wei,91,62,60,2,17,313,18780,58.22,27,18,19,60,16,94,82,Account Inquiry,Language Support,Escalated,Yes,No,No,Yes,16-09-2022,QA-013,Thabo Mthembu,81,87,88,93,79,77,Pass,,Appropriate escalation criteria applied,Neutral,0.55,MEM-00341,4-5 years,Savings,No,Yes,No,5,Yes,No,Yes,REC-0341,HASH-0341
INT-0342,26-11-2021,Friday,47,November,2021,15,Sweden,EMEA,Sweden Hub,INBOUND_VOICE_TIER1,Chat,Premium,Tech Support,Tier 3,Healthcare,AG-0342,Anna Thanapong,66,45,39,6,6,175,6825,18.3,25,3,3,61,2,79,82,Sales Call,Statement Inquiry,Escalated,Yes,No,No,No,,,,,,,,,,,,,Neutral,0.57,MEM-00342,2-3 years,Savings,No,Yes,Yes,5,Yes,Yes,Yes,REC-0342,HASH-0342
INT-0343,20-02-2022,Sunday,7,February,2022,20,Germany,EMEA,Germany Hub,AMER_RETAIL_VOICE_T2,Chat,Enterprise,Outbound,Tier 1,Healthcare,AG-0343,Lisa Wilson,381,425,374,51,9,502,187748,81.93,37,13,11,83,11,81,76,Product Query,Billing Query,Bot-Resolved,No,No,Yes,No,,,,,,,,,,,,,Negative,0.12,MEM-00343,6+ months,Business,No,Yes,No,5,Yes,No,No,REC-0343,HASH-0343
INT-0344,24-03-2022,Thursday,12,March,2022,3,Japan,APAC,Japan Hub,AMER_EMAIL_SUPPORT_T3,Voice,Premium,Outbound,Tier 2,E-commerce,AG-0344,Sophie Moore,410,366,336,30,19,338,113568,73.17,30,9,9,95,7,70,93,Loan Inquiry,Billing Discrepancy,Agent-Resolved,No,Yes,No,Yes,24-03-2022,QA-016,QA-Team,85,77,78,78,93,89,Fail,Quality Standards Not Met,Confirmed delivery details accurately,Neutral,0.42,MEM-00344,1-2 years,Enterprise,No,Yes,Yes,10,Yes,No,No,REC-0344,HASH-0344
INT-0345,10-01-2021,Sunday,1,January,2021,11,Indonesia,APAC,Indonesia Hub,RETENTION_VOICE_T2,Voice,Enterprise,Customer Support,Tier 1,Banking,AG-0345,Choe Wei,79,95,77,18,20,739,56903,53.23,26,16,18,85,16,93,60,Account Inquiry,Refund Request,Agent-Resolved,No,Yes,No,No,,,,,,,,,,,,,Positive,0.8,MEM-00345,6+ years,Business,No,Yes,Yes,6,Yes,No,No,REC-0345,HASH-0345
INT-0346,23-02-2022,Wednesday,8,February,2022,9,Israel,EMEA,Israel Hub,AMER_EMAIL_SUPPORT_T3,Voice,Consumer,Customer Support,Tier 1,Telecom,AG-0346,Lee Thompson,81,120,115,5,15,581,66815,50.04,15,3,1,70,1,92,68,Order Issue,Charge Dispute,Escalated,Yes,No,No,Yes,23-02-2022,QA-018,Thabo Mthembu,88,92,95,97,94,80,Pass,,Professional troubleshooting approach,Positive,0.94,MEM-00346,6+ months,Healthcare,Yes,Yes,Yes,,No,No,Yes,REC-0346,HASH-0346
INT-0347,23-12-2021,Thursday,51,December,2021,9,Luxembourg,EMEA,Luxembourg Hub,EMEA_CORE_EMAIL_T2,Email,Consumer,Outbound,Tier 3,E-commerce,AG-0347,Robert Nurhaliza,417,383,308,75,17,330,101640,15.11,16,12,13,86,10,71,76,New Product,Language Support,Escalated,Yes,No,No,No,,,,,,,,,,,,,Positive,0.9,MEM-00347,4-5 years,Business,Yes,Yes,No,7,Yes,No,No,REC-0347,HASH-0347
INT-0348,21-02-2022,Monday,8,February,2022,4,Ukraine,EMEA,Ukraine Hub,APAC_RETAIL_VOICE_T2,Voice,Premium,Tech Support,Tier 3,Healthcare,AG-0348,Williams Anderson,131,138,117,21,25,413,48321,30.26,34,15,13,69,10,94,75,Account Inquiry,Delivery Delay,Escalated,Yes,No,No,No,,,,,,,,,,,,,Negative,0.13,MEM-00348,4-5 years,Healthcare,No,Yes,Yes,,No,No,No,REC-0348,HASH-0348
INT-0349,03-02-2022,Thursday,5,February,2022,19,Finland,EMEA,Finland Hub,APAC_EMAIL_SUPPORT_T3,Chat,Consumer,Tech Support,Tier 1,Healthcare,AG-0349,James Thanapong,389,359,331,28,10,802,265462,59.06,36,20,20,66,19,89,63,Product Query,Balance Inquiry,Bot-Resolved,No,Yes,Yes,Yes,03-02-2022,QA-006,Priya Saksit,79,95,97,86,92,90,Fail,Quality Standards Not Met,Good greeting protocol observed,Negative,0.14,MEM-00349,6+ months,Insurance,No,Yes,Yes,9,Yes,No,No,REC-0349,HASH-0349
INT-0350,28-04-2022,Thursday,17,April,2022,13,North Korea,APAC,North Korea Hub,APAC_CORE_EMAIL_TIER2,Email,Enterprise,Retention,Tier 3,Retail,AG-0350,Jennifer Taylor,228,264,220,44,22,549,120780,63.33,24,6,8,66,7,81,62,Service Issue,Delivery Delay,Agent-Resolved,No,Yes,No,Yes,28-04-2022,QA-004,Priya Saksit,81,80,87,77,82,87,Fail,Quality Standards Not Met,Proper escalation procedure followed,Neutral,0.52,MEM-00350,1-2 years,Insurance,No,No,Yes,10,Yes,No,Yes,REC-0350,HASH-0350
INT-0351,29-11-2021,Monday,48,November,2021,9,Hong Kong,APAC,Hong Kong Hub,AMER_EMAIL_SUPPORT_T3,Chat,Consumer,Tech Support,Tier 1,E-commerce,AG-0351,Naledi Min-jun,460,466,391,75,3,145,56695,92.83,24,3,5,85,4,84,69,Account Issue,Billing Discrepancy,Bot-Resolved,No,No,Yes,No,,,,,,,,,,,,,Negative,0.12,MEM-00351,4-5 years,Investment,No,Yes,No,7,Yes,No,No,REC-0351,HASH-0351
INT-0352,19-09-2022,Monday,38,September,2022,8,Czech Republic,EMEA,Czech Republic Hub,APAC_CORE_EMAIL_TIER2,Voice,Premium,Inbound,Tier 2,Banking,AG-0352,David Brown,436,421,378,43,3,460,173880,79.03,27,6,6,89,4,90,92,Service Issue,System Access,Escalated,Yes,No,No,No,,,,,,,,,,,,,Positive,0.98,MEM-00352,3-5 years,Business,No,Yes,Yes,,No,Yes,Yes,REC-0352,HASH-0352
INT-0353,17-10-2021,Sunday,41,October,2021,8,Canada,AMER,Canada Hub,RETENTION_VOICE_T2,Voice,Premium,Outbound,Tier 1,Banking,AG-0353,Chen Wei,239,189,160,29,9,581,92960,11.27,28,11,11,79,10,70,92,Retention Call,Portfolio Review,Escalated,Yes,No,No,No,,,,,,,,,,,,,Positive,0.81,MEM-00353,4-5 years,Credit Card,No,Yes,Yes,5,Yes,No,No,REC-0353,HASH-0353
INT-0354,03-10-2021,Sunday,39,October,2021,22,Paraguay,AMER,Paraguay Hub,EMEA_CHAT_SUPPORT_T1,Email,Premium,Support,Tier 3,Banking,AG-0354,Anna Nyambura,343,367,301,66,6,265,79765,86.12,26,13,14,60,12,80,69,New Product,Software Bug,Escalated,Yes,No,No,No,,,,,,,,,,,,,Positive,0.84,MEM-00354,1-2 years,Savings,No,Yes,Yes,6,Yes,No,Yes,REC-0354,HASH-0354
INT-0355,03-08-2022,Wednesday,31,August,2022,12,Pakistan,APAC,Pakistan Hub,EMEA_CHAT_SUPPORT_T1,Voice,Enterprise,Customer Support,Tier 2,E-commerce,AG-0355,Naledi Min-jun,317,268,250,18,39,537,134250,85.64,25,4,4,67,3,85,75,Service Issue,Enrollment Question,Escalated,Yes,No,No,No,,,,,,,,,,,,,Positive,0.89,MEM-00355,6+ months,Mortgage,Yes,Yes,No,10,Yes,No,No,REC-0355,HASH-0355
INT-0356,21-06-2021,Monday,25,June,2021,14,Turkey,EMEA,Turkey Hub,APAC_EMAIL_SUPPORT_T3,Chat,Premium,Outbound,Tier 1,Healthcare,AG-0356,Bat-Erdene Thompson,226,244,214,30,30,158,33812,60.51,18,3,2,74,2,72,73,Loan Inquiry,Plan Selection,Bot-Resolved,No,Yes,Yes,Yes,21-06-2021,QA-014,QA-Team,93,99,77,81,85,97,Pass,,Clear explanation of enrollment process,Negative,0.2,MEM-00356,5+ years,Mortgage,No,Yes,No,,No,No,No,REC-0356,HASH-0356
INT-0357,17-04-2022,Sunday,15,April,2022,6,South Korea,APAC,South Korea Hub,EMEA_CORE_EMAIL_T2,Chat,Premium,Retention,Tier 3,Telecom,AG-0357,Ahmad Dupont,339,351,286,65,38,142,40612,89.76,35,17,18,62,16,74,89,Product Query,Pricing Concern,Bot-Resolved,Yes,No,Yes,No,,,,,,,,,,,,,Negative,0.26,MEM-00357,5+ years,Enterprise,Yes,No,Yes,,No,No,Yes,REC-0357,HASH-0357
INT-0358,07-05-2021,Friday,18,May,2021,1,Czech Republic,EMEA,Czech Republic Hub,INBOUND_VOICE_TIER1,Email,Premium,Outbound,Tier 3,Retail,AG-0358,James Jackson,87,84,80,4,22,233,18640,63.63,29,2,1,95,1,89,95,Loan Inquiry,Service Quality,Agent-Resolved,No,Yes,No,No,,,,,,,,,,,,,Neutral,0.52,MEM-00358,2-3 years,Healthcare,No,No,Yes,5,Yes,No,No,REC-0358,HASH-0358
INT-0359,03-01-2021,Sunday,53,January,2021,12,Finland,EMEA,Finland Hub,AMER_CORE_EMAIL_TIER2,Email,Consumer,Retention,Tier 2,Banking,AG-0359,Carlos Brown,213,189,166,23,45,126,20916,69.27,28,3,5,90,3,74,94,Service Issue,Network Outage,Bot-Resolved,No,No,Yes,No,,,,,,,,,,,,,Neutral,0.58,MEM-00359,5+ years,Business,No,Yes,No,,No,No,No,REC-0359,HASH-0359
INT-0360,06-05-2021,Thursday,18,May,2021,11,Slovakia,EMEA,Slovakia Hub,APAC_CORE_EMAIL_TIER2,Chat,Premium,Outbound,Tier 3,E-commerce,AG-0360,Sarah Moore,485,467,416,51,25,195,81120,27.87,33,18,17,84,16,79,82,Product Query,Service Quality,Bot-Resolved,No,No,Yes,No,,,,,,,,,,,,,Positive,0.79,MEM-00360,6+ years,Checking,No,Yes,Yes,8,Yes,No,No,REC-0360,HASH-0360
INT-0361,09-11-2022,Wednesday,45,November,2022,10,Slovakia,EMEA,Slovakia Hub,INBOUND_VOICE_TIER1,Chat,Consumer,Customer Support,Tier 1,Banking,AG-0361,Ahmad Thanapong,143,157,151,6,10,589,88939,5.71,37,1,1,93,1,89,67,New Product,Product Defect,Bot-Resolved,Yes,No,Yes,No,,,,,,,,,,,,,Positive,0.95,MEM-00361,6+ months,Investment,Yes,Yes,Yes,,No,No,No,REC-0361,HASH-0361
INT-0362,29-11-2021,Monday,48,November,2021,18,Argentina,AMER,Argentina Hub,APAC_EMAIL_SUPPORT_T3,Email,Enterprise,Inbound,Tier 2,Banking,AG-0362,Tran Dupont,228,235,223,12,45,182,40586,53.73,17,2,2,60,1,76,75,Loan Inquiry,Service Improvement,Escalated,Yes,No,No,Yes,29-11-2021,QA-047,Samuel Kipchoge,88,77,87,87,98,89,Pass,,Strong retention approach demonstrated,Positive,0.9,MEM-00362,6+ years,Savings,No,Yes,Yes,8,Yes,No,No,REC-0362,HASH-0362
INT-0363,05-03-2021,Friday,9,March,2021,22,Canada,AMER,Canada Hub,AMER_EMAIL_SUPPORT_T3,Email,Premium,Retention,Tier 2,E-commerce,AG-0363,Rachel Johnson,97,74,73,1,38,685,50005,49.66,26,14,16,79,15,82,78,Investment Inquiry,Language Support,Bot-Resolved,No,No,Yes,Yes,05-03-2021,QA-013,Michael Chen,91,75,85,88,80,90,Pass,,Agent provided comprehensive information,Positive,0.91,MEM-00363,2-3 years,Insurance,No,Yes,Yes,5,Yes,Yes,Yes,REC-0363,HASH-0363
INT-0364,30-12-2021,Thursday,52,December,2021,16,Hong Kong,APAC,Hong Kong Hub,APAC_CORE_EMAIL_TIER2,Email,Premium,Tech Support,Tier 1,Telecom,AG-0364,Lee Ahmed,366,358,338,20,43,303,102414,54.57,40,16,17,63,15,92,65,Account Inquiry,Billing Discrepancy,Agent-Resolved,No,Yes,No,No,,,,,,,,,,,,,Positive,0.83,MEM-00364,6+ years,Healthcare,Yes,Yes,Yes,,No,Yes,Yes,REC-0364,HASH-0364
INT-0365,07-09-2021,Tuesday,36,September,2021,2,South Korea,APAC,South Korea Hub,AMER_CORE_EMAIL_TIER2,Voice,Enterprise,Inbound,Tier 3,Telecom,AG-0365,Thomas Hyun-soo,380,331,287,44,25,545,156415,118.21,22,13,14,67,14,84,87,Sales Call,Balance Inquiry,Escalated,Yes,No,No,No,,,,,,,,,,,,,Positive,0.82,MEM-00365,1-2 years,Mortgage,No,Yes,Yes,6,Yes,No,No,REC-0365,HASH-0365
INT-0366,23-06-2021,Wednesday,25,June,2021,2,Spain,EMEA,Spain Hub,APAC_CORE_EMAIL_TIER2,Voice,Premium,Support,Tier 1,Retail,AG-0366,Grace Hyun-soo,456,438,371,67,5,372,138012,106.35,24,14,12,64,11,84,88,Product Query,System Access,Escalated,Yes,No,No,No,,,,,,,,,,,,,Positive,0.93,MEM-00366,2-3 years,Savings,Yes,No,No,7,Yes,No,No,REC-0366,HASH-0366
INT-0367,31-03-2021,Wednesday,13,March,2021,13,Vietnam,APAC,Vietnam Hub,INBOUND_VOICE_TIER1,Chat,Enterprise,Tech Support,Tier 3,E-commerce,AG-0367,Jennifer Nyambura,338,368,333,35,35,430,143190,42.64,24,3,4,64,3,93,95,Account Inquiry,Insurance Product,Escalated,Yes,No,No,No,,,,,,,,,,,,,Negative,0.39,MEM-00367,6+ years,Insurance,No,Yes,No,,No,No,No,REC-0367,HASH-0367
INT-0368,27-06-2022,Monday,26,June,2022,9,United States,AMER,United States Hub,AMER_RETAIL_VOICE_T2,Email,Enterprise,Customer Support,Tier 2,E-commerce,AG-0368,Chen Thomas,465,477,412,65,41,229,94348,46.79,40,17,18,75,17,86,69,Billing Issue,Rate Inquiry,Bot-Resolved,No,No,Yes,No,,,,,,,,,,,,,Neutral,0.6,MEM-00368,4-5 years,Business,No,Yes,Yes,7,Yes,No,No,REC-0368,HASH-0368
INT-0369,13-12-2022,Tuesday,50,December,2022,7,China,APAC,China Hub,INBOUND_VOICE_TIER1,Chat,Premium,Inbound,Tier 2,Healthcare,AG-0369,Mary Anderson,193,154,143,11,24,669,95667,68.34,24,2,2,67,1,79,78,Loan Inquiry,Password Reset,Bot-Resolved,No,No,Yes,No,,,,,,,,,,,,,Neutral,0.47,MEM-00369,1-2 years,Healthcare,No,Yes,No,8,Yes,No,No,REC-0369,HASH-0369
INT-0370,15-07-2021,Thursday,28,July,2021,10,South Korea,APAC,South Korea Hub,OUTBOUND_SALES_T2,Chat,Enterprise,Tech Support,Tier 2,Healthcare,AG-0370,Sarah Davis,56,18,17,1,1,631,10727,119.69,22,1,1,89,1,71,60,Technical Issue,Charge Dispute,Bot-Resolved,No,No,Yes,No,,,,,,,,,,,,,Positive,0.78,MEM-00370,3-5 years,Enterprise,No,Yes,Yes,6,Yes,Yes,Yes,REC-0370,HASH-0370
INT-0371,21-09-2022,Wednesday,38,September,2022,20,Iceland,EMEA,Iceland Hub,APAC_EMAIL_SUPPORT_T3,Email,Premium,Retention,Tier 2,Retail,AG-0371,Choe Wilson,313,265,259,6,31,503,130277,55.97,15,11,11,84,9,71,66,Investment Inquiry,Churn Risk,Agent-Resolved,No,Yes,No,Yes,21-09-2022,QA-041,Park Sun-hee,96,93,79,79,92,77,Fail,Quality Standards Not Met,Strong empathy demonstrated,Positive,0.98,MEM-00371,6+ years,Healthcare,No,Yes,Yes,,No,No,No,REC-0371,HASH-0371
INT-0372,22-05-2022,Sunday,20,May,2022,21,North Korea,APAC,North Korea Hub,AMER_CORE_EMAIL_TIER2,Chat,Consumer,Tech Support,Tier 2,Healthcare,AG-0372,Mary Wei,198,149,123,26,12,563,69249,34.85,34,4,6,71,5,95,92,New Product,Product Quality,Bot-Resolved,No,No,Yes,Yes,22-05-2022,QA-040,QA-Team,75,92,75,87,77,94,Pass,,Strong empathy demonstrated,Positive,0.83,MEM-00372,6+ months,Credit Card,No,Yes,No,5,Yes,No,No,REC-0372,HASH-0372
INT-0373,18-02-2021,Thursday,7,February,2021,16,Turkey,EMEA,Turkey Hub,RETENTION_VOICE_T2,Email,Premium,Support,Tier 3,Healthcare,AG-0373,Choe Martin,347,311,267,44,28,192,51264,50.21,34,16,16,66,15,95,82,Loan Inquiry,Portfolio Review,Agent-Resolved,No,Yes,No,No,,,,,,,,,,,,,Positive,0.9,MEM-00373,6+ years,Checking,No,Yes,Yes,,No,No,No,REC-0373,HASH-0373
INT-0374,18-10-2021,Monday,42,October,2021,20,Argentina,AMER,Argentina Hub,RETENTION_VOICE_T2,Email,Premium,Retention,Tier 3,Healthcare,AG-0374,Williams White,118,166,137,29,13,422,57814,6.67,15,13,12,78,9,83,67,Account Opening,Insurance Product,Agent-Resolved,No,Yes,No,Yes,18-10-2021,QA-024,Michael Chen,91,87,96,86,81,80,Fail,Quality Standards Not Met,Clear explanation of enrollment process,Positive,0.8,MEM-00374,6+ months,Retail,Yes,Yes,Yes,5,Yes,No,No,REC-0374,HASH-0374
INT-0375,14-04-2021,Wednesday,15,April,2021,19,Iceland,EMEA,Iceland Hub,APAC_CORE_EMAIL_TIER2,Chat,Consumer,Customer Support,Tier 3,Healthcare,AG-0375,Kenji Nyambura,289,333,318,15,49,825,262350,61.22,15,13,13,87,11,82,64,Investment Inquiry,Promotion Details,Bot-Resolved,No,Yes,Yes,Yes,14-04-2021,QA-026,Thabo Mthembu,97,87,88,76,97,83,Fail,Quality Standards Not Met,Good greeting protocol observed,Positive,0.92,MEM-00375,5+ years,Savings,Yes,Yes,Yes,,No,No,No,REC-0375,HASH-0375
INT-0376,20-07-2022,Wednesday,29,July,2022,2,Italy,EMEA,Italy Hub,EMEA_CORE_EMAIL_T2,Chat,Premium,Inbound,Tier 2,Telecom,AG-0376,Hassan Rodriguez,341,354,330,24,12,350,115500,37.38,20,4,4,71,4,81,71,Complaint,Software Bug,Bot-Resolved,No,No,Yes,No,,,,,,,,,,,,,Positive,0.75,MEM-00376,5+ years,Enterprise,No,Yes,Yes,,No,No,No,REC-0376,HASH-0376
INT-0377,20-05-2021,Thursday,20,May,2021,12,Finland,EMEA,Finland Hub,AMER_EMAIL_SUPPORT_T3,Email,Enterprise,Customer Support,Tier 2,Retail,AG-0377,Hassan Thompson,197,208,205,3,22,784,160720,13.28,39,4,2,81,1,86,69,Account Issue,Cancellation Attempt,Bot-Resolved,No,Yes,Yes,Yes,20-05-2021,QA-044,Samuel Kipchoge,78,94,81,84,82,93,Pass,,Appropriate escalation criteria applied,Positive,0.98,MEM-00377,5+ years,Checking,No,Yes,Yes,6,Yes,No,Yes,REC-0377,HASH-0377
INT-0378,28-03-2021,Sunday,12,March,2021,5,Mexico,AMER,Mexico Hub,APAC_EMAIL_SUPPORT_T3,Email,Premium,Support,Tier 3,Healthcare,AG-0378,Jessica Santoso,285,264,218,46,40,405,88290,112.76,17,5,3,60,2,73,83,Account Inquiry,Return Request,Bot-Resolved,No,No,Yes,Yes,28-03-2021,QA-049,Thabo Mthembu,99,78,89,84,79,80,Pass,,Clear explanation of enrollment process,Positive,0.79,MEM-00378,4-5 years,Investment,No,Yes,No,5,Yes,No,Yes,REC-0378,HASH-0378
INT-0379,17-06-2021,Thursday,24,June,2021,23,Colombia,AMER,Colombia Hub,INBOUND_VOICE_TIER1,Voice,Consumer,Customer Support,Tier 2,Retail,AG-0379,Lisa Dupont,325,285,276,9,24,711,196236,33.85,18,12,12,89,9,86,93,Product Query,Service Renewal,Escalated,Yes,No,No,Yes,17-06-2021,QA-032,QA-Team,82,79,81,99,82,78,Pass,,Professional troubleshooting approach,Positive,0.9,MEM-00379,6+ months,Checking,No,Yes,No,8,Yes,No,No,REC-0379,HASH-0379
INT-0380,31-05-2021,Monday,22,May,2021,14,Sweden,EMEA,Sweden Hub,AMER_EMAIL_SUPPORT_T3,Voice,Premium,Customer Support,Tier 3,Healthcare,AG-0380,Thomas Jackson,337,287,261,26,14,275,71775,57.25,39,9,9,89,9,83,66,Technical Issue,Insurance Product,Bot-Resolved,No,Yes,Yes,No,,,,,,,,,,,,,Positive,0.76,MEM-00380,1-2 years,Business,Yes,Yes,Yes,6,Yes,Yes,Yes,REC-0380,HASH-0380
INT-0381,28-01-2021,Thursday,4,January,2021,14,Thailand,APAC,Thailand Hub,AMER_CORE_EMAIL_TIER2,Email,Premium,Inbound,Tier 3,Healthcare,AG-0381,Kenji Anderson,205,207,166,41,16,302,50132,65.22,36,5,4,74,1,73,62,Account Issue,Churn Risk,Bot-Resolved,No,No,Yes,No,,,,,,,,,,,,,Neutral,0.5,MEM-00381,6+ years,Mortgage,No,Yes,Yes,8,Yes,No,No,REC-0381,HASH-0381
INT-0382,23-12-2021,Thursday,51,December,2021,4,Pakistan,APAC,Pakistan Hub,INBOUND_VOICE_TIER1,Chat,Enterprise,Outbound,Tier 1,Banking,AG-0382,Jennifer Ahmed,207,178,151,27,34,823,124273,94.72,15,20,21,74,19,89,78,Sales Call,Preference Update,Escalated,Yes,No,No,Yes,23-12-2021,QA-018,Park Sun-hee,89,89,99,85,89,91,Fail,Quality Standards Not Met,Proper escalation procedure followed,Positive,0.77,MEM-00382,1-2 years,Healthcare,No,Yes,Yes,8,Yes,No,Yes,REC-0382,HASH-0382
INT-0383,02-10-2021,Saturday,39,October,2021,17,Kenya,EMEA,Kenya Hub,AMER_CORE_EMAIL_TIER2,Email,Enterprise,Outbound,Tier 1,Retail,AG-0383,Emma Anderson,228,243,206,37,11,180,37080,98.52,24,9,11,79,9,71,84,Investment Inquiry,Shipping Inquiry,Escalated,Yes,No,No,No,,,,,,,,,,,,,Positive,0.97,MEM-00383,1-2 years,Investment,No,Yes,Yes,,No,Yes,Yes,REC-0383,HASH-0383
INT-0384,27-04-2022,Wednesday,17,April,2022,4,Turkey,EMEA,Turkey Hub,INBOUND_VOICE_TIER1,Chat,Premium,Inbound,Tier 1,Healthcare,AG-0384,Williams Hyun-soo,340,360,327,33,33,319,104313,8.37,22,14,13,60,13,72,70,New Product,Billing Query,Agent-Resolved,No,Yes,No,Yes,27-04-2022,QA-010,Michael Chen,88,84,76,84,93,89,Fail,Quality Standards Not Met,Handled quality concern professionally,Neutral,0.46,MEM-00384,6+ years,Mortgage,No,Yes,Yes,10,Yes,No,No,REC-0384,HASH-0384
INT-0385,08-02-2022,Tuesday,6,February,2022,21,Slovakia,EMEA,Slovakia Hub,AMER_EMAIL_SUPPORT_T3,Chat,Enterprise,Support,Tier 1,Banking,AG-0385,Michael Jackson,365,362,330,32,4,696,229680,78.34,21,11,13,89,12,86,63,Service Issue,Password Reset,Agent-Resolved,No,Yes,No,No,,,,,,,,,,,,,Neutral,0.44,MEM-00385,6+ years,Healthcare,No,Yes,Yes,,No,No,No,REC-0385,HASH-0385
INT-0386,17-05-2021,Monday,20,May,2021,19,Malaysia,APAC,Malaysia Hub,APAC_EMAIL_SUPPORT_T3,Chat,Consumer,Customer Support,Tier 3,Banking,AG-0386,Carlos Thi Linh,267,228,184,44,50,149,27416,98.93,34,20,21,61,20,91,88,Service Issue,Connectivity,Bot-Resolved,No,No,Yes,No,,,,,,,,,,,,,Neutral,0.52,MEM-00386,2-3 years,Enterprise,No,Yes,Yes,7,Yes,No,Yes,REC-0386,HASH-0386
INT-0387,09-10-2022,Sunday,40,October,2022,21,Brazil,AMER,Brazil Hub,CUSTOMER_SUPPORT_CHAT_T1,Voice,Enterprise,Support,Tier 2,Healthcare,AG-0387,Sophie White,206,175,143,32,9,324,46332,113.49,21,5,7,93,5,82,70,Complaint,Package Upgrade,Agent-Resolved,No,Yes,No,No,,,,,,,,,,,,,Negative,0.17,MEM-00387,6+ years,Insurance,No,Yes,No,9,Yes,No,No,REC-0387,HASH-0387
INT-0388,01-06-2022,Wednesday,22,June,2022,18,Greece,EMEA,Greece Hub,APAC_RETAIL_VOICE_T2,Voice,Enterprise,Outbound,Tier 3,Retail,AG-0388,Mary Johnson,133,131,110,21,42,426,46860,26.89,28,7,9,73,8,83,64,Loan Inquiry,Charge Dispute,Escalated,Yes,No,No,Yes,01-06-2022,QA-004,Emma Thompson,82,85,79,94,76,80,Pass,,Clear explanation of enrollment process,Negative,0.22,MEM-00388,4-5 years,Healthcare,No,No,Yes,,No,No,No,REC-0388,HASH-0388
INT-0389,25-10-2022,Tuesday,43,October,2022,6,Israel,EMEA,Israel Hub,APAC_CORE_EMAIL_TIER2,Email,Premium,Retention,Tier 2,Banking,AG-0389,Siti Min-jun,467,462,401,61,41,760,304760,46.43,40,17,18,91,17,88,88,Complaint,Statement Request,Agent-Resolved,No,Yes,No,Yes,25-10-2022,QA-022,Samuel Kipchoge,82,76,88,98,82,84,Pass,,Clear explanation of enrollment process,Neutral,0.42,MEM-00389,2-3 years,Checking,Yes,Yes,Yes,9,Yes,Yes,Yes,REC-0389,HASH-0389
INT-0390,08-03-2021,Monday,10,March,2021,13,Finland,EMEA,Finland Hub,TECH_SUPPORT_EMAIL_T3,Chat,Enterprise,Outbound,Tier 3,Retail,AG-0390,Mary Petrova,404,424,375,49,27,353,132375,46.98,28,19,20,68,20,76,85,Account Issue,Rate Inquiry,Escalated,Yes,No,No,No,,,,,,,,,,,,,Positive,0.82,MEM-00390,1-2 years,Investment,No,Yes,Yes,10,Yes,No,Yes,REC-0390,HASH-0390
INT-0391,19-03-2021,Friday,11,March,2021,3,Brazil,AMER,Brazil Hub,CUSTOMER_SUPPORT_CHAT_T1,Email,Premium,Tech Support,Tier 2,E-commerce,AG-0391,Carlos Petrova,321,314,304,10,10,684,207936,106.26,29,8,7,94,5,80,88,Investment Inquiry,Charge Dispute,Escalated,Yes,No,No,No,,,,,,,,,,,,,Negative,0.25,MEM-00391,3-5 years,Enterprise,Yes,Yes,Yes,6,Yes,Yes,Yes,REC-0391,HASH-0391
INT-0392,05-06-2022,Sunday,22,June,2022,18,Bangladesh,APAC,Bangladesh Hub,AMER_RETAIL_VOICE_T2,Email,Consumer,Outbound,Tier 3,Telecom,AG-0392,Jessica Santoso,282,245,227,18,3,266,60382,71.74,23,10,9,77,7,74,83,Account Issue,Statement Inquiry,Bot-Resolved,Yes,Yes,Yes,No,,,,,,,,,,,,,Negative,0.21,MEM-00392,5+ years,Mortgage,No,Yes,Yes,5,Yes,No,No,REC-0392,HASH-0392
INT-0393,11-03-2021,Thursday,10,March,2021,20,Israel,EMEA,Israel Hub,AMER_EMAIL_SUPPORT_T3,Email,Consumer,Tech Support,Tier 2,Healthcare,AG-0393,John Garcia,146,146,121,25,1,140,16940,57.41,36,8,7,72,7,86,87,New Product,Browser Compatibility,Escalated,Yes,No,No,No,,,,,,,,,,,,,Positive,0.96,MEM-00393,3-5 years,Healthcare,Yes,Yes,Yes,5,Yes,No,No,REC-0393,HASH-0393
INT-0394,31-10-2022,Monday,44,October,2022,22,Colombia,AMER,Colombia Hub,AMER_CORE_EMAIL_TIER2,Email,Premium,Retention,Tier 1,E-commerce,AG-0394,David Thi Linh,337,310,260,50,2,609,158340,25.43,40,12,10,68,7,87,61,Account Opening,Language Support,Escalated,Yes,No,No,Yes,31-10-2022,QA-003,Ivan Marinov,85,97,81,85,94,98,Pass,,Good greeting protocol observed,Positive,0.82,MEM-00394,6+ years,Healthcare,Yes,Yes,Yes,5,Yes,Yes,Yes,REC-0394,HASH-0394
INT-0395,25-08-2021,Wednesday,34,August,2021,20,Bangladesh,APAC,Bangladesh Hub,EMEA_CHAT_SUPPORT_T1,Email,Premium,Retention,Tier 1,Retail,AG-0395,Lee Davis,302,314,280,34,10,531,148680,69.69,27,14,13,82,12,82,81,Order Issue,Plan Selection,Escalated,Yes,No,No,No,,,,,,,,,,,,,Negative,0.24,MEM-00395,2-3 years,Healthcare,No,Yes,No,5,Yes,Yes,Yes,REC-0395,HASH-0395
INT-0396,03-08-2021,Tuesday,31,August,2021,6,Italy,EMEA,Italy Hub,OUTBOUND_SALES_T2,Chat,Enterprise,Retention,Tier 3,Retail,AG-0396,Tran Jones,433,479,445,34,6,777,345765,56.86,32,17,17,87,14,88,65,Loan Inquiry,Rate Inquiry,Bot-Resolved,Yes,No,Yes,No,,,,,,,,,,,,,Positive,0.81,MEM-00396,3-5 years,Investment,No,Yes,Yes,7,Yes,No,No,REC-0396,HASH-0396
INT-0397,13-09-2021,Monday,37,September,2021,15,Thailand,APAC,Thailand Hub,AMER_CORE_EMAIL_TIER2,Chat,Premium,Outbound,Tier 2,E-commerce,AG-0397,David Wei,445,473,390,83,1,665,259350,93.01,20,1,1,60,1,94,66,Account Issue,Stock Availability,Escalated,Yes,No,No,Yes,13-09-2021,QA-009,Priya Saksit,81,76,89,89,88,99,Pass,,Excellent customer service delivery,Neutral,0.41,MEM-00397,4-5 years,Retail,No,Yes,No,9,Yes,No,No,REC-0397,HASH-0397
INT-0398,22-09-2022,Thursday,38,September,2022,23,Kenya,EMEA,Kenya Hub,APAC_RETAIL_VOICE_T2,Chat,Enterprise,Outbound,Tier 3,Banking,AG-0398,Anna Johnson,499,535,481,54,0,897,431457,77.67,37,8,10,64,9,72,77,Service Issue,Charge Dispute,Agent-Resolved,No,Yes,No,No,,,,,,,,,,,,,Negative,0.24,MEM-00398,1-2 years,Credit Card,Yes,Yes,No,,No,No,No,REC-0398,HASH-0398
INT-0399,03-04-2022,Sunday,13,April,2022,19,Hong Kong,APAC,Hong Kong Hub,AMER_RETAIL_VOICE_T2,Email,Premium,Support,Tier 2,Banking,AG-0399,Mary Miller,156,166,146,20,8,660,96360,62.32,32,18,19,62,16,92,91,Retention Call,Charge Dispute,Agent-Resolved,No,Yes,No,No,,,,,,,,,,,,,Positive,0.92,MEM-00399,3-5 years,Insurance,No,Yes,Yes,7,Yes,No,No,REC-0399,HASH-0399
INT-0400,01-07-2022,Friday,26,July,2022,10,Greece,EMEA,Greece Hub,RETENTION_VOICE_T2,Chat,Consumer,Outbound,Tier 2,E-commerce,AG-0400,Jessica Ahmed,252,262,233,29,35,224,52192,29.22,37,18,18,76,15,77,87,Sales Call,Refund Request,Agent-Resolved,Yes,Yes,No,No,,,,,,,,,,,,,Negative,0.2,MEM-00400,6+ months,Credit Card,No,Yes,Yes,6,Yes,No,No,REC-0400,HASH-0400
INT-0401,16-02-2021,Tuesday,7,February,2021,4,Vietnam,APAC,Vietnam Hub,AMER_RETAIL_VOICE_T2,Email,Consumer,Retention,Tier 2,Telecom,AG-0401,Kim Jackson,345,328,321,7,26,796,255516,5.06,33,12,11,94,11,91,75,Account Opening,Password Reset,Agent-Resolved,No,Yes,No,No,,,,,,,,,,,,,Neutral,0.41,MEM-00401,2-3 years,Healthcare,No,Yes,Yes,7,Yes,No,No,REC-0401,HASH-0401
INT-0402,01-04-2021,Thursday,13,April,2021,9,Bangladesh,APAC,Bangladesh Hub,CUSTOMER_SUPPORT_CHAT_T1,Email,Consumer,Customer Support,Tier 2,Telecom,AG-0402,Lisa Rodriguez,237,245,241,4,34,552,133032,65.62,24,8,10,94,7,92,77,Complaint,Contract Renewal,Escalated,Yes,No,No,Yes,01-04-2021,QA-032,Samuel Kipchoge,97,76,99,90,91,99,Fail,Quality Standards Not Met,Proper escalation procedure followed,Neutral,0.46,MEM-00402,1-2 years,Business,Yes,Yes,Yes,,No,No,No,REC-0402,HASH-0402
INT-0403,26-04-2022,Tuesday,17,April,2022,22,Pakistan,APAC,Pakistan Hub,EMEA_CORE_EMAIL_T2,Voice,Premium,Customer Support,Tier 1,E-commerce,AG-0403,Jennifer Min-jun,107,74,66,8,44,686,45276,100.68,38,18,20,82,17,86,80,Order Issue,Shipping Inquiry,Agent-Resolved,No,Yes,No,No,,,,,,,,,,,,,Neutral,0.49,MEM-00403,1-2 years,Healthcare,Yes,Yes,Yes,9,Yes,No,No,REC-0403,HASH-0403
INT-0404,25-07-2021,Sunday,29,July,2021,13,Hong Kong,APAC,Hong Kong Hub,AMER_CORE_EMAIL_TIER2,Email,Enterprise,Retention,Tier 2,Retail,AG-0404,Thomas Johnson,249,295,247,48,3,878,216866,42.71,29,12,10,93,7,79,64,Technical Issue,Service Subscription,Escalated,Yes,No,No,No,,,,,,,,,,,,,Positive,0.91,MEM-00404,5+ years,Healthcare,Yes,Yes,Yes,7,Yes,No,Yes,REC-0404,HASH-0404
INT-0405,13-11-2021,Saturday,45,November,2021,0,Indonesia,APAC,Indonesia Hub,EMEA_CORE_EMAIL_T2,Email,Premium,Inbound,Tier 3,Retail,AG-0405,Mary Hassan,243,245,230,15,33,261,60030,101.53,34,6,4,69,4,70,93,Account Opening,Product Defect,Escalated,Yes,No,No,Yes,13-11-2021,QA-013,Emma Thompson,90,92,81,90,96,77,Fail,Quality Standards Not Met,Clear technical explanation provided,Neutral,0.5,MEM-00405,1-2 years,Retail,No,Yes,Yes,7,Yes,No,No,REC-0405,HASH-0405
INT-0406,03-01-2022,Monday,1,January,2022,20,Kenya,EMEA,Kenya Hub,TECH_SUPPORT_EMAIL_T3,Email,Enterprise,Retention,Tier 3,Retail,AG-0406,Choe Jackson,181,154,150,4,10,687,103050,27.78,28,5,5,79,3,75,83,Account Issue,Software Bug,Escalated,Yes,No,No,Yes,03-01-2022,QA-003,Emma Thompson,97,85,78,75,85,79,Fail,Quality Standards Not Met,Proper escalation procedure followed,Positive,0.89,MEM-00406,5+ years,Mortgage,No,Yes,Yes,8,Yes,No,No,REC-0406,HASH-0406
INT-0407,04-11-2021,Thursday,44,November,2021,18,Bangladesh,APAC,Bangladesh Hub,APAC_EMAIL_SUPPORT_T3,Chat,Enterprise,Inbound,Tier 3,Telecom,AG-0407,Naledi Thompson,276,287,243,44,9,607,147501,22.13,22,14,12,94,9,74,86,Sales Call,Portfolio Review,Bot-Resolved,Yes,No,Yes,No,,,,,,,,,,,,,Positive,0.96,MEM-00407,4-5 years,Enterprise,No,Yes,Yes,7,Yes,No,No,REC-0407,HASH-0407
INT-0408,18-08-2022,Thursday,33,August,2022,12,Portugal,EMEA,Portugal Hub,EMEA_CORE_EMAIL_T2,Chat,Consumer,Customer Support,Tier 1,Telecom,AG-0408,Williams Thanapong,450,406,366,40,12,755,276330,107.42,18,7,8,67,8,79,66,Account Opening,Pricing Concern,Escalated,Yes,No,No,No,,,,,,,,,,,,,Negative,0.21,MEM-00408,6+ years,Investment,No,Yes,Yes,5,Yes,No,No,REC-0408,HASH-0408
INT-0409,12-08-2021,Thursday,32,August,2021,1,Indonesia,APAC,Indonesia Hub,EMEA_CORE_EMAIL_T2,Voice,Premium,Retention,Tier 2,Telecom,AG-0409,James Min-jun,63,33,31,2,40,768,23808,87.43,30,8,7,73,7,89,79,Loan Inquiry,Balance Inquiry,Agent-Resolved,No,Yes,No,Yes,12-08-2021,QA-001,Priya Saksit,94,98,78,82,97,80,Pass,,Clear technical explanation provided,Neutral,0.47,MEM-00409,5+ years,Checking,No,Yes,Yes,5,Yes,No,No,REC-0409,HASH-0409
INT-0410,17-02-2022,Thursday,7,February,2022,15,Greece,EMEA,Greece Hub,APAC_EMAIL_SUPPORT_T3,Voice,Consumer,Retention,Tier 2,Banking,AG-0410,Carlos Rodriguez,186,202,168,34,41,519,87192,45.17,25,2,1,86,1,80,68,Account Inquiry,Cancellation Attempt,Escalated,Yes,No,No,Yes,17-02-2022,QA-010,Thabo Mthembu,93,78,90,78,75,86,Pass,,Accurate and prompt service delivery,Negative,0.39,MEM-00410,5+ years,Checking,No,Yes,Yes,7,Yes,No,Yes,REC-0410,HASH-0410
INT-0411,04-02-2022,Friday,5,February,2022,8,Finland,EMEA,Finland Hub,EMEA_CORE_EMAIL_T2,Email,Enterprise,Tech Support,Tier 2,E-commerce,AG-0411,Jessica Dupont,67,35,32,3,27,159,5088,55.58,18,7,8,79,5,87,60,New Product,Software Update,Escalated,Yes,No,No,No,,,,,,,,,,,,,Positive,0.85,MEM-00411,5+ years,Business,No,Yes,Yes,10,Yes,No,Yes,REC-0411,HASH-0411
INT-0412,03-12-2021,Friday,48,December,2021,18,Ukraine,EMEA,Ukraine Hub,AMER_EMAIL_SUPPORT_T3,Voice,Enterprise,Support,Tier 1,Banking,AG-0412,David Wei,356,381,353,28,0,857,302521,70.59,24,13,11,77,11,71,78,Billing Issue,Pricing Concern,Agent-Resolved,No,Yes,No,Yes,03-12-2021,QA-047,Thabo Mthembu,81,99,82,86,82,80,Fail,Quality Standards Not Met,Good greeting protocol observed,Positive,0.95,MEM-00412,1-2 years,Investment,No,Yes,Yes,10,Yes,Yes,Yes,REC-0412,HASH-0412
INT-0413,21-07-2022,Thursday,29,July,2022,2,Bangladesh,APAC,Bangladesh Hub,INBOUND_VOICE_TIER1,Chat,Consumer,Inbound,Tier 3,Telecom,AG-0413,Grace Rodriguez,360,380,375,5,1,714,267750,80.1,25,20,22,82,22,94,75,Product Query,Charge Dispute,Bot-Resolved,No,Yes,Yes,Yes,21-07-2022,QA-046,Thabo Mthembu,84,96,94,77,95,85,Pass,,Agent provided comprehensive information,Neutral,0.4,MEM-00413,4-5 years,Savings,No,Yes,Yes,10,Yes,No,No,REC-0413,HASH-0413
INT-0414,04-07-2022,Monday,27,July,2022,13,Thailand,APAC,Thailand Hub,RETENTION_VOICE_T2,Voice,Premium,Retention,Tier 3,Telecom,AG-0414,Rashid Laurent,406,378,324,54,36,469,151956,7.56,30,19,20,86,19,87,64,Complaint,Network Outage,Bot-Resolved,No,No,Yes,No,,,,,,,,,,,,,Neutral,0.55,MEM-00414,1-2 years,Credit Card,Yes,Yes,Yes,9,Yes,No,Yes,REC-0414,HASH-0414
INT-0415,27-05-2021,Thursday,21,May,2021,20,Brazil,AMER,Brazil Hub,APAC_EMAIL_SUPPORT_T3,Email,Consumer,Outbound,Tier 2,Retail,AG-0415,Rashid Thompson,488,449,403,46,38,242,97526,0.76,38,14,15,80,15,91,89,Retention Call,Product Defect,Escalated,Yes,No,No,No,,,,,,,,,,,,,Neutral,0.53,MEM-00415,5+ years,Checking,No,Yes,Yes,,No,No,No,REC-0415,HASH-0415
INT-0416,16-06-2022,Thursday,24,June,2022,0,Greece,EMEA,Greece Hub,TECH_SUPPORT_EMAIL_T3,Email,Premium,Customer Support,Tier 2,E-commerce,AG-0416,Grace Johnson,292,273,228,45,14,196,44688,69.58,23,9,11,81,8,80,85,Service Issue,Portfolio Review,Escalated,Yes,No,No,No,,,,,,,,,,,,,Positive,0.8,MEM-00416,3-5 years,Business,No,Yes,Yes,,No,No,No,REC-0416,HASH-0416
INT-0417,08-12-2021,Wednesday,49,December,2021,1,Colombia,AMER,Colombia Hub,APAC_CORE_EMAIL_TIER2,Chat,Premium,Outbound,Tier 3,E-commerce,AG-0417,Sarah Jones,55,54,53,1,5,414,21942,43.42,17,14,16,95,16,90,90,New Product,Enrollment Question,Bot-Resolved,No,No,Yes,Yes,08-12-2021,QA-003,QA-Team,84,94,94,84,98,80,Fail,Quality Standards Not Met,Strong retention approach demonstrated,Positive,0.85,MEM-00417,5+ years,Mortgage,No,Yes,Yes,7,Yes,No,Yes,REC-0417,HASH-0417
INT-0418,27-09-2022,Tuesday,39,September,2022,12,Bangladesh,APAC,Bangladesh Hub,AMER_EMAIL_SUPPORT_T3,Voice,Premium,Inbound,Tier 2,Healthcare,AG-0418,Maria Wei,209,188,161,27,44,714,114954,10.52,39,15,16,73,13,79,60,Complaint,Enrollment Question,Bot-Resolved,No,No,Yes,No,,,,,,,,,,,,,Neutral,0.43,MEM-00418,6+ months,Insurance,No,Yes,Yes,10,Yes,No,No,REC-0418,HASH-0418
INT-0419,27-03-2021,Saturday,12,March,2021,15,Argentina,AMER,Argentina Hub,EMEA_CHAT_SUPPORT_T1,Chat,Consumer,Tech Support,Tier 2,E-commerce,AG-0419,Daniel White,336,382,314,68,0,421,132194,7.16,28,1,1,64,1,74,88,Product Query,Upgrade Offer,Escalated,Yes,No,No,No,,,,,,,,,,,,,Negative,0.22,MEM-00419,4-5 years,Mortgage,Yes,Yes,Yes,9,Yes,No,No,REC-0419,HASH-0419
INT-0420,02-02-2021,Tuesday,5,February,2021,13,Pakistan,APAC,Pakistan Hub,RETENTION_VOICE_T2,Email,Enterprise,Outbound,Tier 3,Retail,AG-0420,Lee Wei,430,436,414,22,4,565,233910,32.35,27,17,17,79,17,82,78,Investment Inquiry,Preference Update,Agent-Resolved,No,Yes,No,Yes,02-02-2021,QA-001,Park Sun-hee,77,98,76,87,92,80,Pass,,Proper escalation procedure followed,Positive,0.84,MEM-00420,6+ years,Healthcare,No,No,Yes,7,Yes,No,No,REC-0420,HASH-0420
INT-0421,30-07-2022,Saturday,30,July,2022,20,United States,AMER,United States Hub,APAC_RETAIL_VOICE_T2,Chat,Consumer,Outbound,Tier 2,Banking,AG-0421,Lee Thomas,433,418,367,51,43,285,104595,66.84,26,20,20,84,17,89,85,Complaint,Tracking Update,Agent-Resolved,Yes,Yes,No,No,,,,,,,,,,,,,Positive,0.85,MEM-00421,6+ years,Checking,No,Yes,Yes,,No,No,No,REC-0421,HASH-0421
INT-0422,23-03-2022,Wednesday,12,March,2022,15,Slovakia,EMEA,Slovakia Hub,CUSTOMER_SUPPORT_CHAT_T1,Chat,Premium,Retention,Tier 3,Banking,AG-0422,Lee Thompson,50,48,47,1,10,683,32101,102.76,24,5,7,65,6,77,67,Service Issue,Billing Query,Escalated,Yes,No,No,No,,,,,,,,,,,,,Positive,0.91,MEM-00422,4-5 years,Savings,No,Yes,Yes,,No,No,Yes,REC-0422,HASH-0422
INT-0423,06-03-2021,Saturday,9,March,2021,3,Poland,EMEA,Poland Hub,APAC_RETAIL_VOICE_T2,Voice,Enterprise,Tech Support,Tier 3,Banking,AG-0423,James Min-jun,416,382,363,19,44,821,298023,23.46,27,1,2,66,2,93,89,Product Query,Stock Availability,Escalated,Yes,No,No,No,,,,,,,,,,,,,Negative,0.3,MEM-00423,4-5 years,Enterprise,No,Yes,No,5,Yes,No,No,REC-0423,HASH-0423
INT-0424,17-01-2021,Sunday,2,January,2021,13,Canada,AMER,Canada Hub,TECH_SUPPORT_EMAIL_T3,Email,Enterprise,Inbound,Tier 1,Healthcare,AG-0424,Thomas Dupont,139,91,78,13,44,883,68874,3.01,35,4,3,84,1,72,85,Product Query,Service Subscription,Bot-Resolved,No,Yes,Yes,Yes,17-01-2021,QA-028,Thabo Mthembu,79,84,93,80,92,99,Pass,,Good greeting protocol observed,Positive,0.85,MEM-00424,5+ years,Insurance,No,Yes,Yes,5,Yes,No,No,REC-0424,HASH-0424
INT-0425,09-06-2021,Wednesday,23,June,2021,16,Portugal,EMEA,Portugal Hub,CUSTOMER_SUPPORT_CHAT_T1,Chat,Premium,Outbound,Tier 1,Healthcare,AG-0425,Hassan Martin,324,367,339,28,19,868,294252,11.75,21,19,19,81,18,75,79,Investment Inquiry,Language Support,Bot-Resolved,No,No,Yes,No,,,,,,,,,,,,,Positive,0.98,MEM-00425,5+ years,Savings,No,Yes,Yes,9,Yes,No,No,REC-0425,HASH-0425
INT-0426,19-02-2021,Friday,7,February,2021,3,United States,AMER,United States Hub,EMEA_CHAT_SUPPORT_T1,Voice,Enterprise,Retention,Tier 1,Retail,AG-0426,Emma Santoso,139,181,150,31,23,708,106200,15.01,26,8,10,92,9,89,64,Technical Issue,Preference Update,Escalated,Yes,No,No,Yes,19-02-2021,QA-041,Samuel Kipchoge,87,90,96,94,81,79,Fail,Quality Standards Not Met,Proper documentation procedures followed,Neutral,0.44,MEM-00426,3-5 years,Business,No,Yes,Yes,9,Yes,No,No,REC-0426,HASH-0426
INT-0427,08-01-2021,Friday,1,January,2021,5,Poland,EMEA,Poland Hub,RETENTION_VOICE_T2,Chat,Consumer,Retention,Tier 2,Telecom,AG-0427,Rashid Dupont,296,271,226,45,36,604,136504,39.84,40,16,16,77,15,80,85,Product Query,Package Upgrade,Bot-Resolved,No,No,Yes,No,,,,,,,,,,,,,Positive,0.82,MEM-00427,4-5 years,Retail,Yes,Yes,Yes,5,Yes,No,Yes,REC-0427,HASH-0427
INT-0428,07-11-2022,Monday,45,November,2022,15,Slovakia,EMEA,Slovakia Hub,TECH_SUPPORT_EMAIL_T3,Voice,Enterprise,Inbound,Tier 3,Telecom,AG-0428,Daniel Thomas,82,129,110,19,43,825,90750,86.3,36,16,15,90,15,74,60,Account Inquiry,Balance Inquiry,Agent-Resolved,Yes,Yes,No,Yes,07-11-2022,QA-045,Samuel Kipchoge,83,75,87,89,86,92,Pass,,Handled quality concern professionally,Positive,0.78,MEM-00428,4-5 years,Checking,No,Yes,Yes,7,Yes,No,Yes,REC-0428,HASH-0428
INT-0429,28-08-2021,Saturday,34,August,2021,4,Paraguay,AMER,Paraguay Hub,APAC_RETAIL_VOICE_T2,Voice,Enterprise,Outbound,Tier 2,E-commerce,AG-0429,James Johnson,56,62,54,8,14,587,31698,68.88,32,16,17,61,15,78,92,Retention Call,Product Defect,Bot-Resolved,No,No,Yes,Yes,28-08-2021,QA-047,Emma Thompson,95,95,97,86,77,83,Pass,,Proper documentation procedures followed,Positive,0.81,MEM-00429,1-2 years,Enterprise,No,Yes,No,7,Yes,Yes,Yes,REC-0429,HASH-0429
INT-0430,01-02-2021,Monday,5,February,2021,21,Japan,APAC,Japan Hub,AMER_EMAIL_SUPPORT_T3,Chat,Consumer,Tech Support,Tier 2,Retail,AG-0430,Sarah Martin,66,99,90,9,10,424,38160,19.92,37,8,6,86,5,77,81,Retention Call,Refund Request,Agent-Resolved,No,Yes,No,Yes,01-02-2021,QA-050,Thabo Mthembu,82,82,75,88,93,86,Fail,Quality Standards Not Met,Proper documentation procedures followed,Positive,0.77,MEM-00430,3-5 years,Retail,No,Yes,Yes,7,Yes,No,No,REC-0430,HASH-0430
INT-0431,22-11-2021,Monday,47,November,2021,21,Colombia,AMER,Colombia Hub,APAC_RETAIL_VOICE_T2,Email,Consumer,Support,Tier 1,Banking,AG-0431,Anna Davis,251,204,163,41,2,401,65363,64.32,34,10,12,93,12,90,81,Technical Issue,Service Renewal,Agent-Resolved,Yes,Yes,No,Yes,22-11-2021,QA-019,Emma Thompson,87,99,81,86,87,89,Fail,Quality Standards Not Met,Professional dispute resolution approach,Positive,0.89,MEM-00431,6+ years,Investment,No,Yes,Yes,,No,No,No,REC-0431,HASH-0431
INT-0432,30-01-2021,Saturday,4,January,2021,13,Finland,EMEA,Finland Hub,EMEA_CORE_EMAIL_T2,Chat,Consumer,Inbound,Tier 3,Banking,AG-0432,Naledi Martin,259,265,233,32,44,363,84579,113.44,26,13,11,62,10,91,90,Retention Call,Language Support,Agent-Resolved,Yes,Yes,No,Yes,30-01-2021,QA-004,QA-Team,99,80,89,84,79,78,Pass,,Clear explanation of enrollment process,Negative,0.23,MEM-00432,3-5 years,Investment,No,Yes,Yes,8,Yes,Yes,Yes,REC-0432,HASH-0432
INT-0433,30-08-2022,Tuesday,35,August,2022,21,Czech Republic,EMEA,Czech Republic Hub,AMER_CORE_EMAIL_TIER2,Email,Enterprise,Retention,Tier 3,Telecom,AG-0433,Grace Jackson,173,159,150,9,13,885,132750,10.73,24,9,8,65,8,82,82,Service Issue,Promotion Details,Bot-Resolved,No,Yes,Yes,No,,,,,,,,,,,,,Positive,0.87,MEM-00433,4-5 years,Investment,Yes,Yes,Yes,7,Yes,No,No,REC-0433,HASH-0433
INT-0434,28-05-2022,Saturday,21,May,2022,16,Finland,EMEA,Finland Hub,APAC_CORE_EMAIL_TIER2,Email,Enterprise,Retention,Tier 2,Retail,AG-0434,Chen Martin,152,120,104,16,0,585,60840,21.5,19,15,17,77,15,95,66,Product Query,Refund Request,Bot-Resolved,No,No,Yes,Yes,28-05-2022,QA-005,Samuel Kipchoge,99,95,80,85,98,89,Pass,,Strong retention approach demonstrated,Positive,0.82,MEM-00434,4-5 years,Business,No,Yes,No,9,Yes,No,Yes,REC-0434,HASH-0434
INT-0435,08-01-2021,Friday,1,January,2021,23,Iceland,EMEA,Iceland Hub,RETENTION_VOICE_T2,Email,Premium,Outbound,Tier 3,Healthcare,AG-0435,Mary Jones,448,419,403,16,34,388,156364,13.04,37,7,5,81,2,88,93,Loan Inquiry,Service Subscription,Escalated,Yes,No,No,No,,,,,,,,,,,,,Positive,0.77,MEM-00435,6+ months,Business,No,Yes,Yes,6,Yes,No,No,REC-0435,HASH-0435
INT-0436,05-04-2021,Monday,14,April,2021,14,Hong Kong,APAC,Hong Kong Hub,TECH_SUPPORT_EMAIL_T3,Voice,Premium,Customer Support,Tier 3,Telecom,AG-0436,Robert Anderson,173,218,202,16,34,775,156550,67.93,19,12,13,83,11,86,77,Billing Issue,Service Renewal,Escalated,Yes,No,No,Yes,05-04-2021,QA-001,Samuel Kipchoge,78,98,87,84,90,97,Fail,Quality Standards Not Met,Confirmed delivery details accurately,Positive,0.83,MEM-00436,6+ months,Investment,No,No,No,5,Yes,Yes,Yes,REC-0436,HASH-0436
INT-0437,29-01-2021,Friday,4,January,2021,15,Spain,EMEA,Spain Hub,AMER_RETAIL_VOICE_T2,Chat,Premium,Customer Support,Tier 3,Healthcare,AG-0437,Rashid White,331,291,238,53,38,536,127568,88.24,28,8,7,60,5,77,94,Account Opening,Promotion Details,Agent-Resolved,Yes,Yes,No,No,,,,,,,,,,,,,Negative,0.26,MEM-00437,1-2 years,Credit Card,No,No,No,7,Yes,No,No,REC-0437,HASH-0437
INT-0438,17-10-2021,Sunday,41,October,2021,6,China,APAC,China Hub,APAC_CORE_EMAIL_TIER2,Email,Enterprise,Inbound,Tier 2,Telecom,AG-0438,Jennifer Min-jun,410,434,394,40,38,482,189908,119.55,17,9,9,71,7,91,86,Technical Issue,Fund Options,Escalated,Yes,No,No,No,,,,,,,,,,,,,Positive,0.76,MEM-00438,4-5 years,Healthcare,Yes,Yes,Yes,7,Yes,Yes,Yes,REC-0438,HASH-0438
INT-0439,15-12-2022,Thursday,50,December,2022,18,Turkey,EMEA,Turkey Hub,APAC_CORE_EMAIL_TIER2,Voice,Consumer,Retention,Tier 2,E-commerce,AG-0439,Choe Dupont,227,235,199,36,44,222,44178,8.25,37,13,15,93,13,86,71,Account Issue,System Access,Escalated,Yes,No,No,No,,,,,,,,,,,,,Positive,0.87,MEM-00439,1-2 years,Business,Yes,Yes,Yes,6,Yes,No,No,REC-0439,HASH-0439
INT-0440,01-01-2023,Sunday,52,January,2023,19,China,APAC,China Hub,OUTBOUND_SALES_T2,Email,Enterprise,Support,Tier 3,Retail,AG-0440,Tran Nurhaliza,136,137,129,8,37,284,36636,104.06,31,13,12,62,9,73,67,Account Inquiry,Information Request,Agent-Resolved,No,Yes,No,No,,,,,,,,,,,,,Neutral,0.42,MEM-00440,1-2 years,Investment,No,Yes,Yes,10,Yes,Yes,Yes,REC-0440,HASH-0440
INT-0441,01-01-2021,Friday,53,January,2021,21,Greece,EMEA,Greece Hub,OUTBOUND_SALES_T2,Chat,Consumer,Tech Support,Tier 3,Banking,AG-0441,Robert Nyambura,425,388,316,72,20,569,179804,2.08,31,1,1,62,1,87,69,Retention Call,New Account,Bot-Resolved,No,Yes,Yes,Yes,01-01-2021,QA-029,Emma Thompson,76,81,79,97,88,95,Pass,,Excellent customer service delivery,Positive,0.86,MEM-00441,3-5 years,Checking,No,Yes,Yes,7,Yes,No,Yes,REC-0441,HASH-0441
INT-0442,19-05-2022,Thursday,20,May,2022,6,Malaysia,APAC,Malaysia Hub,AMER_CORE_EMAIL_TIER2,Voice,Premium,Customer Support,Tier 2,E-commerce,AG-0442,Jennifer Chen,208,247,234,13,43,797,186498,72.7,16,2,2,72,1,94,83,Billing Issue,Software Update,Bot-Resolved,No,No,Yes,No,,,,,,,,,,,,,Negative,0.34,MEM-00442,6+ years,Savings,No,Yes,No,7,Yes,No,No,REC-0442,HASH-0442
INT-0443,19-08-2022,Friday,33,August,2022,15,Pakistan,APAC,Pakistan Hub,APAC_CORE_EMAIL_TIER2,Email,Consumer,Inbound,Tier 3,E-commerce,AG-0443,Maria Anderson,398,375,325,50,5,456,148200,97.86,15,1,2,87,2,70,77,Retention Call,Connectivity,Agent-Resolved,No,Yes,No,No,,,,,,,,,,,,,Positive,0.88,MEM-00443,6+ years,Checking,No,Yes,Yes,10,Yes,No,Yes,REC-0443,HASH-0443
INT-0444,27-04-2021,Tuesday,17,April,2021,7,France,EMEA,France Hub,EMEA_CHAT_SUPPORT_T1,Email,Consumer,Support,Tier 1,E-commerce,AG-0444,Thomas Garcia,298,261,243,18,11,658,159894,42.43,35,19,21,80,20,83,60,Sales Call,Language Support,Agent-Resolved,Yes,Yes,No,No,,,,,,,,,,,,,Neutral,0.46,MEM-00444,4-5 years,Investment,No,Yes,Yes,5,Yes,No,No,REC-0444,HASH-0444
INT-0445,26-06-2022,Sunday,25,June,2022,6,Spain,EMEA,Spain Hub,EMEA_CORE_EMAIL_T2,Chat,Enterprise,Inbound,Tier 1,Telecom,AG-0445,Siti Nyambura,192,222,194,28,10,323,62662,11.02,24,12,12,68,9,88,67,Billing Issue,Package Upgrade,Agent-Resolved,No,Yes,No,No,,,,,,,,,,,,,Positive,0.93,MEM-00445,2-3 years,Mortgage,No,Yes,Yes,5,Yes,No,No,REC-0445,HASH-0445
INT-0446,22-06-2021,Tuesday,25,June,2021,7,Portugal,EMEA,Portugal Hub,CUSTOMER_SUPPORT_CHAT_T1,Email,Premium,Tech Support,Tier 1,Telecom,AG-0446,Tran Nyambura,111,97,90,7,44,752,67680,41.81,29,9,11,81,8,76,76,Account Opening,Password Reset,Escalated,Yes,No,No,Yes,22-06-2021,QA-028,Priya Saksit,78,98,86,85,81,85,Fail,Quality Standards Not Met,Effective win-back strategy applied,Neutral,0.54,MEM-00446,1-2 years,Business,No,Yes,Yes,9,Yes,Yes,Yes,REC-0446,HASH-0446
INT-0447,17-10-2022,Monday,42,October,2022,2,United States,AMER,United States Hub,APAC_EMAIL_SUPPORT_T3,Chat,Consumer,Support,Tier 1,Banking,AG-0447,Chen Dupont,490,462,402,60,32,411,165222,93.67,26,19,18,74,17,93,60,Loan Inquiry,Stock Availability,Agent-Resolved,No,Yes,No,No,,,,,,,,,,,,,Positive,0.84,MEM-00447,1-2 years,Enterprise,No,Yes,Yes,8,Yes,Yes,Yes,REC-0447,HASH-0447
INT-0448,21-02-2022,Monday,8,February,2022,4,Slovakia,EMEA,Slovakia Hub,APAC_RETAIL_VOICE_T2,Voice,Enterprise,Inbound,Tier 2,E-commerce,AG-0448,Lee Moore,483,466,457,9,10,730,333610,50.7,21,17,18,74,17,74,73,Account Inquiry,Product Defect,Bot-Resolved,No,Yes,Yes,No,,,,,,,,,,,,,Neutral,0.48,MEM-00448,5+ years,Business,No,No,Yes,5,Yes,No,No,REC-0448,HASH-0448
INT-0449,06-03-2021,Saturday,9,March,2021,14,Paraguay,AMER,Paraguay Hub,TECH_SUPPORT_EMAIL_T3,Voice,Premium,Customer Support,Tier 3,E-commerce,AG-0449,Robert Hyun-soo,440,430,363,67,38,649,235587,56.16,38,17,17,74,15,94,88,Complaint,Win-Back Offer,Bot-Resolved,No,No,Yes,No,,,,,,,,,,,,,Neutral,0.49,MEM-00449,5+ years,Retail,No,Yes,No,5,Yes,No,No,REC-0449,HASH-0449
INT-0450,05-05-2022,Thursday,18,May,2022,21,Greece,EMEA,Greece Hub,CUSTOMER_SUPPORT_CHAT_T1,Voice,Enterprise,Tech Support,Tier 3,Telecom,AG-0450,Siti Thanapong,375,361,298,63,48,594,177012,25.68,15,9,9,60,6,81,65,Sales Call,Login Problem,Bot-Resolved,No,Yes,Yes,No,,,,,,,,,,,,,Negative,0.25,MEM-00450,5+ years,Checking,No,Yes,Yes,5,Yes,No,Yes,REC-0450,HASH-0450
INT-0451,27-05-2021,Thursday,21,May,2021,23,Paraguay,AMER,Paraguay Hub,AMER_CORE_EMAIL_TIER2,Chat,Enterprise,Inbound,Tier 2,E-commerce,AG-0451,Thomas Thompson,131,136,109,27,23,323,35207,6.44,15,11,10,82,9,92,88,Loan Inquiry,App Crash,Escalated,Yes,No,No,Yes,27-05-2021,QA-004,Park Sun-hee,95,76,87,76,87,86,Fail,Quality Standards Not Met,Excellent customer service delivery,Positive,0.92,MEM-00451,2-3 years,Savings,Yes,No,Yes,6,Yes,No,Yes,REC-0451,HASH-0451
INT-0452,13-11-2021,Saturday,45,November,2021,1,Czech Republic,EMEA,Czech Republic Hub,TECH_SUPPORT_EMAIL_T3,Chat,Premium,Inbound,Tier 3,Retail,AG-0452,David Anderson,278,270,247,23,0,723,178581,75.07,31,17,19,92,17,92,72,Service Issue,Cancellation Attempt,Bot-Resolved,No,No,Yes,No,,,,,,,,,,,,,Negative,0.12,MEM-00452,1-2 years,Mortgage,No,Yes,No,10,Yes,No,No,REC-0452,HASH-0452
INT-0453,25-05-2022,Wednesday,21,May,2022,18,Colombia,AMER,Colombia Hub,AMER_EMAIL_SUPPORT_T3,Chat,Enterprise,Customer Support,Tier 1,Banking,AG-0453,Rashid Chen,139,94,90,4,47,241,21690,78.27,28,18,17,81,17,85,60,Retention Call,Language Support,Bot-Resolved,No,Yes,Yes,No,,,,,,,,,,,,,Positive,0.97,MEM-00453,6+ years,Retail,No,Yes,No,8,Yes,No,Yes,REC-0453,HASH-0453
INT-0454,08-10-2021,Friday,40,October,2021,12,Thailand,APAC,Thailand Hub,AMER_RETAIL_VOICE_T2,Voice,Enterprise,Retention,Tier 3,Retail,AG-0454,Rashid Jackson,253,279,262,17,45,650,170300,116.53,18,8,7,62,4,73,63,Billing Issue,Service Renewal,Escalated,Yes,No,No,Yes,08-10-2021,QA-017,Samuel Kipchoge,98,86,90,89,99,81,Pass,,Strong empathy demonstrated,Neutral,0.43,MEM-00454,5+ years,Savings,No,Yes,Yes,9,Yes,Yes,Yes,REC-0454,HASH-0454
INT-0455,17-04-2022,Sunday,15,April,2022,6,Morocco,EMEA,Morocco Hub,APAC_CORE_EMAIL_TIER2,Voice,Consumer,Customer Support,Tier 2,Telecom,AG-0455,Rashid Rodriguez,395,428,420,8,29,590,247800,78.68,38,4,6,80,6,84,65,New Product,Network Quality,Bot-Resolved,No,No,Yes,No,,,,,,,,,,,,,Positive,0.87,MEM-00455,2-3 years,Investment,Yes,Yes,Yes,,No,No,No,REC-0455,HASH-0455
INT-0456,24-06-2022,Friday,25,June,2022,16,Canada,AMER,Canada Hub,AMER_CORE_EMAIL_TIER2,Chat,Premium,Support,Tier 2,E-commerce,AG-0456,Tran Moore,240,228,183,45,39,548,100284,30.43,26,6,6,60,5,89,91,Account Inquiry,Delivery Delay,Agent-Resolved,No,Yes,No,No,,,,,,,,,,,,,Positive,0.8,MEM-00456,3-5 years,Enterprise,No,Yes,Yes,8,Yes,No,Yes,REC-0456,HASH-0456
INT-0457,31-07-2021,Saturday,30,July,2021,6,Morocco,EMEA,Morocco Hub,EMEA_CORE_EMAIL_T2,Chat,Consumer,Outbound,Tier 3,Telecom,AG-0457,Rashid Rodriguez,488,537,477,60,38,440,209880,1.99,40,8,10,92,9,91,61,Service Issue,Portfolio Review,Escalated,Yes,No,No,No,,,,,,,,,,,,,Positive,0.98,MEM-00457,6+ years,Investment,No,Yes,Yes,5,Yes,No,No,REC-0457,HASH-0457
INT-0458,18-02-2021,Thursday,7,February,2021,22,Spain,EMEA,Spain Hub,RETENTION_VOICE_T2,Voice,Premium,Inbound,Tier 1,Retail,AG-0458,Kenji Petrova,190,229,201,28,39,505,101505,14.66,27,1,1,77,1,72,63,Account Opening,Delivery Delay,Escalated,Yes,No,No,No,,,,,,,,,,,,,Positive,0.97,MEM-00458,6+ months,Savings,No,Yes,No,9,Yes,No,No,REC-0458,HASH-0458
INT-0459,15-07-2021,Thursday,28,July,2021,13,Bangladesh,APAC,Bangladesh Hub,CUSTOMER_SUPPORT_CHAT_T1,Email,Premium,Tech Support,Tier 2,Retail,AG-0459,Thomas Santoso,460,502,447,55,7,195,87165,18.61,18,18,19,71,16,86,95,Investment Inquiry,Stock Availability,Escalated,Yes,No,No,No,,,,,,,,,,,,,Positive,0.82,MEM-00459,6+ years,Savings,No,Yes,Yes,7,Yes,No,No,REC-0459,HASH-0459
INT-0460,05-09-2021,Sunday,35,September,2021,11,Paraguay,AMER,Paraguay Hub,TECH_SUPPORT_EMAIL_T3,Voice,Consumer,Tech Support,Tier 1,Telecom,AG-0460,Jennifer Taylor,471,514,477,37,11,304,145008,37.01,29,13,14,68,13,77,80,Billing Issue,Connectivity Problem,Agent-Resolved,No,Yes,No,Yes,05-09-2021,QA-003,Ivan Marinov,87,78,94,88,75,83,Fail,Quality Standards Not Met,Confirmed delivery details accurately,Positive,0.88,MEM-00460,2-3 years,Investment,No,Yes,Yes,8,Yes,No,No,REC-0460,HASH-0460
INT-0461,23-07-2021,Friday,29,July,2021,22,Greece,EMEA,Greece Hub,CUSTOMER_SUPPORT_CHAT_T1,Chat,Premium,Customer Support,Tier 1,Healthcare,AG-0461,Naledi Miller,272,245,242,3,50,549,132858,2.79,32,5,3,78,3,77,93,Product Query,Service Quality,Escalated,Yes,No,No,Yes,23-07-2021,QA-029,Priya Saksit,88,93,77,83,88,89,Pass,,Effective win-back strategy applied,Negative,0.28,MEM-00461,6+ months,Enterprise,No,No,No,6,Yes,No,No,REC-0461,HASH-0461
INT-0462,14-01-2021,Thursday,2,January,2021,7,Luxembourg,EMEA,Luxembourg Hub,APAC_CORE_EMAIL_TIER2,Chat,Premium,Inbound,Tier 2,Retail,AG-0462,Tran Moore,295,273,258,15,40,857,221106,58.21,20,7,6,72,5,86,60,Account Inquiry,Service Renewal,Agent-Resolved,No,Yes,No,No,,,,,,,,,,,,,Positive,0.89,MEM-00462,3-5 years,Mortgage,Yes,Yes,Yes,8,Yes,Yes,Yes,REC-0462,HASH-0462
INT-0463,31-12-2022,Saturday,52,December,2022,16,South Africa,EMEA,South Africa Hub,AMER_RETAIL_VOICE_T2,Voice,Consumer,Tech Support,Tier 3,Telecom,AG-0463,John Wei,457,426,408,18,4,205,83640,85.88,25,18,18,62,15,82,79,New Product,Plan Selection,Escalated,Yes,No,No,No,,,,,,,,,,,,,Positive,0.82,MEM-00463,5+ years,Retail,No,Yes,Yes,10,Yes,No,No,REC-0463,HASH-0463
INT-0464,05-07-2022,Tuesday,27,July,2022,9,Italy,EMEA,Italy Hub,EMEA_CORE_EMAIL_T2,Chat,Consumer,Tech Support,Tier 1,Retail,AG-0464,Hassan Chen,269,264,253,11,46,812,205436,74.85,31,7,7,94,5,71,62,Account Issue,Inventory Problem,Escalated,Yes,No,No,No,,,,,,,,,,,,,Neutral,0.51,MEM-00464,6+ years,Investment,No,Yes,Yes,9,Yes,No,No,REC-0464,HASH-0464
INT-0465,21-04-2021,Wednesday,16,April,2021,14,Morocco,EMEA,Morocco Hub,CUSTOMER_SUPPORT_CHAT_T1,Voice,Enterprise,Outbound,Tier 3,Retail,AG-0465,Jennifer Petrova,386,411,375,36,19,153,57375,89.61,32,1,1,95,1,83,68,Sales Call,Connectivity Problem,Bot-Resolved,No,No,Yes,Yes,21-04-2021,QA-029,Michael Chen,81,88,88,88,86,92,Fail,Quality Standards Not Met,Proper documentation procedures followed,Positive,0.85,MEM-00465,6+ months,Business,No,Yes,Yes,,No,No,No,REC-0465,HASH-0465
INT-0466,21-06-2022,Tuesday,25,June,2022,12,Portugal,EMEA,Portugal Hub,AMER_RETAIL_VOICE_T2,Chat,Premium,Customer Support,Tier 3,Telecom,AG-0466,Kim Dupont,383,370,366,4,41,415,151890,82.47,30,20,19,82,17,79,62,Service Issue,Package Upgrade,Escalated,Yes,No,No,Yes,21-06-2022,QA-004,Priya Saksit,89,99,83,96,79,82,Pass,,Clear explanation of enrollment process,Positive,0.99,MEM-00466,1-2 years,Healthcare,No,Yes,Yes,10,Yes,No,No,REC-0466,HASH-0466
INT-0467,19-08-2022,Friday,33,August,2022,2,Pakistan,APAC,Pakistan Hub,AMER_CORE_EMAIL_TIER2,Chat,Consumer,Inbound,Tier 3,Healthcare,AG-0467,Williams Chen,195,175,159,16,38,223,35457,57.62,27,5,7,69,5,86,73,Product Query,Rate Inquiry,Escalated,Yes,No,No,No,,,,,,,,,,,,,Neutral,0.6,MEM-00467,2-3 years,Mortgage,No,Yes,Yes,6,Yes,No,No,REC-0467,HASH-0467
INT-0468,31-10-2022,Monday,44,October,2022,19,Malaysia,APAC,Malaysia Hub,AMER_EMAIL_SUPPORT_T3,Voice,Premium,Retention,Tier 2,Banking,AG-0468,Robert Laurent,136,122,115,7,19,898,103270,62.29,15,10,12,84,9,73,61,Technical Issue,Fund Options,Bot-Resolved,No,Yes,Yes,No,,,,,,,,,,,,,Positive,0.81,MEM-00468,5+ years,Investment,No,Yes,Yes,,No,No,No,REC-0468,HASH-0468
INT-0469,20-04-2022,Wednesday,16,April,2022,12,China,APAC,China Hub,RETENTION_VOICE_T2,Email,Premium,Retention,Tier 3,E-commerce,AG-0469,Sarah Brown,272,257,225,32,37,447,100575,28.69,34,2,1,71,1,82,66,Order Issue,Password Reset,Bot-Resolved,No,No,Yes,Yes,20-04-2022,QA-001,Samuel Kipchoge,89,75,95,76,92,86,Pass,,Professional troubleshooting approach,Positive,0.87,MEM-00469,5+ years,Credit Card,No,Yes,Yes,8,Yes,No,No,REC-0469,HASH-0469
INT-0470,14-03-2022,Monday,11,March,2022,17,Czech Republic,EMEA,Czech Republic Hub,AMER_RETAIL_VOICE_T2,Voice,Premium,Customer Support,Tier 2,E-commerce,AG-0470,Sarah Anderson,197,154,136,18,26,661,89896,93.41,23,11,12,92,11,82,93,Investment Inquiry,Churn Risk,Escalated,Yes,No,No,No,,,,,,,,,,,,,Positive,0.78,MEM-00470,5+ years,Savings,No,Yes,No,8,Yes,No,No,REC-0470,HASH-0470
INT-0471,08-11-2022,Tuesday,45,November,2022,0,Ukraine,EMEA,Ukraine Hub,AMER_CORE_EMAIL_TIER2,Chat,Premium,Outbound,Tier 1,Healthcare,AG-0471,Robert White,156,122,102,20,17,615,62730,89.72,31,4,2,84,1,78,93,Sales Call,App Crash,Bot-Resolved,No,No,Yes,Yes,08-11-2022,QA-012,Samuel Kipchoge,80,82,92,75,90,86,Pass,,Clear explanation of enrollment process,Positive,0.85,MEM-00471,2-3 years,Enterprise,No,Yes,Yes,8,Yes,No,No,REC-0471,HASH-0471
INT-0472,16-01-2021,Saturday,2,January,2021,13,Colombia,AMER,Colombia Hub,EMEA_CORE_EMAIL_T2,Voice,Premium,Inbound,Tier 2,E-commerce,AG-0472,Hassan Laurent,265,216,207,9,23,769,159183,104.62,20,6,5,90,5,90,62,Service Issue,Contract Renewal,Agent-Resolved,No,Yes,No,No,,,,,,,,,,,,,Positive,0.81,MEM-00472,6+ months,Mortgage,No,Yes,Yes,8,Yes,No,No,REC-0472,HASH-0472
INT-0473,24-05-2022,Tuesday,21,May,2022,8,United States,AMER,United States Hub,APAC_CORE_EMAIL_TIER2,Chat,Consumer,Customer Support,Tier 2,Telecom,AG-0473,Williams Laurent,458,415,355,60,28,638,226490,3.46,33,18,17,61,16,84,77,Retention Call,Refund Request,Bot-Resolved,No,Yes,Yes,Yes,24-05-2022,QA-011,Priya Saksit,81,97,90,83,98,99,Fail,Quality Standards Not Met,Agent provided comprehensive information,Positive,0.92,MEM-00473,3-5 years,Checking,No,Yes,Yes,,No,No,No,REC-0473,HASH-0473
INT-0474,12-08-2021,Thursday,32,August,2021,23,Malaysia,APAC,Malaysia Hub,APAC_CORE_EMAIL_TIER2,Email,Consumer,Inbound,Tier 2,E-commerce,AG-0474,Rashid Hyun-soo,355,342,326,16,30,873,284598,114.37,39,6,4,81,3,93,90,Billing Issue,New Account,Bot-Resolved,No,No,Yes,No,,,,,,,,,,,,,Neutral,0.49,MEM-00474,2-3 years,Retail,No,Yes,No,8,Yes,No,No,REC-0474,HASH-0474
INT-0475,13-07-2022,Wednesday,28,July,2022,13,Finland,EMEA,Finland Hub,AMER_RETAIL_VOICE_T2,Voice,Consumer,Inbound,Tier 1,Healthcare,AG-0475,Grace Dupont,108,98,82,16,33,594,48708,52.24,27,7,7,87,5,84,63,Account Opening,Package Upgrade,Escalated,Yes,No,No,Yes,13-07-2022,QA-004,Ivan Marinov,90,97,94,86,84,88,Pass,,Clear explanation of enrollment process,Positive,0.76,MEM-00475,3-5 years,Savings,No,Yes,Yes,,No,No,No,REC-0475,HASH-0475
INT-0476,29-10-2021,Friday,43,October,2021,21,Poland,EMEA,Poland Hub,AMER_EMAIL_SUPPORT_T3,Chat,Consumer,Outbound,Tier 1,Banking,AG-0476,Anna Thompson,416,369,298,71,50,721,214858,33.93,30,18,16,90,13,89,88,New Product,Portfolio Review,Escalated,Yes,No,No,No,,,,,,,,,,,,,Neutral,0.47,MEM-00476,3-5 years,Insurance,No,Yes,Yes,,No,No,Yes,REC-0476,HASH-0476
INT-0477,02-02-2022,Wednesday,5,February,2022,4,China,APAC,China Hub,AMER_EMAIL_SUPPORT_T3,Voice,Premium,Outbound,Tier 1,Banking,AG-0477,Kim Dupont,444,444,397,47,48,557,221129,101.76,30,10,12,89,12,90,78,Technical Issue,App Crash,Agent-Resolved,No,Yes,No,No,,,,,,,,,,,,,Positive,0.89,MEM-00477,2-3 years,Investment,Yes,Yes,Yes,7,Yes,No,Yes,REC-0477,HASH-0477
INT-0478,30-08-2022,Tuesday,35,August,2022,10,Portugal,EMEA,Portugal Hub,RETENTION_VOICE_T2,Chat,Premium,Inbound,Tier 2,Banking,AG-0478,Choe Thompson,241,284,258,26,7,693,178794,61.26,16,4,2,69,2,80,67,Product Query,Upgrade Offer,Bot-Resolved,Yes,No,Yes,Yes,30-08-2022,QA-029,Emma Thompson,84,90,92,97,78,84,Fail,Quality Standards Not Met,Proper documentation procedures followed,Positive,0.92,MEM-00478,5+ years,Checking,No,Yes,No,10,Yes,No,No,REC-0478,HASH-0478
INT-0479,11-07-2021,Sunday,27,July,2021,10,Japan,APAC,Japan Hub,RETENTION_VOICE_T2,Chat,Consumer,Outbound,Tier 1,Healthcare,AG-0479,Jessica Johnson,197,177,147,30,3,726,106722,89.82,33,13,13,71,12,90,82,New Product,Network Quality,Bot-Resolved,Yes,Yes,Yes,Yes,11-07-2021,QA-013,QA-Team,84,81,92,91,97,85,Pass,,Professional dispute resolution approach,Positive,0.89,MEM-00479,3-5 years,Checking,No,Yes,Yes,,No,No,No,REC-0479,HASH-0479
INT-0480,08-06-2021,Tuesday,23,June,2021,14,Bulgaria,EMEA,Bulgaria Hub,CUSTOMER_SUPPORT_CHAT_T1,Chat,Enterprise,Retention,Tier 1,Retail,AG-0480,Carlos Thanapong,208,254,244,10,49,527,128588,8.48,22,19,21,71,20,89,68,Account Issue,Software Update,Agent-Resolved,No,Yes,No,No,,,,,,,,,,,,,Positive,0.82,MEM-00480,6+ years,Retail,No,Yes,Yes,8,Yes,Yes,Yes,REC-0480,HASH-0480
INT-0481,25-11-2022,Friday,47,November,2022,10,Colombia,AMER,Colombia Hub,AMER_CORE_EMAIL_TIER2,Voice,Enterprise,Support,Tier 1,Retail,AG-0481,Bat-Erdene Petrova,74,37,35,2,3,170,5950,61.71,21,4,2,64,1,79,82,Sales Call,Network Quality,Escalated,Yes,No,No,No,,,,,,,,,,,,,Positive,0.91,MEM-00481,6+ months,Enterprise,No,Yes,Yes,7,Yes,No,No,REC-0481,HASH-0481
INT-0482,07-08-2021,Saturday,31,August,2021,11,Turkey,EMEA,Turkey Hub,APAC_EMAIL_SUPPORT_T3,Voice,Enterprise,Customer Support,Tier 3,E-commerce,AG-0482,Lisa Thanapong,64,78,68,10,18,564,38352,64.04,32,1,1,77,1,89,88,Service Issue,Upgrade Offer,Agent-Resolved,No,Yes,No,No,,,,,,,,,,,,,Positive,0.88,MEM-00482,3-5 years,Enterprise,No,Yes,Yes,,No,No,No,REC-0482,HASH-0482
INT-0483,31-01-2021,Sunday,4,January,2021,14,Ukraine,EMEA,Ukraine Hub,EMEA_CHAT_SUPPORT_T1,Voice,Consumer,Tech Support,Tier 1,Banking,AG-0483,Tran Jones,261,284,248,36,46,886,219728,55.55,32,9,11,69,11,88,62,New Product,Charge Dispute,Agent-Resolved,No,Yes,No,Yes,31-01-2021,QA-045,QA-Team,98,81,80,80,83,98,Fail,Quality Standards Not Met,Good greeting protocol observed,Negative,0.25,MEM-00483,2-3 years,Savings,Yes,Yes,No,9,Yes,Yes,Yes,REC-0483,HASH-0483
INT-0484,04-08-2022,Thursday,31,August,2022,10,Kenya,EMEA,Kenya Hub,AMER_RETAIL_VOICE_T2,Email,Consumer,Outbound,Tier 3,Telecom,AG-0484,Bat-Erdene Brown,92,130,106,24,37,395,41870,117.53,27,13,13,92,12,86,92,Loan Inquiry,Service Subscription,Escalated,Yes,No,No,No,,,,,,,,,,,,,Neutral,0.43,MEM-00484,6+ years,Enterprise,No,Yes,Yes,10,Yes,No,No,REC-0484,HASH-0484
INT-0485,12-07-2021,Monday,28,July,2021,5,Thailand,APAC,Thailand Hub,OUTBOUND_SALES_T2,Email,Enterprise,Inbound,Tier 3,E-commerce,AG-0485,James Hyun-soo,186,150,137,13,49,562,76994,0.63,30,20,21,79,20,81,83,Investment Inquiry,Network Outage,Bot-Resolved,Yes,Yes,Yes,Yes,12-07-2021,QA-029,Michael Chen,87,88,87,98,86,75,Fail,Quality Standards Not Met,Handled quality concern professionally,Positive,0.81,MEM-00485,4-5 years,Insurance,Yes,Yes,No,10,Yes,No,No,REC-0485,HASH-0485
INT-0486,13-04-2021,Tuesday,15,April,2021,18,Pakistan,APAC,Pakistan Hub,AMER_CORE_EMAIL_TIER2,Email,Enterprise,Customer Support,Tier 3,Retail,AG-0486,Tran Thi Linh,55,87,82,5,23,693,56826,1.56,30,2,2,62,1,91,83,Account Inquiry,Inventory Problem,Bot-Resolved,No,Yes,Yes,No,,,,,,,,,,,,,Positive,0.98,MEM-00486,6+ years,Healthcare,No,Yes,Yes,9,Yes,Yes,Yes,REC-0486,HASH-0486
INT-0487,30-04-2022,Saturday,17,April,2022,15,Luxembourg,EMEA,Luxembourg Hub,INBOUND_VOICE_TIER1,Email,Enterprise,Customer Support,Tier 3,E-commerce,AG-0487,Tran Ahmed,294,295,274,21,27,669,183306,5.6,28,7,5,79,4,75,82,Investment Inquiry,Upgrade Offer,Agent-Resolved,No,Yes,No,No,,,,,,,,,,,,,Positive,0.91,MEM-00487,2-3 years,Business,No,No,Yes,8,Yes,No,No,REC-0487,HASH-0487
INT-0488,23-05-2022,Monday,21,May,2022,14,New Zealand,APAC,New Zealand Hub,OUTBOUND_SALES_T2,Email,Enterprise,Inbound,Tier 1,Telecom,AG-0488,Jennifer Laurent,290,245,216,29,46,705,152280,68.84,37,20,22,87,21,88,93,Order Issue,Network Quality,Agent-Resolved,Yes,Yes,No,Yes,23-05-2022,QA-020,Michael Chen,77,80,99,92,83,91,Fail,Quality Standards Not Met,Clear technical explanation provided,Positive,0.76,MEM-00488,1-2 years,Savings,No,No,Yes,7,Yes,No,No,REC-0488,HASH-0488
INT-0489,19-07-2021,Monday,29,July,2021,12,Indonesia,APAC,Indonesia Hub,CUSTOMER_SUPPORT_CHAT_T1,Voice,Consumer,Customer Support,Tier 3,Healthcare,AG-0489,Anna Brown,386,391,361,30,4,163,58843,67.78,34,9,8,63,6,83,71,Account Inquiry,Product Quality,Escalated,Yes,No,No,Yes,19-07-2021,QA-019,Thabo Mthembu,96,90,99,84,75,87,Pass,,Accurate and prompt service delivery,Negative,0.28,MEM-00489,6+ months,Retail,No,Yes,Yes,6,Yes,No,No,REC-0489,HASH-0489
INT-0490,31-01-2021,Sunday,4,January,2021,16,Vietnam,APAC,Vietnam Hub,AMER_CORE_EMAIL_TIER2,Chat,Premium,Customer Support,Tier 2,E-commerce,AG-0490,Choe Hassan,309,347,326,21,2,702,228852,9.43,17,10,8,63,6,93,61,Technical Issue,Software Bug,Agent-Resolved,No,Yes,No,No,,,,,,,,,,,,,Positive,0.94,MEM-00490,3-5 years,Mortgage,No,Yes,Yes,7,Yes,No,No,REC-0490,HASH-0490
INT-0491,31-12-2021,Friday,52,December,2021,20,United States,AMER,United States Hub,AMER_CORE_EMAIL_TIER2,Chat,Premium,Tech Support,Tier 3,Retail,AG-0491,Hassan Taylor,184,195,170,25,31,469,79730,41.64,23,4,4,68,4,92,62,Service Issue,Login Problem,Bot-Resolved,No,Yes,Yes,No,,,,,,,,,,,,,Negative,0.27,MEM-00491,2-3 years,Retail,No,Yes,Yes,7,Yes,No,No,REC-0491,HASH-0491
INT-0492,28-03-2021,Sunday,12,March,2021,11,Kenya,EMEA,Kenya Hub,RETENTION_VOICE_T2,Chat,Consumer,Support,Tier 1,Telecom,AG-0492,Carlos Santoso,433,428,353,75,9,760,268280,56.1,28,6,4,67,2,88,62,New Product,Delivery Confirmation,Agent-Resolved,No,Yes,No,No,,,,,,,,,,,,,Positive,0.97,MEM-00492,3-5 years,Mortgage,No,Yes,Yes,10,Yes,No,No,REC-0492,HASH-0492
INT-0493,26-01-2021,Tuesday,4,January,2021,10,Spain,EMEA,Spain Hub,APAC_CORE_EMAIL_TIER2,Email,Premium,Customer Support,Tier 1,Telecom,AG-0493,Choe Rodriguez,137,140,120,20,24,396,47520,117.43,36,6,4,60,4,88,74,Service Issue,Stock Availability,Bot-Resolved,No,Yes,Yes,Yes,26-01-2021,QA-008,Park Sun-hee,98,99,89,75,87,89,Fail,Quality Standards Not Met,Accurate and prompt service delivery,Positive,0.88,MEM-00493,3-5 years,Mortgage,Yes,Yes,No,,No,Yes,Yes,REC-0493,HASH-0493
INT-0494,08-01-2021,Friday,1,January,2021,4,Canada,AMER,Canada Hub,EMEA_CHAT_SUPPORT_T1,Chat,Enterprise,Customer Support,Tier 1,Banking,AG-0494,Rachel Thanapong,66,66,54,12,26,856,46224,58.92,37,7,9,65,9,76,85,Billing Issue,Shipping Inquiry,Bot-Resolved,No,Yes,Yes,No,,,,,,,,,,,,,Positive,0.84,MEM-00494,4-5 years,Credit Card,No,Yes,Yes,10,Yes,No,Yes,REC-0494,HASH-0494
INT-0495,17-04-2022,Sunday,15,April,2022,7,Spain,EMEA,Spain Hub,TECH_SUPPORT_EMAIL_T3,Email,Consumer,Inbound,Tier 2,E-commerce,AG-0495,Rachel Min-jun,333,289,242,47,29,412,99704,112.39,20,2,1,91,1,95,81,Technical Issue,Billing Discrepancy,Escalated,Yes,No,No,No,,,,,,,,,,,,,Positive,0.82,MEM-00495,2-3 years,Mortgage,No,Yes,Yes,6,Yes,Yes,Yes,REC-0495,HASH-0495
INT-0496,24-05-2022,Tuesday,21,May,2022,12,Morocco,EMEA,Morocco Hub,AMER_RETAIL_VOICE_T2,Email,Premium,Retention,Tier 2,Banking,AG-0496,Maria White,170,201,164,37,26,837,137268,8.93,18,16,17,84,14,90,84,Loan Inquiry,Cancellation Attempt,Bot-Resolved,No,No,Yes,Yes,24-05-2022,QA-013,Ivan Marinov,95,79,93,85,97,82,Fail,Quality Standards Not Met,Confirmed delivery details accurately,Neutral,0.49,MEM-00496,1-2 years,Checking,No,Yes,Yes,10,Yes,No,No,REC-0496,HASH-0496
INT-0497,06-08-2021,Friday,31,August,2021,7,Sweden,EMEA,Sweden Hub,CUSTOMER_SUPPORT_CHAT_T1,Voice,Enterprise,Inbound,Tier 3,Retail,AG-0497,Grace Hassan,295,274,236,38,8,788,185968,7.95,33,5,7,80,5,73,62,Service Issue,Language Support,Bot-Resolved,No,No,Yes,Yes,06-08-2021,QA-008,QA-Team,77,88,78,93,87,92,Pass,,Professional troubleshooting approach,Neutral,0.44,MEM-00497,5+ years,Checking,Yes,Yes,No,9,Yes,No,No,REC-0497,HASH-0497
INT-0498,02-02-2021,Tuesday,5,February,2021,20,South Africa,EMEA,South Africa Hub,INBOUND_VOICE_TIER1,Email,Enterprise,Tech Support,Tier 3,Healthcare,AG-0498,Rashid Rodriguez,170,167,147,20,47,353,51891,44.78,20,4,3,79,2,94,86,Retention Call,App Crash,Agent-Resolved,No,Yes,No,No,,,,,,,,,,,,,Positive,0.9,MEM-00498,1-2 years,Healthcare,No,Yes,No,8,Yes,Yes,Yes,REC-0498,HASH-0498
INT-0499,18-04-2021,Sunday,15,April,2021,0,North Korea,APAC,North Korea Hub,OUTBOUND_SALES_T2,Voice,Consumer,Outbound,Tier 3,Telecom,AG-0499,Mary Laurent,472,520,482,38,5,766,369212,24.3,16,7,8,78,5,86,66,Account Opening,Product Defect,Escalated,Yes,No,No,No,,,,,,,,,,,,,Positive,0.77,MEM-00499,5+ years,Healthcare,No,Yes,Yes,7,Yes,No,No,REC-0499,HASH-0499
INT-0500,25-04-2022,Monday,17,April,2022,4,Slovakia,EMEA,Slovakia Hub,EMEA_CHAT_SUPPORT_T1,Email,Enterprise,Tech Support,Tier 1,Banking,AG-0500,John Dupont,183,187,165,22,36,224,36960,17.43,24,18,18,95,17,95,85,Order Issue,Shipping Inquiry,Agent-Resolved,No,Yes,No,Yes,25-04-2022,QA-012,Park Sun-hee,90,99,99,96,98,85,Fail,Quality Standards Not Met,Clear technical explanation provided,Positive,0.77,MEM-00500,6+ years,Investment,No,Yes,Yes,8,Yes,No,No,REC-0500,HASH-0500
INT-0501,01-12-2022,Thursday,48,December,2022,23,Canada,AMER,Canada Hub,EMEA_CHAT_SUPPORT_T1,Voice,Premium,Inbound,Tier 2,Retail,AG-0501,Daniel Min-jun,491,473,384,89,48,672,258048,78.01,28,5,7,63,4,81,81,Order Issue,Product Defect,Bot-Resolved,No,Yes,Yes,No,,,,,,,,,,,,,Neutral,0.53,MEM-00501,6+ years,Checking,No,Yes,Yes,9,Yes,Yes,Yes,REC-0501,HASH-0501
INT-0502,16-09-2022,Friday,37,September,2022,22,Israel,EMEA,Israel Hub,RETENTION_VOICE_T2,Chat,Enterprise,Retention,Tier 3,Retail,AG-0502,Daniel Brown,373,336,323,13,40,265,85595,5.08,25,20,19,63,17,94,74,Product Query,Balance Check,Bot-Resolved,No,No,Yes,No,,,,,,,,,,,,,Negative,0.28,MEM-00502,6+ years,Enterprise,No,Yes,Yes,5,Yes,No,No,REC-0502,HASH-0502
INT-0503,25-08-2022,Thursday,34,August,2022,22,South Korea,APAC,South Korea Hub,APAC_CORE_EMAIL_TIER2,Voice,Consumer,Retention,Tier 2,Banking,AG-0503,Mary Ahmed,79,51,50,1,2,640,32000,90.06,40,4,4,95,4,71,78,Technical Issue,Portfolio Review,Escalated,Yes,No,No,No,,,,,,,,,,,,,Negative,0.16,MEM-00503,6+ years,Healthcare,No,Yes,No,10,Yes,No,Yes,REC-0503,HASH-0503
INT-0504,25-03-2021,Thursday,12,March,2021,16,Vietnam,APAC,Vietnam Hub,AMER_CORE_EMAIL_TIER2,Voice,Premium,Inbound,Tier 1,Telecom,AG-0504,James Ahmed,364,394,386,8,17,247,95342,89.68,29,10,9,60,9,71,81,Sales Call,Network Quality,Agent-Resolved,No,Yes,No,No,,,,,,,,,,,,,Neutral,0.42,MEM-00504,6+ months,Credit Card,Yes,Yes,Yes,,No,Yes,Yes,REC-0504,HASH-0504
INT-0505,21-04-2021,Wednesday,16,April,2021,4,Ukraine,EMEA,Ukraine Hub,CUSTOMER_SUPPORT_CHAT_T1,Email,Enterprise,Support,Tier 1,Healthcare,AG-0505,Rashid Miller,374,400,339,61,9,636,215604,107.64,22,9,9,80,7,84,69,Account Inquiry,Browser Compatibility,Bot-Resolved,No,No,Yes,No,,,,,,,,,,,,,Positive,0.76,MEM-00505,1-2 years,Business,No,Yes,Yes,9,Yes,No,No,REC-0505,HASH-0505
INT-0506,19-06-2021,Saturday,24,June,2021,1,Argentina,AMER,Argentina Hub,EMEA_CHAT_SUPPORT_T1,Chat,Premium,Customer Support,Tier 2,E-commerce,AG-0506,John Laurent,346,325,279,46,46,754,210366,31.39,20,13,14,86,13,78,79,Technical Issue,Plan Selection,Bot-Resolved,No,Yes,Yes,No,,,,,,,,,,,,,Positive,0.79,MEM-00506,6+ years,Retail,Yes,Yes,No,7,Yes,No,No,REC-0506,HASH-0506
INT-0507,22-02-2022,Tuesday,8,February,2022,8,South Korea,APAC,South Korea Hub,TECH_SUPPORT_EMAIL_T3,Voice,Consumer,Tech Support,Tier 3,Retail,AG-0507,Carlos Brown,382,379,346,33,24,591,204486,14.75,29,8,6,70,3,90,72,Account Issue,Portfolio Review,Bot-Resolved,No,Yes,Yes,Yes,22-02-2022,QA-036,Emma Thompson,99,76,76,89,88,80,Fail,Quality Standards Not Met,Appropriate escalation criteria applied,Positive,0.83,MEM-00507,6+ years,Business,No,Yes,Yes,,No,No,No,REC-0507,HASH-0507
INT-0508,15-08-2022,Monday,33,August,2022,18,Poland,EMEA,Poland Hub,APAC_RETAIL_VOICE_T2,Chat,Premium,Inbound,Tier 3,Retail,AG-0508,Siti Rodriguez,300,349,281,68,27,336,94416,9.73,20,15,13,88,11,72,72,Loan Inquiry,Upgrade Offer,Escalated,Yes,No,No,No,,,,,,,,,,,,,Negative,0.36,MEM-00508,6+ months,Insurance,Yes,Yes,Yes,,No,No,No,REC-0508,HASH-0508
INT-0509,28-08-2022,Sunday,34,August,2022,16,Canada,AMER,Canada Hub,EMEA_CHAT_SUPPORT_T1,Chat,Premium,Tech Support,Tier 1,Telecom,AG-0509,Hassan Taylor,245,202,180,22,29,894,160920,71.33,26,2,3,94,1,81,88,Billing Issue,Return Request,Bot-Resolved,No,No,Yes,No,,,,,,,,,,,,,Negative,0.27,MEM-00509,6+ months,Mortgage,Yes,Yes,No,7,Yes,Yes,Yes,REC-0509,HASH-0509
INT-0510,21-04-2022,Thursday,16,April,2022,6,Slovakia,EMEA,Slovakia Hub,APAC_RETAIL_VOICE_T2,Chat,Consumer,Customer Support,Tier 3,Healthcare,AG-0510,Williams Thanapong,153,118,114,4,33,655,74670,76.22,34,19,21,79,21,94,60,Account Inquiry,Refund Request,Agent-Resolved,No,Yes,No,Yes,21-04-2022,QA-028,Samuel Kipchoge,88,81,89,88,83,89,Pass,,Appropriate escalation criteria applied,Neutral,0.42,MEM-00510,6+ months,Retail,Yes,No,No,5,Yes,No,No,REC-0510,HASH-0510
INT-0511,23-04-2021,Friday,16,April,2021,6,Paraguay,AMER,Paraguay Hub,CUSTOMER_SUPPORT_CHAT_T1,Email,Consumer,Tech Support,Tier 2,Healthcare,AG-0511,Bat-Erdene Laurent,486,507,464,43,42,421,195344,38.35,20,18,16,87,14,95,76,Billing Issue,Insurance Product,Agent-Resolved,No,Yes,No,No,,,,,,,,,,,,,Positive,0.96,MEM-00511,1-2 years,Checking,No,No,Yes,10,Yes,No,No,REC-0511,HASH-0511
INT-0512,26-04-2022,Tuesday,17,April,2022,13,Kenya,EMEA,Kenya Hub,CUSTOMER_SUPPORT_CHAT_T1,Chat,Consumer,Customer Support,Tier 2,Healthcare,AG-0512,Daniel White,202,153,123,30,35,564,69372,62.15,20,4,5,80,5,72,81,Retention Call,Upgrade Offer,Agent-Resolved,No,Yes,No,No,,,,,,,,,,,,,Positive,0.93,MEM-00512,2-3 years,Mortgage,Yes,No,Yes,,No,No,No,REC-0512,HASH-0512
INT-0513,18-06-2021,Friday,24,June,2021,8,Greece,EMEA,Greece Hub,CUSTOMER_SUPPORT_CHAT_T1,Chat,Premium,Inbound,Tier 1,Retail,AG-0513,James Garcia,471,441,400,41,31,385,154000,81.31,20,10,11,92,9,72,63,New Product,System Access,Agent-Resolved,No,Yes,No,No,,,,,,,,,,,,,Negative,0.34,MEM-00513,4-5 years,Investment,Yes,No,Yes,,No,No,Yes,REC-0513,HASH-0513
INT-0514,14-04-2022,Thursday,15,April,2022,22,Vietnam,APAC,Vietnam Hub,EMEA_CHAT_SUPPORT_T1,Email,Premium,Support,Tier 3,E-commerce,AG-0514,Sophie Rodriguez,120,124,110,14,37,255,28050,54.07,20,2,3,86,2,70,86,Order Issue,Connectivity,Escalated,Yes,No,No,No,,,,,,,,,,,,,Negative,0.2,MEM-00514,4-5 years,Enterprise,Yes,Yes,Yes,,No,No,No,REC-0514,HASH-0514
INT-0515,15-07-2022,Friday,28,July,2022,16,Mexico,AMER,Mexico Hub,OUTBOUND_SALES_T2,Email,Consumer,Support,Tier 2,Retail,AG-0515,Jessica Min-jun,308,341,285,56,32,122,34770,34.21,21,20,22,68,20,70,72,Sales Call,Product Defect,Agent-Resolved,No,Yes,No,No,,,,,,,,,,,,,Negative,0.15,MEM-00515,4-5 years,Mortgage,No,No,Yes,8,Yes,No,No,REC-0515,HASH-0515
INT-0516,12-05-2022,Thursday,19,May,2022,11,Spain,EMEA,Spain Hub,AMER_CORE_EMAIL_TIER2,Voice,Consumer,Inbound,Tier 3,Healthcare,AG-0516,Kenji Jackson,412,364,326,38,49,899,293074,0.29,25,7,5,66,4,81,74,Investment Inquiry,Service Renewal,Agent-Resolved,No,Yes,No,No,,,,,,,,,,,,,Positive,0.85,MEM-00516,2-3 years,Checking,No,Yes,Yes,6,Yes,No,No,REC-0516,HASH-0516
INT-0517,25-01-2021,Monday,4,January,2021,2,Bangladesh,APAC,Bangladesh Hub,APAC_EMAIL_SUPPORT_T3,Email,Enterprise,Customer Support,Tier 2,Retail,AG-0517,Bat-Erdene Min-jun,159,188,183,5,40,582,106506,13.74,32,7,8,85,5,77,80,Sales Call,Software Update,Agent-Resolved,Yes,Yes,No,Yes,25-01-2021,QA-045,Thabo Mthembu,81,97,77,92,98,96,Pass,,Handled quality concern professionally,Positive,0.97,MEM-00517,3-5 years,Mortgage,No,No,No,6,Yes,No,No,REC-0517,HASH-0517
INT-0518,14-02-2021,Sunday,6,February,2021,2,Hong Kong,APAC,Hong Kong Hub,AMER_CORE_EMAIL_TIER2,Email,Premium,Inbound,Tier 2,Telecom,AG-0518,Siti Ahmed,195,178,165,13,25,765,126225,28.77,37,20,19,67,17,92,71,Retention Call,Contract Renewal,Escalated,Yes,No,No,No,,,,,,,,,,,,,Neutral,0.46,MEM-00518,5+ years,Mortgage,No,Yes,No,,No,No,Yes,REC-0518,HASH-0518
INT-0519,11-08-2022,Thursday,32,August,2022,1,Iceland,EMEA,Iceland Hub,CUSTOMER_SUPPORT_CHAT_T1,Email,Enterprise,Customer Support,Tier 1,Healthcare,AG-0519,Thomas Thi Linh,266,238,219,19,11,832,182208,89.13,17,8,10,89,8,78,77,Order Issue,Package Upgrade,Escalated,Yes,No,No,Yes,11-08-2022,QA-001,Michael Chen,75,75,85,86,99,88,Pass,,Good greeting protocol observed,Negative,0.32,MEM-00519,5+ years,Insurance,No,No,Yes,,No,No,No,REC-0519,HASH-0519
INT-0520,29-04-2022,Friday,17,April,2022,3,Brazil,AMER,Brazil Hub,EMEA_CORE_EMAIL_T2,Email,Premium,Support,Tier 2,Banking,AG-0520,James Moore,334,296,269,27,10,562,151178,15.74,19,8,10,78,7,70,92,Account Issue,Software Update,Bot-Resolved,No,Yes,Yes,Yes,29-04-2022,QA-006,Emma Thompson,84,81,84,86,82,83,Pass,,Professional troubleshooting approach,Positive,0.88,MEM-00520,5+ years,Credit Card,No,Yes,Yes,,No,No,Yes,REC-0520,HASH-0520
INT-0521,22-01-2022,Saturday,3,January,2022,17,South Korea,APAC,South Korea Hub,AMER_EMAIL_SUPPORT_T3,Email,Enterprise,Inbound,Tier 2,Telecom,AG-0521,Rachel Jones,355,309,299,10,5,306,91494,77.53,32,7,7,79,4,73,95,Technical Issue,Tracking Update,Escalated,Yes,No,No,No,,,,,,,,,,,,,Positive,0.81,MEM-00521,6+ months,Healthcare,Yes,Yes,Yes,9,Yes,No,No,REC-0521,HASH-0521
INT-0522,26-08-2021,Thursday,34,August,2021,15,Germany,EMEA,Germany Hub,APAC_EMAIL_SUPPORT_T3,Chat,Premium,Inbound,Tier 2,Retail,AG-0522,Mary Taylor,310,260,228,32,50,640,145920,92.99,28,11,13,76,11,86,67,Account Opening,App Crash,Escalated,Yes,No,No,Yes,26-08-2021,QA-008,QA-Team,75,84,86,93,95,87,Pass,,Professional dispute resolution approach,Neutral,0.51,MEM-00522,5+ years,Investment,No,Yes,Yes,7,Yes,No,No,REC-0522,HASH-0522
INT-0523,09-07-2021,Friday,27,July,2021,11,Italy,EMEA,Italy Hub,AMER_RETAIL_VOICE_T2,Voice,Premium,Outbound,Tier 2,E-commerce,AG-0523,Tran Wilson,353,330,272,58,48,767,208624,38.76,32,16,15,92,15,95,80,Service Issue,App Crash,Agent-Resolved,No,Yes,No,Yes,09-07-2021,QA-004,Michael Chen,86,98,76,99,90,85,Pass,,Proper documentation procedures followed,Positive,0.81,MEM-00523,4-5 years,Savings,No,Yes,Yes,,No,No,No,REC-0523,HASH-0523
INT-0524,12-06-2022,Sunday,23,June,2022,0,Greece,EMEA,Greece Hub,CUSTOMER_SUPPORT_CHAT_T1,Voice,Enterprise,Retention,Tier 2,E-commerce,AG-0524,Rashid Laurent,347,358,291,67,45,190,55290,10.61,24,8,8,60,7,82,94,Sales Call,Plan Selection,Escalated,Yes,No,No,No,,,,,,,,,,,,,Positive,0.9,MEM-00524,2-3 years,Insurance,No,Yes,Yes,8,Yes,No,No,REC-0524,HASH-0524
INT-0525,06-05-2021,Thursday,18,May,2021,9,Hong Kong,APAC,Hong Kong Hub,EMEA_CORE_EMAIL_T2,Voice,Premium,Outbound,Tier 3,Healthcare,AG-0525,Mary Hyun-soo,144,154,135,19,41,369,49815,32.13,29,20,22,95,21,90,67,New Product,Balance Check,Bot-Resolved,No,Yes,Yes,No,,,,,,,,,,,,,Negative,0.25,MEM-00525,3-5 years,Retail,Yes,No,Yes,7,Yes,No,No,REC-0525,HASH-0525
INT-0526,01-12-2022,Thursday,48,December,2022,16,Argentina,AMER,Argentina Hub,OUTBOUND_SALES_T2,Email,Enterprise,Retention,Tier 2,Healthcare,AG-0526,Sarah Davis,332,312,280,32,49,765,214200,115.86,24,3,2,95,2,72,69,Service Issue,Service Quality,Bot-Resolved,Yes,Yes,Yes,Yes,01-12-2022,QA-032,QA-Team,92,96,80,79,87,78,Pass,,Good greeting protocol observed,Positive,0.96,MEM-00526,1-2 years,Mortgage,No,Yes,No,9,Yes,No,Yes,REC-0526,HASH-0526
INT-0527,05-04-2021,Monday,14,April,2021,20,Sweden,EMEA,Sweden Hub,OUTBOUND_SALES_T2,Email,Premium,Outbound,Tier 2,Healthcare,AG-0527,Chen Thomas,426,444,389,55,50,707,275023,111.43,32,3,5,65,5,70,69,Account Inquiry,Service Renewal,Agent-Resolved,No,Yes,No,No,,,,,,,,,,,,,Positive,0.9,MEM-00527,6+ months,Business,No,Yes,Yes,,No,No,No,REC-0527,HASH-0527
INT-0528,08-02-2021,Monday,6,February,2021,22,Portugal,EMEA,Portugal Hub,INBOUND_VOICE_TIER1,Email,Enterprise,Outbound,Tier 1,Retail,AG-0528,Michael Martin,72,42,36,6,30,412,14832,65.39,28,5,7,82,6,81,70,Product Query,Charge Dispute,Bot-Resolved,No,Yes,Yes,Yes,08-02-2021,QA-003,Ivan Marinov,76,75,84,79,75,83,Pass,,Good greeting protocol observed,Positive,0.77,MEM-00528,6+ years,Healthcare,No,No,Yes,10,Yes,Yes,Yes,REC-0528,HASH-0528
INT-0529,02-09-2022,Friday,35,September,2022,9,Poland,EMEA,Poland Hub,APAC_CORE_EMAIL_TIER2,Voice,Enterprise,Customer Support,Tier 2,E-commerce,AG-0529,Williams Martin,420,469,463,6,40,437,202331,1.21,40,13,11,87,10,90,76,Complaint,Stock Availability,Bot-Resolved,No,Yes,Yes,No,,,,,,,,,,,,,Positive,0.8,MEM-00529,1-2 years,Investment,No,Yes,No,6,Yes,No,No,REC-0529,HASH-0529
INT-0530,29-12-2022,Thursday,52,December,2022,6,Argentina,AMER,Argentina Hub,EMEA_CHAT_SUPPORT_T1,Chat,Consumer,Inbound,Tier 2,E-commerce,AG-0530,James Dupont,371,390,366,24,22,501,183366,99.53,33,14,12,80,12,92,80,Loan Inquiry,Service Quality,Bot-Resolved,No,No,Yes,No,,,,,,,,,,,,,Positive,0.93,MEM-00530,6+ years,Insurance,No,Yes,Yes,7,Yes,No,No,REC-0530,HASH-0530
INT-0531,27-06-2022,Monday,26,June,2022,21,Brazil,AMER,Brazil Hub,APAC_EMAIL_SUPPORT_T3,Voice,Consumer,Tech Support,Tier 3,E-commerce,AG-0531,David Ahmed,421,408,339,69,26,311,105429,2.77,22,14,16,64,16,89,64,Investment Inquiry,System Access,Bot-Resolved,No,No,Yes,Yes,27-06-2022,QA-016,Thabo Mthembu,92,75,98,90,83,85,Fail,Quality Standards Not Met,Proper escalation procedure followed,Neutral,0.49,MEM-00531,2-3 years,Mortgage,Yes,Yes,Yes,5,Yes,No,No,REC-0531,HASH-0531
INT-0532,04-02-2021,Thursday,5,February,2021,22,Paraguay,AMER,Paraguay Hub,EMEA_CHAT_SUPPORT_T1,Email,Enterprise,Outbound,Tier 1,Retail,AG-0532,Daniel Anderson,306,292,260,32,32,804,209040,60.64,37,7,9,66,8,78,87,Order Issue,Language Support,Escalated,Yes,No,No,Yes,04-02-2021,QA-029,Park Sun-hee,82,97,93,93,93,75,Pass,,Addressed customer concerns appropriately,Positive,0.91,MEM-00532,5+ years,Healthcare,No,No,Yes,10,Yes,No,No,REC-0532,HASH-0532
INT-0533,30-11-2021,Tuesday,48,November,2021,16,Czech Republic,EMEA,Czech Republic Hub,EMEA_CHAT_SUPPORT_T1,Email,Consumer,Inbound,Tier 1,Healthcare,AG-0533,Lee Chen,265,274,224,50,27,226,50624,95.81,26,7,8,76,5,89,80,Account Issue,Language Support,Agent-Resolved,No,Yes,No,Yes,30-11-2021,QA-047,Ivan Marinov,90,85,85,94,88,87,Pass,,Proper documentation procedures followed,Positive,0.99,MEM-00533,1-2 years,Retail,No,Yes,Yes,7,Yes,No,No,REC-0533,HASH-0533
INT-0534,07-08-2022,Sunday,31,August,2022,1,Paraguay,AMER,Paraguay Hub,APAC_EMAIL_SUPPORT_T3,Chat,Consumer,Support,Tier 1,Healthcare,AG-0534,Kenji Laurent,175,159,136,23,37,487,66232,102.28,32,14,14,76,12,85,83,Billing Issue,Pricing Concern,Agent-Resolved,No,Yes,No,Yes,07-08-2022,QA-019,QA-Team,93,88,97,82,88,81,Pass,,Agent provided comprehensive information,Positive,0.82,MEM-00534,1-2 years,Retail,Yes,No,Yes,5,Yes,No,No,REC-0534,HASH-0534
INT-0535,22-05-2021,Saturday,20,May,2021,14,Spain,EMEA,Spain Hub,AMER_EMAIL_SUPPORT_T3,Voice,Premium,Retention,Tier 1,Telecom,AG-0535,Maria Wilson,276,320,281,39,23,439,123359,98.44,27,18,16,82,13,78,80,New Product,Churn Risk,Agent-Resolved,No,Yes,No,No,,,,,,,,,,,,,Negative,0.3,MEM-00535,6+ months,Investment,No,Yes,Yes,10,Yes,No,Yes,REC-0535,HASH-0535
INT-0536,10-12-2022,Saturday,49,December,2022,23,Vietnam,APAC,Vietnam Hub,EMEA_CORE_EMAIL_T2,Chat,Consumer,Inbound,Tier 1,Banking,AG-0536,Lisa Wilson,263,269,253,16,49,739,186967,42.67,34,1,1,70,1,89,73,Complaint,Preference Update,Agent-Resolved,No,Yes,No,No,,,,,,,,,,,,,Positive,0.97,MEM-00536,6+ months,Investment,No,Yes,Yes,8,Yes,No,No,REC-0536,HASH-0536
INT-0537,03-03-2022,Thursday,9,March,2022,23,New Zealand,APAC,New Zealand Hub,RETENTION_VOICE_T2,Chat,Premium,Retention,Tier 3,Retail,AG-0537,Williams Wei,395,382,312,70,17,798,248976,9.38,34,3,5,67,2,92,82,Investment Inquiry,Contract Renewal,Bot-Resolved,No,No,Yes,Yes,03-03-2022,QA-013,Emma Thompson,85,76,98,86,84,99,Pass,,Appropriate escalation criteria applied,Positive,0.87,MEM-00537,6+ months,Retail,No,Yes,Yes,9,Yes,No,Yes,REC-0537,HASH-0537
INT-0538,27-06-2022,Monday,26,June,2022,20,Colombia,AMER,Colombia Hub,OUTBOUND_SALES_T2,Voice,Premium,Outbound,Tier 1,Healthcare,AG-0538,Tran Wei,352,354,328,26,49,713,233864,17.95,22,16,16,71,16,86,91,Loan Inquiry,Preference Update,Escalated,Yes,No,No,No,,,,,,,,,,,,,Negative,0.37,MEM-00538,6+ months,Checking,Yes,Yes,Yes,,No,Yes,Yes,REC-0538,HASH-0538
INT-0539,06-06-2021,Sunday,22,June,2021,18,Bulgaria,EMEA,Bulgaria Hub,APAC_RETAIL_VOICE_T2,Chat,Consumer,Tech Support,Tier 2,Retail,AG-0539,Williams Martin,117,96,91,5,15,242,22022,90.23,40,17,18,93,18,75,87,Technical Issue,Password Reset,Bot-Resolved,No,No,Yes,No,,,,,,,,,,,,,Negative,0.27,MEM-00539,4-5 years,Credit Card,No,Yes,Yes,8,Yes,No,No,REC-0539,HASH-0539
INT-0540,22-03-2022,Tuesday,12,March,2022,5,New Zealand,APAC,New Zealand Hub,INBOUND_VOICE_TIER1,Email,Premium,Outbound,Tier 3,Retail,AG-0540,James Wei,457,466,441,25,47,285,125685,74.32,19,1,1,92,1,92,83,Order Issue,Language Support,Bot-Resolved,No,Yes,Yes,Yes,22-03-2022,QA-004,Park Sun-hee,93,97,86,90,87,75,Fail,Quality Standards Not Met,Clear technical explanation provided,Positive,0.91,MEM-00540,5+ years,Mortgage,No,Yes,Yes,,No,No,Yes,REC-0540,HASH-0540
INT-0541,09-11-2021,Tuesday,45,November,2021,11,Mexico,AMER,Mexico Hub,AMER_CORE_EMAIL_TIER2,Email,Consumer,Customer Support,Tier 1,Healthcare,AG-0541,Anna Ahmed,455,467,439,28,1,758,332762,80.07,32,1,1,75,1,83,82,Billing Issue,Service Quality,Bot-Resolved,Yes,Yes,Yes,No,,,,,,,,,,,,,Positive,0.93,MEM-00541,1-2 years,Insurance,No,Yes,Yes,6,Yes,No,No,REC-0541,HASH-0541
INT-0542,24-01-2021,Sunday,3,January,2021,19,Sweden,EMEA,Sweden Hub,OUTBOUND_SALES_T2,Email,Consumer,Inbound,Tier 3,Retail,AG-0542,Choe Hassan,432,460,378,82,32,637,240786,34.14,24,5,4,83,1,89,67,Sales Call,Package Upgrade,Agent-Resolved,No,Yes,No,Yes,24-01-2021,QA-046,Michael Chen,83,86,90,99,98,91,Pass,,Good greeting protocol observed,Positive,0.96,MEM-00542,5+ years,Business,Yes,Yes,Yes,6,Yes,No,No,REC-0542,HASH-0542
INT-0543,08-10-2021,Friday,40,October,2021,21,Bulgaria,EMEA,Bulgaria Hub,CUSTOMER_SUPPORT_CHAT_T1,Chat,Enterprise,Customer Support,Tier 1,E-commerce,AG-0543,Siti Moore,261,294,245,49,18,766,187670,14.36,34,11,11,65,11,76,73,Order Issue,Password Reset,Escalated,Yes,No,No,Yes,08-10-2021,QA-022,Emma Thompson,77,78,83,78,75,97,Pass,,Clear explanation of enrollment process,Negative,0.15,MEM-00543,6+ years,Insurance,No,Yes,Yes,6,Yes,No,No,REC-0543,HASH-0543
INT-0544,14-06-2021,Monday,24,June,2021,16,Morocco,EMEA,Morocco Hub,APAC_EMAIL_SUPPORT_T3,Voice,Enterprise,Tech Support,Tier 2,Telecom,AG-0544,Jessica Chen,137,134,131,3,38,174,22794,89.57,32,1,2,65,1,94,64,Sales Call,Tracking Update,Escalated,Yes,No,No,No,,,,,,,,,,,,,Neutral,0.53,MEM-00544,2-3 years,Credit Card,No,Yes,Yes,8,Yes,No,No,REC-0544,HASH-0544
INT-0545,14-05-2022,Saturday,19,May,2022,9,United States,AMER,United States Hub,EMEA_CHAT_SUPPORT_T1,Email,Enterprise,Customer Support,Tier 3,Healthcare,AG-0545,Michael Dupont,151,152,122,30,47,826,100772,106.2,35,18,18,89,17,87,84,Technical Issue,Churn Risk,Bot-Resolved,No,No,Yes,No,,,,,,,,,,,,,Positive,0.78,MEM-00545,5+ years,Retail,No,Yes,Yes,5,Yes,No,No,REC-0545,HASH-0545
INT-0546,12-09-2022,Monday,37,September,2022,2,United States,AMER,United States Hub,OUTBOUND_SALES_T2,Email,Premium,Outbound,Tier 1,Retail,AG-0546,Mary Hassan,287,283,232,51,28,736,170752,26.98,23,1,1,90,1,87,78,Technical Issue,Charge Dispute,Escalated,Yes,No,No,No,,,,,,,,,,,,,Neutral,0.5,MEM-00546,1-2 years,Enterprise,Yes,No,Yes,,No,No,No,REC-0546,HASH-0546
INT-0547,26-10-2022,Wednesday,43,October,2022,0,Spain,EMEA,Spain Hub,APAC_CORE_EMAIL_TIER2,Chat,Consumer,Support,Tier 1,Healthcare,AG-0547,Robert Rodriguez,378,364,350,14,50,844,295400,6.08,35,20,19,64,18,85,78,Sales Call,Statement Inquiry,Bot-Resolved,No,Yes,Yes,Yes,26-10-2022,QA-014,Thabo Mthembu,92,89,91,96,84,82,Fail,Quality Standards Not Met,Clear technical explanation provided,Positive,0.76,MEM-00547,6+ months,Investment,No,Yes,Yes,5,Yes,No,Yes,REC-0547,HASH-0547
INT-0548,25-10-2021,Monday,43,October,2021,10,Bangladesh,APAC,Bangladesh Hub,APAC_CORE_EMAIL_TIER2,Chat,Consumer,Inbound,Tier 3,E-commerce,AG-0548,Kim Jones,361,362,332,30,17,479,159028,65.33,24,10,12,89,10,71,60,New Product,Billing Query,Agent-Resolved,Yes,Yes,No,Yes,25-10-2021,QA-024,Samuel Kipchoge,87,75,88,76,86,89,Pass,,Strong empathy demonstrated,Positive,0.84,MEM-00548,6+ years,Mortgage,No,Yes,Yes,,No,No,Yes,REC-0548,HASH-0548
INT-0549,28-05-2021,Friday,21,May,2021,23,North Korea,APAC,North Korea Hub,INBOUND_VOICE_TIER1,Chat,Enterprise,Support,Tier 2,E-commerce,AG-0549,James Nyambura,185,210,204,6,7,237,48348,62.09,18,16,14,85,11,94,67,Investment Inquiry,Connectivity Problem,Agent-Resolved,No,Yes,No,Yes,28-05-2021,QA-044,Thabo Mthembu,83,93,75,81,78,95,Fail,Quality Standards Not Met,Agent provided comprehensive information,Neutral,0.4,MEM-00549,4-5 years,Savings,No,Yes,No,10,Yes,No,No,REC-0549,HASH-0549
INT-0550,08-11-2021,Monday,45,November,2021,19,Ukraine,EMEA,Ukraine Hub,CUSTOMER_SUPPORT_CHAT_T1,Voice,Premium,Tech Support,Tier 2,Telecom,AG-0550,Jennifer Thomas,325,280,236,44,25,892,210512,90.95,24,4,5,72,2,81,82,Complaint,Delivery Confirmation,Escalated,Yes,No,No,Yes,08-11-2021,QA-047,QA-Team,79,98,75,91,89,84,Pass,,Clear explanation of enrollment process,Positive,0.88,MEM-00550,3-5 years,Checking,Yes,No,Yes,7,Yes,No,No,REC-0550,HASH-0550
INT-0551,17-02-2021,Wednesday,7,February,2021,21,United States,AMER,United States Hub,AMER_EMAIL_SUPPORT_T3,Voice,Consumer,Support,Tier 1,Banking,AG-0551,Naledi Dupont,458,452,405,47,42,203,82215,119.44,32,16,17,91,15,81,60,Account Opening,System Access,Agent-Resolved,Yes,Yes,No,No,,,,,,,,,,,,,Negative,0.38,MEM-00551,5+ years,Credit Card,No,Yes,No,,No,No,Yes,REC-0551,HASH-0551
INT-0552,11-10-2021,Monday,41,October,2021,0,Ukraine,EMEA,Ukraine Hub,APAC_RETAIL_VOICE_T2,Voice,Premium,Support,Tier 1,Healthcare,AG-0552,Sarah Thompson,55,24,22,2,40,371,8162,107.51,30,12,12,61,10,93,84,Product Query,Connectivity,Escalated,Yes,No,No,Yes,11-10-2021,QA-039,Park Sun-hee,78,95,81,86,91,96,Pass,,Appropriate escalation criteria applied,Neutral,0.59,MEM-00552,4-5 years,Savings,Yes,Yes,Yes,,No,No,Yes,REC-0552,HASH-0552
INT-0553,09-04-2022,Saturday,14,April,2022,1,Bangladesh,APAC,Bangladesh Hub,INBOUND_VOICE_TIER1,Voice,Premium,Tech Support,Tier 2,Telecom,AG-0553,Hassan Thomas,291,259,228,31,13,413,94164,44.73,18,7,7,92,6,83,60,Order Issue,App Crash,Agent-Resolved,No,Yes,No,No,,,,,,,,,,,,,Negative,0.32,MEM-00553,6+ years,Enterprise,Yes,Yes,Yes,9,Yes,No,No,REC-0553,HASH-0553
INT-0554,29-01-2021,Friday,4,January,2021,9,South Africa,EMEA,South Africa Hub,AMER_RETAIL_VOICE_T2,Email,Enterprise,Customer Support,Tier 3,E-commerce,AG-0554,Thomas Taylor,186,169,142,27,33,885,125670,18.51,15,12,10,93,8,78,60,Complaint,Product Defect,Escalated,Yes,No,No,No,,,,,,,,,,,,,Neutral,0.53,MEM-00554,4-5 years,Credit Card,Yes,Yes,No,8,Yes,No,No,REC-0554,HASH-0554
INT-0555,04-10-2021,Monday,40,October,2021,3,Malaysia,APAC,Malaysia Hub,CUSTOMER_SUPPORT_CHAT_T1,Voice,Consumer,Customer Support,Tier 3,E-commerce,AG-0555,Naledi Nyambura,447,439,424,15,1,149,63176,28.73,36,1,1,68,1,70,64,New Product,Connectivity,Agent-Resolved,No,Yes,No,No,,,,,,,,,,,,,Positive,0.78,MEM-00555,3-5 years,Credit Card,No,Yes,Yes,7,Yes,No,No,REC-0555,HASH-0555
INT-0556,26-06-2021,Saturday,25,June,2021,13,Poland,EMEA,Poland Hub,AMER_EMAIL_SUPPORT_T3,Voice,Enterprise,Support,Tier 3,Banking,AG-0556,Jennifer Wilson,149,177,160,17,31,305,48800,43.87,26,17,19,86,19,80,74,Service Issue,Churn Risk,Bot-Resolved,No,No,Yes,No,,,,,,,,,,,,,Positive,0.85,MEM-00556,3-5 years,Mortgage,No,Yes,Yes,6,Yes,No,No,REC-0556,HASH-0556
INT-0557,11-06-2021,Friday,23,June,2021,7,Canada,AMER,Canada Hub,AMER_CORE_EMAIL_TIER2,Email,Premium,Tech Support,Tier 3,Healthcare,AG-0557,Grace Min-jun,276,322,270,52,45,191,51570,110.24,27,13,12,81,10,95,93,Account Issue,Product Defect,Escalated,Yes,No,No,No,,,,,,,,,,,,,Positive,0.83,MEM-00557,6+ months,Business,No,No,Yes,6,Yes,No,No,REC-0557,HASH-0557
INT-0558,09-06-2022,Thursday,23,June,2022,9,Finland,EMEA,Finland Hub,APAC_EMAIL_SUPPORT_T3,Email,Consumer,Tech Support,Tier 3,Banking,AG-0558,Kim Moore,451,440,433,7,42,308,133364,98.51,28,1,1,71,1,86,65,Account Inquiry,Tracking Update,Agent-Resolved,No,Yes,No,Yes,09-06-2022,QA-026,QA-Team,82,95,76,77,89,97,Fail,Quality Standards Not Met,Good greeting protocol observed,Positive,0.8,MEM-00558,1-2 years,Business,No,Yes,Yes,5,Yes,No,No,REC-0558,HASH-0558
INT-0559,03-05-2022,Tuesday,18,May,2022,15,France,EMEA,France Hub,EMEA_CHAT_SUPPORT_T1,Chat,Premium,Support,Tier 1,Healthcare,AG-0559,Lee Thomas,144,164,155,9,28,575,89125,19.05,34,19,21,89,18,92,93,Account Issue,Service Renewal,Escalated,Yes,No,No,No,,,,,,,,,,,,,Positive,0.94,MEM-00559,5+ years,Business,Yes,No,Yes,10,Yes,No,No,REC-0559,HASH-0559
INT-0560,22-10-2021,Friday,42,October,2021,4,Japan,APAC,Japan Hub,APAC_RETAIL_VOICE_T2,Chat,Premium,Outbound,Tier 1,E-commerce,AG-0560,Jennifer Taylor,438,446,413,33,10,532,219716,108.44,16,3,2,71,1,88,92,Account Opening,Network Quality,Bot-Resolved,No,Yes,Yes,Yes,22-10-2021,QA-017,QA-Team,99,96,98,98,84,97,Fail,Quality Standards Not Met,Clear technical explanation provided,Neutral,0.58,MEM-00560,4-5 years,Checking,Yes,Yes,Yes,8,Yes,Yes,Yes,REC-0560,HASH-0560
INT-0561,06-07-2022,Wednesday,27,July,2022,7,Slovakia,EMEA,Slovakia Hub,TECH_SUPPORT_EMAIL_T3,Email,Consumer,Outbound,Tier 1,Telecom,AG-0561,Maria Martin,82,109,97,12,31,370,35890,80.44,25,11,10,91,8,74,89,New Product,Service Renewal,Agent-Resolved,No,Yes,No,Yes,06-07-2022,QA-027,Michael Chen,81,85,84,85,97,75,Fail,Quality Standards Not Met,Proper documentation procedures followed,Positive,0.89,MEM-00561,1-2 years,Business,Yes,Yes,Yes,8,Yes,No,No,REC-0561,HASH-0561
INT-0562,16-01-2021,Saturday,2,January,2021,9,Ukraine,EMEA,Ukraine Hub,APAC_CORE_EMAIL_TIER2,Email,Enterprise,Retention,Tier 1,Telecom,AG-0562,Sarah Thomas,159,156,150,6,48,279,41850,59.16,32,11,13,60,11,77,78,Product Query,Login Problem,Bot-Resolved,No,Yes,Yes,Yes,16-01-2021,QA-037,Ivan Marinov,85,88,95,95,79,99,Fail,Quality Standards Not Met,Good greeting protocol observed,Negative,0.25,MEM-00562,4-5 years,Business,No,No,Yes,6,Yes,No,Yes,REC-0562,HASH-0562
INT-0563,03-08-2021,Tuesday,31,August,2021,19,Iceland,EMEA,Iceland Hub,EMEA_CHAT_SUPPORT_T1,Voice,Enterprise,Support,Tier 1,Retail,AG-0563,Jessica Martin,455,438,367,71,9,263,96521,110.73,18,7,9,65,6,72,73,Order Issue,Software Bug,Escalated,Yes,No,No,No,,,,,,,,,,,,,Positive,0.99,MEM-00563,3-5 years,Business,No,No,No,5,Yes,No,No,REC-0563,HASH-0563
INT-0564,03-01-2021,Sunday,53,January,2021,4,Italy,EMEA,Italy Hub,CUSTOMER_SUPPORT_CHAT_T1,Voice,Premium,Inbound,Tier 2,E-commerce,AG-0564,Lee Hassan,276,269,241,28,36,311,74951,82.96,15,12,11,82,10,77,67,Account Opening,Service Quality,Bot-Resolved,No,No,Yes,No,,,,,,,,,,,,,Positive,0.96,MEM-00564,4-5 years,Checking,No,Yes,Yes,7,Yes,No,No,REC-0564,HASH-0564
INT-0565,14-01-2022,Friday,2,January,2022,7,Poland,EMEA,Poland Hub,AMER_CORE_EMAIL_TIER2,Chat,Premium,Inbound,Tier 2,Telecom,AG-0565,Thomas Jackson,325,296,289,7,41,545,157505,83.81,24,3,2,64,2,81,88,Loan Inquiry,Connectivity,Agent-Resolved,No,Yes,No,No,,,,,,,,,,,,,Positive,0.88,MEM-00565,6+ months,Healthcare,Yes,No,Yes,9,Yes,No,No,REC-0565,HASH-0565
INT-0566,11-07-2021,Sunday,27,July,2021,22,Spain,EMEA,Spain Hub,INBOUND_VOICE_TIER1,Chat,Consumer,Outbound,Tier 2,Healthcare,AG-0566,Williams Miller,416,394,376,18,15,443,166568,0.71,30,13,11,91,9,83,92,Loan Inquiry,Churn Risk,Bot-Resolved,No,No,Yes,No,,,,,,,,,,,,,Positive,0.86,MEM-00566,6+ years,Business,Yes,Yes,Yes,,No,No,No,REC-0566,HASH-0566
INT-0567,10-07-2021,Saturday,27,July,2021,7,Germany,EMEA,Germany Hub,APAC_CORE_EMAIL_TIER2,Voice,Premium,Retention,Tier 3,Retail,AG-0567,Emma Martin,100,150,144,6,34,333,47952,88.04,36,20,18,71,15,94,75,Investment Inquiry,Preference Update,Agent-Resolved,No,Yes,No,No,,,,,,,,,,,,,Positive,0.86,MEM-00567,6+ months,Healthcare,Yes,No,No,8,Yes,Yes,Yes,REC-0567,HASH-0567
INT-0568,20-09-2021,Monday,38,September,2021,1,Portugal,EMEA,Portugal Hub,AMER_EMAIL_SUPPORT_T3,Voice,Enterprise,Customer Support,Tier 3,Telecom,AG-0568,Jessica Hyun-soo,293,294,253,41,32,166,41998,108.38,35,17,15,84,13,91,66,Investment Inquiry,Churn Risk,Escalated,Yes,No,No,No,,,,,,,,,,,,,Positive,0.75,MEM-00568,6+ months,Business,No,No,Yes,5,Yes,Yes,Yes,REC-0568,HASH-0568
INT-0569,29-11-2021,Monday,48,November,2021,16,South Africa,EMEA,South Africa Hub,AMER_CORE_EMAIL_TIER2,Email,Consumer,Customer Support,Tier 2,Healthcare,AG-0569,Anna White,103,141,125,16,11,220,27500,81.27,25,20,21,70,20,91,70,Account Opening,Billing Query,Agent-Resolved,No,Yes,No,Yes,29-11-2021,QA-001,Ivan Marinov,89,75,89,79,77,87,Pass,,Excellent customer service delivery,Positive,0.98,MEM-00569,1-2 years,Healthcare,No,No,Yes,6,Yes,No,No,REC-0569,HASH-0569
INT-0570,25-03-2022,Friday,12,March,2022,14,Bangladesh,APAC,Bangladesh Hub,TECH_SUPPORT_EMAIL_T3,Voice,Premium,Customer Support,Tier 2,Banking,AG-0570,Williams Nyambura,156,109,90,19,20,359,32310,98.6,25,4,2,60,1,73,65,Account Opening,Billing Query,Agent-Resolved,No,Yes,No,Yes,25-03-2022,QA-027,Emma Thompson,99,85,88,83,94,79,Fail,Quality Standards Not Met,Addressed customer concerns appropriately,Positive,0.8,MEM-00570,6+ months,Mortgage,No,Yes,Yes,,No,No,No,REC-0570,HASH-0570
INT-0571,20-05-2022,Friday,20,May,2022,13,Sweden,EMEA,Sweden Hub,RETENTION_VOICE_T2,Chat,Premium,Tech Support,Tier 2,Banking,AG-0571,Lee Rodriguez,196,167,134,33,44,783,104922,1.81,16,19,18,75,17,88,64,Loan Inquiry,Billing Query,Agent-Resolved,No,Yes,No,No,,,,,,,,,,,,,Neutral,0.51,MEM-00571,5+ years,Healthcare,No,Yes,Yes,6,Yes,Yes,Yes,REC-0571,HASH-0571
INT-0572,16-08-2021,Monday,33,August,2021,2,Paraguay,AMER,Paraguay Hub,RETENTION_VOICE_T2,Chat,Consumer,Retention,Tier 2,Telecom,AG-0572,James Dupont,402,446,413,33,25,556,229628,34.85,37,5,7,60,4,70,77,Account Inquiry,Churn Risk,Escalated,Yes,No,No,No,,,,,,,,,,,,,Negative,0.26,MEM-00572,6+ months,Retail,Yes,Yes,Yes,8,Yes,No,No,REC-0572,HASH-0572
INT-0573,01-04-2022,Friday,13,April,2022,5,North Korea,APAC,North Korea Hub,EMEA_CHAT_SUPPORT_T1,Voice,Consumer,Inbound,Tier 1,E-commerce,AG-0573,Rashid Wilson,366,334,324,10,44,349,113076,112.22,39,17,15,64,15,76,70,Account Issue,Service Quality,Bot-Resolved,No,Yes,Yes,No,,,,,,,,,,,,,Negative,0.25,MEM-00573,4-5 years,Insurance,No,Yes,Yes,8,Yes,No,No,REC-0573,HASH-0573
INT-0574,25-12-2021,Saturday,51,December,2021,19,Luxembourg,EMEA,Luxembourg Hub,EMEA_CHAT_SUPPORT_T1,Chat,Premium,Outbound,Tier 1,Healthcare,AG-0574,Williams Laurent,470,516,429,87,39,370,158730,109.16,15,18,18,60,18,85,84,Account Inquiry,System Access,Bot-Resolved,No,No,Yes,Yes,25-12-2021,QA-002,Samuel Kipchoge,83,99,86,78,85,75,Pass,,Good greeting protocol observed,Neutral,0.43,MEM-00574,6+ months,Retail,No,Yes,Yes,5,Yes,No,No,REC-0574,HASH-0574
INT-0575,28-02-2021,Sunday,8,February,2021,23,Pakistan,APAC,Pakistan Hub,APAC_CORE_EMAIL_TIER2,Email,Consumer,Support,Tier 1,Retail,AG-0575,Williams Thi Linh,311,267,217,50,31,651,141267,68.87,22,13,14,79,12,73,91,Account Issue,Billing Query,Agent-Resolved,No,Yes,No,Yes,28-02-2021,QA-012,Priya Saksit,92,84,89,98,75,96,Fail,Quality Standards Not Met,Clear technical explanation provided,Positive,0.93,MEM-00575,5+ years,Enterprise,No,Yes,Yes,6,Yes,No,No,REC-0575,HASH-0575
INT-0576,15-04-2022,Friday,15,April,2022,19,United States,AMER,United States Hub,CUSTOMER_SUPPORT_CHAT_T1,Email,Enterprise,Customer Support,Tier 1,Healthcare,AG-0576,Lee Brown,271,228,209,19,49,512,107008,33.09,33,1,2,72,2,74,64,Product Query,Refund Request,Escalated,Yes,No,No,Yes,15-04-2022,QA-041,Priya Saksit,80,95,86,84,90,85,Pass,,Effective win-back strategy applied,Positive,0.78,MEM-00576,4-5 years,Enterprise,No,Yes,Yes,6,Yes,Yes,Yes,REC-0576,HASH-0576
INT-0577,06-07-2021,Tuesday,27,July,2021,6,Iceland,EMEA,Iceland Hub,TECH_SUPPORT_EMAIL_T3,Chat,Consumer,Outbound,Tier 2,Banking,AG-0577,Emma Martin,80,42,34,8,37,861,29274,5.71,19,17,16,88,16,90,71,Technical Issue,Upgrade Offer,Agent-Resolved,No,Yes,No,No,,,,,,,,,,,,,Negative,0.26,MEM-00577,2-3 years,Business,Yes,No,Yes,8,Yes,No,Yes,REC-0577,HASH-0577
INT-0578,12-03-2021,Friday,10,March,2021,21,Morocco,EMEA,Morocco Hub,AMER_RETAIL_VOICE_T2,Voice,Premium,Tech Support,Tier 2,E-commerce,AG-0578,Rashid Ahmed,368,416,404,12,39,732,295728,67.2,17,7,7,66,4,74,95,Complaint,Portfolio Review,Bot-Resolved,No,Yes,Yes,Yes,12-03-2021,QA-006,Ivan Marinov,95,75,91,81,95,95,Pass,,Handled quality concern professionally,Negative,0.31,MEM-00578,2-3 years,Checking,Yes,Yes,Yes,6,Yes,No,Yes,REC-0578,HASH-0578
INT-0579,21-03-2022,Monday,12,March,2022,9,United States,AMER,United States Hub,OUTBOUND_SALES_T2,Voice,Enterprise,Customer Support,Tier 2,Telecom,AG-0579,Bat-Erdene Jones,142,165,159,6,6,823,130857,48.2,30,3,2,60,1,71,84,Loan Inquiry,Pricing Concern,Bot-Resolved,No,Yes,Yes,No,,,,,,,,,,,,,Neutral,0.47,MEM-00579,2-3 years,Healthcare,Yes,Yes,Yes,5,Yes,No,Yes,REC-0579,HASH-0579
INT-0580,25-02-2021,Thursday,8,February,2021,2,Luxembourg,EMEA,Luxembourg Hub,CUSTOMER_SUPPORT_CHAT_T1,Voice,Premium,Tech Support,Tier 3,E-commerce,AG-0580,Kim Chen,494,522,494,28,38,332,164008,83.94,31,3,5,61,2,76,68,Account Opening,Churn Risk,Agent-Resolved,No,Yes,No,Yes,25-02-2021,QA-028,Michael Chen,88,78,98,75,75,83,Pass,,Accurate and prompt service delivery,Neutral,0.5,MEM-00580,6+ months,Credit Card,No,Yes,No,6,Yes,No,No,REC-0580,HASH-0580
INT-0581,24-11-2021,Wednesday,47,November,2021,6,Turkey,EMEA,Turkey Hub,APAC_EMAIL_SUPPORT_T3,Email,Enterprise,Retention,Tier 2,Retail,AG-0581,Chen Ahmed,381,367,295,72,11,831,245145,72.12,25,7,9,74,8,83,63,Order Issue,Product Defect,Agent-Resolved,No,Yes,No,No,,,,,,,,,,,,,Neutral,0.59,MEM-00581,6+ years,Enterprise,Yes,Yes,Yes,5,Yes,No,No,REC-0581,HASH-0581
INT-0582,14-09-2021,Tuesday,37,September,2021,4,Slovakia,EMEA,Slovakia Hub,TECH_SUPPORT_EMAIL_T3,Email,Consumer,Customer Support,Tier 3,Telecom,AG-0582,Carlos Wilson,111,69,65,4,15,439,28535,62.46,22,20,22,84,21,72,89,Retention Call,Package Upgrade,Escalated,Yes,No,No,No,,,,,,,,,,,,,Positive,0.81,MEM-00582,2-3 years,Healthcare,Yes,Yes,No,6,Yes,No,No,REC-0582,HASH-0582
INT-0583,16-09-2021,Thursday,37,September,2021,15,Malaysia,APAC,Malaysia Hub,TECH_SUPPORT_EMAIL_T3,Email,Premium,Support,Tier 1,Healthcare,AG-0583,Mary Garcia,286,262,233,29,1,350,81550,30.85,18,14,13,94,11,79,78,Product Query,Preference Update,Escalated,Yes,No,No,No,,,,,,,,,,,,,Neutral,0.51,MEM-00583,6+ years,Enterprise,Yes,Yes,No,8,Yes,No,No,REC-0583,HASH-0583
INT-0584,18-02-2021,Thursday,7,February,2021,9,Bulgaria,EMEA,Bulgaria Hub,OUTBOUND_SALES_T2,Voice,Consumer,Inbound,Tier 3,Banking,AG-0584,Hassan Taylor,327,360,318,42,26,788,250584,79.16,25,3,2,94,1,89,78,Account Opening,Insurance Product,Escalated,Yes,No,No,Yes,18-02-2021,QA-018,QA-Team,98,98,77,79,97,94,Pass,,Agent provided comprehensive information,Positive,0.84,MEM-00584,6+ years,Checking,No,Yes,Yes,6,Yes,No,No,REC-0584,HASH-0584
INT-0585,29-12-2021,Wednesday,52,December,2021,6,Spain,EMEA,Spain Hub,AMER_RETAIL_VOICE_T2,Email,Consumer,Retention,Tier 3,Healthcare,AG-0585,Robert Santoso,465,430,405,25,2,482,195210,28.54,28,15,16,92,15,76,73,Account Opening,Password Reset,Bot-Resolved,No,Yes,Yes,Yes,29-12-2021,QA-002,Samuel Kipchoge,99,85,80,97,81,80,Fail,Quality Standards Not Met,Handled quality concern professionally,Positive,0.96,MEM-00585,6+ years,Mortgage,No,No,Yes,8,Yes,No,Yes,REC-0585,HASH-0585
INT-0586,27-07-2021,Tuesday,30,July,2021,3,Portugal,EMEA,Portugal Hub,EMEA_CORE_EMAIL_T2,Email,Consumer,Customer Support,Tier 1,Telecom,AG-0586,Tran Santoso,301,290,285,5,40,701,199785,112.3,39,15,14,80,12,94,60,Account Opening,Enrollment Question,Agent-Resolved,Yes,Yes,No,No,,,,,,,,,,,,,Neutral,0.56,MEM-00586,6+ months,Checking,No,Yes,Yes,6,Yes,No,No,REC-0586,HASH-0586
INT-0587,22-03-2021,Monday,12,March,2021,8,Mexico,AMER,Mexico Hub,AMER_CORE_EMAIL_TIER2,Chat,Consumer,Tech Support,Tier 3,Banking,AG-0587,Kenji Johnson,328,296,288,8,3,794,228672,10.04,40,10,11,62,11,70,90,Complaint,Product Defect,Bot-Resolved,No,Yes,Yes,Yes,22-03-2021,QA-040,Park Sun-hee,90,82,82,78,96,83,Pass,,Strong retention approach demonstrated,Positive,0.96,MEM-00587,4-5 years,Checking,No,Yes,Yes,8,Yes,No,Yes,REC-0587,HASH-0587
INT-0588,10-05-2022,Tuesday,19,May,2022,0,Spain,EMEA,Spain Hub,APAC_CORE_EMAIL_TIER2,Voice,Enterprise,Outbound,Tier 1,Banking,AG-0588,Rachel Thomas,369,332,326,6,25,733,238958,108.8,21,8,8,74,7,83,72,Sales Call,Billing Discrepancy,Agent-Resolved,No,Yes,No,No,,,,,,,,,,,,,Neutral,0.44,MEM-00588,6+ years,Insurance,No,Yes,Yes,6,Yes,No,No,REC-0588,HASH-0588
INT-0589,09-11-2022,Wednesday,45,November,2022,18,Portugal,EMEA,Portugal Hub,EMEA_CHAT_SUPPORT_T1,Voice,Premium,Tech Support,Tier 2,Banking,AG-0589,David Wilson,71,39,38,1,4,621,23598,91.64,38,5,4,64,2,81,83,Technical Issue,Product Defect,Bot-Resolved,No,No,Yes,Yes,09-11-2022,QA-034,QA-Team,81,78,98,93,81,96,Pass,,Handled quality concern professionally,Neutral,0.55,MEM-00589,3-5 years,Insurance,No,Yes,Yes,,No,Yes,Yes,REC-0589,HASH-0589
INT-0590,11-02-2021,Thursday,6,February,2021,11,Turkey,EMEA,Turkey Hub,APAC_EMAIL_SUPPORT_T3,Email,Enterprise,Customer Support,Tier 1,Telecom,AG-0590,Emma White,191,192,159,33,20,853,135627,1.27,23,20,18,85,16,75,81,Account Inquiry,Inventory Problem,Bot-Resolved,No,No,Yes,No,,,,,,,,,,,,,Positive,0.96,MEM-00590,1-2 years,Checking,No,Yes,Yes,10,Yes,No,No,REC-0590,HASH-0590
INT-0591,01-01-2023,Sunday,52,January,2023,16,South Africa,EMEA,South Africa Hub,OUTBOUND_SALES_T2,Chat,Consumer,Support,Tier 1,Banking,AG-0591,James Rodriguez,69,22,19,3,12,525,9975,114.62,21,15,16,87,14,91,88,Billing Issue,Refund Request,Agent-Resolved,No,Yes,No,Yes,01-01-2023,QA-037,Ivan Marinov,78,96,91,86,90,77,Pass,,Accurate and prompt service delivery,Positive,0.93,MEM-00591,2-3 years,Investment,No,Yes,No,,No,No,No,REC-0591,HASH-0591
INT-0592,24-03-2022,Thursday,12,March,2022,5,New Zealand,APAC,New Zealand Hub,AMER_EMAIL_SUPPORT_T3,Chat,Premium,Customer Support,Tier 2,E-commerce,AG-0592,Ahmad Garcia,467,475,407,68,39,440,179080,18.39,34,18,18,62,16,83,92,Billing Issue,Connectivity,Bot-Resolved,No,Yes,Yes,No,,,,,,,,,,,,,Positive,0.89,MEM-00592,4-5 years,Investment,Yes,No,Yes,8,Yes,No,No,REC-0592,HASH-0592
INT-0593,07-07-2022,Thursday,27,July,2022,21,Greece,EMEA,Greece Hub,EMEA_CHAT_SUPPORT_T1,Email,Consumer,Support,Tier 2,E-commerce,AG-0593,Williams Chen,127,118,103,15,9,833,85799,80.69,23,13,15,72,12,86,71,Product Query,Billing Discrepancy,Bot-Resolved,No,No,Yes,No,,,,,,,,,,,,,Neutral,0.44,MEM-00593,1-2 years,Checking,Yes,No,Yes,,No,No,No,REC-0593,HASH-0593
INT-0594,05-12-2021,Sunday,48,December,2021,2,United States,AMER,United States Hub,TECH_SUPPORT_EMAIL_T3,Chat,Premium,Customer Support,Tier 2,Healthcare,AG-0594,Kim Ahmed,88,75,72,3,5,139,10008,67.92,22,10,8,68,8,83,75,Retention Call,Preference Update,Bot-Resolved,No,Yes,Yes,No,,,,,,,,,,,,,Neutral,0.45,MEM-00594,6+ months,Insurance,No,Yes,Yes,6,Yes,No,No,REC-0594,HASH-0594
INT-0595,01-02-2022,Tuesday,5,February,2022,4,Canada,AMER,Canada Hub,INBOUND_VOICE_TIER1,Email,Premium,Retention,Tier 3,Retail,AG-0595,Sophie Wei,215,180,171,9,11,415,70965,80.0,38,1,1,89,1,83,83,Loan Inquiry,Tracking Update,Escalated,Yes,No,No,Yes,01-02-2022,QA-048,QA-Team,94,78,92,89,92,86,Pass,,Accurate and prompt service delivery,Neutral,0.43,MEM-00595,1-2 years,Insurance,No,Yes,No,7,Yes,No,No,REC-0595,HASH-0595
INT-0596,08-02-2021,Monday,6,February,2021,16,Japan,APAC,Japan Hub,AMER_EMAIL_SUPPORT_T3,Voice,Consumer,Support,Tier 2,Retail,AG-0596,Chen Brown,489,506,427,79,29,885,377895,99.33,26,7,6,84,5,84,83,Investment Inquiry,Charge Dispute,Agent-Resolved,No,Yes,No,No,,,,,,,,,,,,,Positive,0.84,MEM-00596,6+ years,Mortgage,No,Yes,Yes,7,Yes,No,No,REC-0596,HASH-0596
INT-0597,21-02-2022,Monday,8,February,2022,23,New Zealand,APAC,New Zealand Hub,OUTBOUND_SALES_T2,Voice,Enterprise,Support,Tier 2,Healthcare,AG-0597,Siti Garcia,244,207,180,27,15,186,33480,35.31,39,16,16,76,15,84,76,Account Opening,Churn Risk,Agent-Resolved,No,Yes,No,Yes,21-02-2022,QA-016,Park Sun-hee,87,75,93,89,98,84,Fail,Quality Standards Not Met,Strong empathy demonstrated,Neutral,0.54,MEM-00597,2-3 years,Enterprise,No,Yes,Yes,10,Yes,No,Yes,REC-0597,HASH-0597
INT-0598,30-12-2021,Thursday,52,December,2021,6,Paraguay,AMER,Paraguay Hub,APAC_CORE_EMAIL_TIER2,Email,Enterprise,Customer Support,Tier 3,Banking,AG-0598,Thomas Wei,83,40,36,4,27,859,30924,75.92,40,16,16,69,15,95,90,Account Opening,Connectivity Problem,Escalated,Yes,No,No,No,,,,,,,,,,,,,Neutral,0.41,MEM-00598,5+ years,Mortgage,No,Yes,No,9,Yes,No,No,REC-0598,HASH-0598
INT-0599,22-05-2021,Saturday,20,May,2021,3,Kenya,EMEA,Kenya Hub,APAC_EMAIL_SUPPORT_T3,Chat,Consumer,Outbound,Tier 2,Retail,AG-0599,Emma Dupont,78,62,52,10,36,316,16432,5.29,22,1,1,93,1,78,62,Account Issue,Pricing Concern,Agent-Resolved,No,Yes,No,Yes,22-05-2021,QA-042,QA-Team,79,78,84,76,99,95,Pass,,Clear explanation of enrollment process,Negative,0.3,MEM-00599,3-5 years,Investment,No,Yes,Yes,,No,No,No,REC-0599,HASH-0599
INT-0600,03-04-2021,Saturday,13,April,2021,19,Germany,EMEA,Germany Hub,OUTBOUND_SALES_T2,Chat,Consumer,Retention,Tier 2,Telecom,AG-0600,Chen Brown,470,444,429,15,17,345,148005,26.44,28,10,10,67,7,85,83,Order Issue,System Access,Escalated,Yes,No,No,Yes,03-04-2021,QA-049,Ivan Marinov,97,97,92,86,85,98,Pass,,Proper documentation procedures followed,Positive,0.88,MEM-00600,1-2 years,Investment,No,No,Yes,5,Yes,No,No,REC-0600,HASH-0600
INT-0601,20-09-2022,Tuesday,38,September,2022,18,Hong Kong,APAC,Hong Kong Hub,APAC_CORE_EMAIL_TIER2,Voice,Premium,Outbound,Tier 2,Retail,AG-0601,Kim Johnson,492,523,455,68,41,887,403585,40.42,36,17,15,89,15,91,64,Account Opening,Language Support,Escalated,Yes,No,No,No,,,,,,,,,,,,,Negative,0.29,MEM-00601,5+ years,Enterprise,No,Yes,Yes,6,Yes,No,No,REC-0601,HASH-0601
INT-0602,19-01-2022,Wednesday,3,January,2022,15,New Zealand,APAC,New Zealand Hub,CUSTOMER_SUPPORT_CHAT_T1,Email,Premium,Tech Support,Tier 3,Retail,AG-0602,John Hyun-soo,217,253,209,44,28,702,146718,65.94,33,16,18,61,17,79,70,New Product,Plan Selection,Agent-Resolved,Yes,Yes,No,No,,,,,,,,,,,,,Positive,0.82,MEM-00602,5+ years,Checking,No,Yes,Yes,6,Yes,No,No,REC-0602,HASH-0602
INT-0603,13-07-2022,Wednesday,28,July,2022,13,Pakistan,APAC,Pakistan Hub,CUSTOMER_SUPPORT_CHAT_T1,Email,Premium,Support,Tier 1,Banking,AG-0603,Hassan Petrova,251,269,223,46,43,738,164574,76.51,17,12,13,82,11,82,81,Account Issue,Login Problem,Agent-Resolved,Yes,Yes,No,No,,,,,,,,,,,,,Negative,0.37,MEM-00603,3-5 years,Healthcare,Yes,Yes,Yes,,No,No,No,REC-0603,HASH-0603
INT-0604,10-04-2022,Sunday,14,April,2022,2,Turkey,EMEA,Turkey Hub,TECH_SUPPORT_EMAIL_T3,Voice,Consumer,Retention,Tier 2,Healthcare,AG-0604,James Santoso,55,44,40,4,31,506,20240,88.52,32,15,15,71,15,83,91,Account Opening,Delivery Confirmation,Bot-Resolved,No,Yes,Yes,No,,,,,,,,,,,,,Positive,0.78,MEM-00604,4-5 years,Insurance,No,Yes,Yes,10,Yes,No,Yes,REC-0604,HASH-0604
INT-0605,06-01-2022,Thursday,1,January,2022,18,Czech Republic,EMEA,Czech Republic Hub,EMEA_CHAT_SUPPORT_T1,Voice,Enterprise,Retention,Tier 1,Healthcare,AG-0605,Robert Johnson,246,274,238,36,6,126,29988,63.03,15,3,4,63,3,93,84,Sales Call,Software Update,Escalated,Yes,No,No,No,,,,,,,,,,,,,Negative,0.12,MEM-00605,6+ years,Business,No,Yes,Yes,,No,No,Yes,REC-0605,HASH-0605
INT-0606,06-09-2022,Tuesday,36,September,2022,7,Ukraine,EMEA,Ukraine Hub,RETENTION_VOICE_T2,Voice,Enterprise,Support,Tier 3,Telecom,AG-0606,Jennifer Nyambura,122,131,106,25,33,717,76002,23.59,21,16,15,91,15,94,70,Billing Issue,App Crash,Agent-Resolved,No,Yes,No,Yes,06-09-2022,QA-024,QA-Team,81,79,76,89,98,88,Fail,Quality Standards Not Met,Good greeting protocol observed,Positive,0.76,MEM-00606,6+ months,Investment,No,Yes,Yes,,No,No,Yes,REC-0606,HASH-0606
INT-0607,05-03-2021,Friday,9,March,2021,22,Paraguay,AMER,Paraguay Hub,EMEA_CHAT_SUPPORT_T1,Email,Premium,Outbound,Tier 1,Telecom,AG-0607,Emma Jones,238,268,237,31,38,861,204057,62.94,25,2,4,60,1,85,92,Account Issue,Software Update,Bot-Resolved,No,Yes,Yes,Yes,05-03-2021,QA-036,Priya Saksit,85,83,95,88,81,88,Pass,,Excellent customer service delivery,Positive,0.77,MEM-00607,6+ years,Insurance,Yes,Yes,Yes,9,Yes,No,Yes,REC-0607,HASH-0607
INT-0608,25-08-2021,Wednesday,34,August,2021,23,New Zealand,APAC,New Zealand Hub,APAC_CORE_EMAIL_TIER2,Email,Enterprise,Support,Tier 3,Telecom,AG-0608,Thomas Thi Linh,446,469,458,11,45,562,257396,30.59,15,19,19,60,19,94,63,Technical Issue,Statement Request,Agent-Resolved,No,Yes,No,Yes,25-08-2021,QA-006,Park Sun-hee,91,81,99,94,98,91,Fail,Quality Standards Not Met,Agent provided comprehensive information,Neutral,0.56,MEM-00608,2-3 years,Savings,No,Yes,No,8,Yes,Yes,Yes,REC-0608,HASH-0608
INT-0609,05-07-2022,Tuesday,27,July,2022,14,Thailand,APAC,Thailand Hub,AMER_EMAIL_SUPPORT_T3,Voice,Premium,Tech Support,Tier 2,Healthcare,AG-0609,Choe Thompson,294,298,282,16,40,162,45684,18.37,18,17,15,67,12,78,60,Order Issue,Billing Query,Agent-Resolved,No,Yes,No,No,,,,,,,,,,,,,Positive,0.76,MEM-00609,2-3 years,Credit Card,No,No,Yes,9,Yes,No,No,REC-0609,HASH-0609
INT-0610,12-11-2022,Saturday,45,November,2022,15,Slovakia,EMEA,Slovakia Hub,EMEA_CHAT_SUPPORT_T1,Chat,Consumer,Customer Support,Tier 1,Healthcare,AG-0610,Chen Miller,201,226,183,43,17,552,101016,105.38,31,2,1,62,1,90,80,Complaint,Service Improvement,Bot-Resolved,No,Yes,Yes,No,,,,,,,,,,,,,Neutral,0.59,MEM-00610,2-3 years,Investment,No,Yes,Yes,,No,No,Yes,REC-0610,HASH-0610
INT-0611,09-01-2022,Sunday,1,January,2022,6,Poland,EMEA,Poland Hub,AMER_CORE_EMAIL_TIER2,Email,Premium,Retention,Tier 2,Telecom,AG-0611,James Nurhaliza,378,407,397,10,0,325,129025,26.4,28,15,16,88,15,78,86,Technical Issue,Service Quality,Escalated,Yes,No,No,No,,,,,,,,,,,,,Positive,0.96,MEM-00611,4-5 years,Credit Card,Yes,Yes,Yes,9,Yes,No,Yes,REC-0611,HASH-0611
INT-0612,06-07-2022,Wednesday,27,July,2022,9,Greece,EMEA,Greece Hub,EMEA_CORE_EMAIL_T2,Email,Consumer,Tech Support,Tier 2,E-commerce,AG-0612,Tran Chen,237,246,204,42,27,867,176868,97.77,39,3,3,90,3,75,74,Retention Call,Stock Availability,Escalated,Yes,No,No,Yes,06-07-2022,QA-011,Thabo Mthembu,82,97,89,87,80,98,Pass,,Good greeting protocol observed,Positive,0.92,MEM-00612,4-5 years,Business,No,Yes,No,9,Yes,No,No,REC-0612,HASH-0612
INT-0613,20-07-2022,Wednesday,29,July,2022,23,Argentina,AMER,Argentina Hub,TECH_SUPPORT_EMAIL_T3,Email,Premium,Support,Tier 3,Banking,AG-0613,Daniel Jackson,133,181,169,12,31,596,100724,15.43,17,6,4,70,3,81,72,Account Inquiry,Refund Request,Bot-Resolved,No,Yes,Yes,Yes,20-07-2022,QA-007,Samuel Kipchoge,90,92,84,86,85,93,Pass,,Handled quality concern professionally,Positive,0.8,MEM-00613,5+ years,Checking,No,Yes,Yes,,No,No,No,REC-0613,HASH-0613
INT-0614,07-06-2022,Tuesday,23,June,2022,5,Bulgaria,EMEA,Bulgaria Hub,AMER_CORE_EMAIL_TIER2,Chat,Enterprise,Outbound,Tier 2,Healthcare,AG-0614,Rashid Johnson,387,365,338,27,7,699,236262,101.13,30,1,3,81,1,94,73,Account Inquiry,Insurance Product,Bot-Resolved,No,No,Yes,No,,,,,,,,,,,,,Negative,0.18,MEM-00614,5+ years,Savings,No,Yes,Yes,9,Yes,No,No,REC-0614,HASH-0614
INT-0615,23-09-2021,Thursday,38,September,2021,14,Bulgaria,EMEA,Bulgaria Hub,APAC_CORE_EMAIL_TIER2,Voice,Consumer,Support,Tier 2,Telecom,AG-0615,Daniel Laurent,224,260,225,35,41,206,46350,26.04,25,19,18,68,16,79,61,Billing Issue,Service Subscription,Agent-Resolved,No,Yes,No,No,,,,,,,,,,,,,Neutral,0.5,MEM-00615,4-5 years,Healthcare,No,No,Yes,5,Yes,No,No,REC-0615,HASH-0615
INT-0616,22-08-2022,Monday,34,August,2022,23,Bangladesh,APAC,Bangladesh Hub,OUTBOUND_SALES_T2,Voice,Premium,Inbound,Tier 2,E-commerce,AG-0616,Mary Petrova,465,451,398,53,39,352,140096,88.75,30,17,15,61,12,81,82,Technical Issue,Browser Compatibility,Escalated,Yes,No,No,Yes,22-08-2022,QA-043,Emma Thompson,76,75,83,82,98,83,Fail,Quality Standards Not Met,Effective win-back strategy applied,Positive,0.77,MEM-00616,5+ years,Credit Card,No,Yes,Yes,,No,Yes,Yes,REC-0616,HASH-0616
INT-0617,13-09-2021,Monday,37,September,2021,0,Brazil,AMER,Brazil Hub,APAC_CORE_EMAIL_TIER2,Voice,Enterprise,Inbound,Tier 1,E-commerce,AG-0617,Emma Petrova,465,511,426,85,7,184,78384,37.46,36,14,16,62,14,90,86,Product Query,Information Request,Bot-Resolved,No,No,Yes,No,,,,,,,,,,,,,Negative,0.18,MEM-00617,6+ years,Investment,No,Yes,No,,No,No,No,REC-0617,HASH-0617
INT-0618,08-04-2021,Thursday,14,April,2021,12,Sweden,EMEA,Sweden Hub,APAC_RETAIL_VOICE_T2,Email,Premium,Inbound,Tier 2,Banking,AG-0618,Kenji Santoso,72,93,83,10,15,533,44239,49.96,17,18,16,73,15,80,72,Technical Issue,Shipping Inquiry,Escalated,Yes,No,No,Yes,08-04-2021,QA-002,Park Sun-hee,79,75,90,96,89,96,Fail,Quality Standards Not Met,Clear technical explanation provided,Negative,0.27,MEM-00618,2-3 years,Business,No,Yes,No,,No,Yes,Yes,REC-0618,HASH-0618
INT-0619,21-02-2021,Sunday,7,February,2021,22,Poland,EMEA,Poland Hub,APAC_EMAIL_SUPPORT_T3,Email,Consumer,Tech Support,Tier 1,Telecom,AG-0619,Sarah Hassan,273,322,289,33,1,170,49130,67.75,25,9,10,87,7,74,82,Account Issue,Preference Update,Agent-Resolved,No,Yes,No,No,,,,,,,,,,,,,Negative,0.19,MEM-00619,3-5 years,Checking,No,No,No,6,Yes,No,No,REC-0619,HASH-0619
INT-0620,22-08-2021,Sunday,33,August,2021,5,Finland,EMEA,Finland Hub,APAC_EMAIL_SUPPORT_T3,Voice,Consumer,Retention,Tier 3,Banking,AG-0620,Lisa Ahmed,469,493,468,25,6,248,116064,60.31,22,9,7,66,7,94,92,Account Issue,Connectivity,Bot-Resolved,No,No,Yes,Yes,22-08-2021,QA-014,QA-Team,97,96,97,83,77,86,Pass,,Effective win-back strategy applied,Neutral,0.42,MEM-00620,1-2 years,Enterprise,No,Yes,Yes,7,Yes,No,No,REC-0620,HASH-0620
INT-0621,12-09-2021,Sunday,36,September,2021,13,Turkey,EMEA,Turkey Hub,TECH_SUPPORT_EMAIL_T3,Voice,Enterprise,Outbound,Tier 3,Telecom,AG-0621,Mary Martin,441,416,334,82,49,855,285570,32.52,18,3,2,86,1,78,87,Billing Issue,Software Update,Bot-Resolved,No,Yes,Yes,No,,,,,,,,,,,,,Positive,0.88,MEM-00621,6+ months,Enterprise,No,Yes,Yes,10,Yes,No,No,REC-0621,HASH-0621
INT-0622,25-12-2021,Saturday,51,December,2021,12,Israel,EMEA,Israel Hub,EMEA_CHAT_SUPPORT_T1,Voice,Consumer,Support,Tier 3,Banking,AG-0622,Siti Martin,429,406,353,53,14,749,264397,119.43,20,13,11,90,9,88,76,Retention Call,Contract Renewal,Agent-Resolved,No,Yes,No,No,,,,,,,,,,,,,Neutral,0.43,MEM-00622,3-5 years,Savings,No,Yes,Yes,10,Yes,No,Yes,REC-0622,HASH-0622
INT-0623,18-06-2021,Friday,24,June,2021,2,New Zealand,APAC,New Zealand Hub,OUTBOUND_SALES_T2,Email,Consumer,Support,Tier 3,Telecom,AG-0623,Tran Wilson,265,240,213,27,11,769,163797,106.36,34,4,5,76,5,77,74,Sales Call,Delivery Confirmation,Bot-Resolved,No,No,Yes,Yes,18-06-2021,QA-030,Park Sun-hee,95,97,88,85,83,85,Pass,,Professional troubleshooting approach,Positive,0.8,MEM-00623,2-3 years,Savings,No,Yes,Yes,6,Yes,No,No,REC-0623,HASH-0623
INT-0624,16-09-2022,Friday,37,September,2022,5,Thailand,APAC,Thailand Hub,EMEA_CORE_EMAIL_T2,Voice,Enterprise,Tech Support,Tier 1,Retail,AG-0624,Siti Dupont,440,391,377,14,12,845,318565,84.42,15,5,5,68,5,92,60,Complaint,Login Problem,Bot-Resolved,No,No,Yes,No,,,,,,,,,,,,,Neutral,0.46,MEM-00624,3-5 years,Savings,No,Yes,Yes,9,Yes,No,No,REC-0624,HASH-0624
INT-0625,01-10-2021,Friday,39,October,2021,12,Turkey,EMEA,Turkey Hub,EMEA_CORE_EMAIL_T2,Chat,Enterprise,Outbound,Tier 1,Healthcare,AG-0625,Carlos Dupont,413,385,372,13,9,452,168144,86.85,25,11,13,95,12,77,95,Investment Inquiry,Package Upgrade,Escalated,Yes,No,No,No,,,,,,,,,,,,,Neutral,0.41,MEM-00625,2-3 years,Credit Card,No,Yes,No,,No,No,No,REC-0625,HASH-0625
INT-0626,04-10-2021,Monday,40,October,2021,21,Japan,APAC,Japan Hub,CUSTOMER_SUPPORT_CHAT_T1,Chat,Premium,Tech Support,Tier 2,Telecom,AG-0626,Grace Thompson,281,250,219,31,9,665,145635,33.68,28,5,3,94,2,76,77,Loan Inquiry,Product Defect,Agent-Resolved,No,Yes,No,No,,,,,,,,,,,,,Negative,0.23,MEM-00626,5+ years,Healthcare,No,Yes,No,,No,No,No,REC-0626,HASH-0626
INT-0627,02-05-2021,Sunday,17,May,2021,12,Colombia,AMER,Colombia Hub,RETENTION_VOICE_T2,Voice,Enterprise,Support,Tier 1,E-commerce,AG-0627,Grace Wilson,321,356,333,23,48,501,166833,29.56,20,11,11,63,9,83,81,Service Issue,Software Update,Escalated,Yes,No,No,Yes,02-05-2021,QA-040,Park Sun-hee,84,87,85,76,92,86,Fail,Quality Standards Not Met,Agent provided comprehensive information,Positive,0.84,MEM-00627,2-3 years,Savings,No,Yes,Yes,9,Yes,No,No,REC-0627,HASH-0627
INT-0628,20-01-2022,Thursday,3,January,2022,13,Hong Kong,APAC,Hong Kong Hub,AMER_EMAIL_SUPPORT_T3,Email,Consumer,Inbound,Tier 2,Healthcare,AG-0628,Carlos Nurhaliza,254,215,209,6,2,279,58311,38.14,38,8,9,70,6,95,87,Service Issue,Connectivity Problem,Bot-Resolved,No,Yes,Yes,Yes,20-01-2022,QA-009,Samuel Kipchoge,85,76,84,75,92,80,Pass,,Accurate and prompt service delivery,Neutral,0.55,MEM-00628,2-3 years,Savings,No,Yes,Yes,10,Yes,No,Yes,REC-0628,HASH-0628
INT-0629,16-10-2022,Sunday,41,October,2022,2,Thailand,APAC,Thailand Hub,EMEA_CHAT_SUPPORT_T1,Email,Consumer,Outbound,Tier 3,Telecom,AG-0629,Hassan Santoso,406,379,337,42,50,314,105818,38.84,30,16,16,65,15,85,91,Investment Inquiry,Plan Selection,Bot-Resolved,No,No,Yes,No,,,,,,,,,,,,,Positive,0.92,MEM-00629,2-3 years,Checking,No,No,Yes,8,Yes,Yes,Yes,REC-0629,HASH-0629
INT-0630,23-03-2021,Tuesday,12,March,2021,20,Bulgaria,EMEA,Bulgaria Hub,APAC_EMAIL_SUPPORT_T3,Voice,Premium,Tech Support,Tier 3,E-commerce,AG-0630,Anna Thi Linh,405,393,354,39,47,808,286032,52.42,35,3,2,83,1,80,60,Investment Inquiry,Password Reset,Agent-Resolved,No,Yes,No,Yes,23-03-2021,QA-020,Priya Saksit,78,89,97,90,84,84,Fail,Quality Standards Not Met,Handled quality concern professionally,Neutral,0.58,MEM-00630,4-5 years,Healthcare,No,Yes,Yes,5,Yes,No,No,REC-0630,HASH-0630
INT-0631,30-07-2022,Saturday,30,July,2022,8,Slovakia,EMEA,Slovakia Hub,APAC_CORE_EMAIL_TIER2,Chat,Enterprise,Outbound,Tier 1,E-commerce,AG-0631,Maria Thi Linh,304,305,246,59,32,237,58302,15.07,23,10,11,83,10,73,88,Account Opening,Delivery Delay,Bot-Resolved,No,Yes,Yes,Yes,30-07-2022,QA-022,Samuel Kipchoge,95,88,94,86,78,83,Fail,Quality Standards Not Met,Clear technical explanation provided,Positive,0.89,MEM-00631,6+ months,Checking,No,Yes,Yes,,No,No,No,REC-0631,HASH-0631
INT-0632,03-04-2021,Saturday,13,April,2021,17,Paraguay,AMER,Paraguay Hub,APAC_CORE_EMAIL_TIER2,Email,Enterprise,Inbound,Tier 2,E-commerce,AG-0632,Siti Anderson,265,240,213,27,19,455,96915,56.46,24,10,11,89,8,88,84,Account Inquiry,Password Reset,Bot-Resolved,No,Yes,Yes,No,,,,,,,,,,,,,Positive,0.84,MEM-00632,2-3 years,Retail,No,Yes,Yes,6,Yes,Yes,Yes,REC-0632,HASH-0632
INT-0633,29-08-2022,Monday,35,August,2022,12,Ukraine,EMEA,Ukraine Hub,EMEA_CHAT_SUPPORT_T1,Chat,Enterprise,Retention,Tier 1,Retail,AG-0633,Rashid Dupont,344,368,305,63,20,890,271450,77.47,37,7,6,77,3,78,89,Account Opening,Fund Options,Escalated,Yes,No,No,No,,,,,,,,,,,,,Positive,0.87,MEM-00633,2-3 years,Credit Card,No,Yes,Yes,6,Yes,No,No,REC-0633,HASH-0633
INT-0634,31-12-2022,Saturday,52,December,2022,14,United States,AMER,United States Hub,AMER_EMAIL_SUPPORT_T3,Chat,Enterprise,Outbound,Tier 2,Retail,AG-0634,Sophie Ahmed,465,485,425,60,47,176,74800,62.03,32,7,6,75,5,90,89,Account Inquiry,Inventory Problem,Agent-Resolved,No,Yes,No,No,,,,,,,,,,,,,Positive,0.93,MEM-00634,6+ months,Business,No,Yes,Yes,10,Yes,Yes,Yes,REC-0634,HASH-0634
INT-0635,31-07-2022,Sunday,30,July,2022,6,Iceland,EMEA,Iceland Hub,APAC_CORE_EMAIL_TIER2,Voice,Premium,Support,Tier 3,Healthcare,AG-0635,Grace Thi Linh,65,30,27,3,21,643,17361,88.64,31,3,5,86,3,78,86,Billing Issue,Tracking Update,Escalated,Yes,No,No,No,,,,,,,,,,,,,Positive,0.98,MEM-00635,6+ months,Business,No,Yes,Yes,9,Yes,No,Yes,REC-0635,HASH-0635
INT-0636,20-07-2021,Tuesday,29,July,2021,23,Hong Kong,APAC,Hong Kong Hub,INBOUND_VOICE_TIER1,Email,Premium,Retention,Tier 1,E-commerce,AG-0636,Thomas Miller,217,250,215,35,29,690,148350,113.11,30,2,4,82,3,72,75,Complaint,Statement Inquiry,Bot-Resolved,No,Yes,Yes,Yes,20-07-2021,QA-039,Park Sun-hee,84,83,79,95,90,87,Pass,,Professional dispute resolution approach,Positive,0.78,MEM-00636,6+ months,Investment,No,Yes,Yes,6,Yes,No,No,REC-0636,HASH-0636
INT-0637,27-03-2021,Saturday,12,March,2021,13,Ukraine,EMEA,Ukraine Hub,AMER_RETAIL_VOICE_T2,Voice,Enterprise,Outbound,Tier 1,Healthcare,AG-0637,Kim Hassan,214,257,228,29,22,571,130188,36.27,29,11,10,90,9,76,93,Service Issue,System Access,Agent-Resolved,No,Yes,No,No,,,,,,,,,,,,,Positive,0.95,MEM-00637,3-5 years,Business,No,Yes,Yes,8,Yes,No,No,REC-0637,HASH-0637
INT-0638,28-01-2021,Thursday,4,January,2021,21,Mexico,AMER,Mexico Hub,EMEA_CHAT_SUPPORT_T1,Chat,Enterprise,Support,Tier 3,Retail,AG-0638,Hassan Miller,225,202,170,32,25,620,105400,19.73,26,12,13,76,13,86,81,Account Issue,Package Upgrade,Escalated,Yes,No,No,Yes,28-01-2021,QA-018,Park Sun-hee,96,95,97,94,95,88,Fail,Quality Standards Not Met,Accurate and prompt service delivery,Positive,0.94,MEM-00638,3-5 years,Insurance,Yes,No,Yes,,No,No,No,REC-0638,HASH-0638
INT-0639,08-10-2022,Saturday,40,October,2022,18,Luxembourg,EMEA,Luxembourg Hub,RETENTION_VOICE_T2,Chat,Premium,Customer Support,Tier 1,Healthcare,AG-0639,Thomas Chen,352,322,303,19,26,529,160287,66.57,39,12,10,64,9,80,95,Loan Inquiry,Upgrade Offer,Bot-Resolved,No,Yes,Yes,Yes,08-10-2022,QA-002,Ivan Marinov,93,84,98,77,94,99,Pass,,Appropriate escalation criteria applied,Negative,0.37,MEM-00639,4-5 years,Healthcare,Yes,No,Yes,7,Yes,No,Yes,REC-0639,HASH-0639
INT-0640,07-06-2022,Tuesday,23,June,2022,14,Thailand,APAC,Thailand Hub,APAC_RETAIL_VOICE_T2,Voice,Premium,Support,Tier 3,Telecom,AG-0640,Rachel Nurhaliza,115,139,133,6,43,277,36841,107.02,38,2,4,78,1,84,77,New Product,Churn Risk,Bot-Resolved,No,Yes,Yes,No,,,,,,,,,,,,,Positive,0.76,MEM-00640,1-2 years,Healthcare,Yes,Yes,Yes,6,Yes,No,No,REC-0640,HASH-0640
INT-0641,04-04-2022,Monday,14,April,2022,3,Finland,EMEA,Finland Hub,APAC_EMAIL_SUPPORT_T3,Email,Consumer,Support,Tier 3,Healthcare,AG-0641,Kim Hassan,141,129,125,4,2,674,84250,36.93,15,4,3,89,1,93,71,Retention Call,Stock Availability,Bot-Resolved,No,Yes,Yes,Yes,04-04-2022,QA-024,Ivan Marinov,92,92,99,99,89,82,Pass,,Professional troubleshooting approach,Negative,0.29,MEM-00641,4-5 years,Business,No,Yes,Yes,8,Yes,No,Yes,REC-0641,HASH-0641
INT-0642,22-10-2022,Saturday,42,October,2022,16,France,EMEA,France Hub,APAC_RETAIL_VOICE_T2,Voice,Enterprise,Tech Support,Tier 2,Banking,AG-0642,Jennifer Wilson,136,162,140,22,13,409,57260,47.33,31,19,17,95,15,84,67,Account Inquiry,Software Bug,Bot-Resolved,No,No,Yes,No,,,,,,,,,,,,,Positive,0.75,MEM-00642,2-3 years,Healthcare,No,Yes,Yes,6,Yes,No,Yes,REC-0642,HASH-0642
INT-0643,18-04-2021,Sunday,15,April,2021,12,United States,AMER,United States Hub,RETENTION_VOICE_T2,Email,Enterprise,Customer Support,Tier 2,Retail,AG-0643,Siti Ahmed,303,313,281,32,1,704,197824,47.56,35,9,9,80,6,71,74,Retention Call,Portfolio Review,Escalated,Yes,No,No,No,,,,,,,,,,,,,Positive,0.91,MEM-00643,2-3 years,Healthcare,No,Yes,Yes,10,Yes,No,No,REC-0643,HASH-0643
INT-0644,24-11-2021,Wednesday,47,November,2021,8,Argentina,AMER,Argentina Hub,AMER_RETAIL_VOICE_T2,Email,Enterprise,Retention,Tier 3,Retail,AG-0644,Daniel Brown,92,112,106,6,31,266,28196,12.09,27,14,15,95,13,73,75,Service Issue,Software Update,Agent-Resolved,No,Yes,No,No,,,,,,,,,,,,,Positive,0.87,MEM-00644,1-2 years,Healthcare,No,Yes,Yes,,No,Yes,Yes,REC-0644,HASH-0644
INT-0645,24-05-2021,Monday,21,May,2021,20,Bangladesh,APAC,Bangladesh Hub,APAC_CORE_EMAIL_TIER2,Voice,Premium,Outbound,Tier 1,Telecom,AG-0645,James Dupont,359,320,295,25,43,801,236295,18.27,21,19,20,64,18,89,91,Account Opening,Information Request,Escalated,Yes,No,No,No,,,,,,,,,,,,,Positive,0.75,MEM-00645,6+ months,Investment,No,Yes,Yes,6,Yes,No,No,REC-0645,HASH-0645
INT-0646,09-01-2022,Sunday,1,January,2022,18,Hong Kong,APAC,Hong Kong Hub,RETENTION_VOICE_T2,Email,Premium,Tech Support,Tier 1,Healthcare,AG-0646,Tran Nyambura,226,264,231,33,11,322,74382,1.15,32,14,16,67,15,72,94,Investment Inquiry,Fund Options,Bot-Resolved,No,Yes,Yes,No,,,,,,,,,,,,,Positive,0.97,MEM-00646,6+ years,Credit Card,No,Yes,Yes,6,Yes,No,No,REC-0646,HASH-0646
INT-0647,19-01-2022,Wednesday,3,January,2022,7,Canada,AMER,Canada Hub,RETENTION_VOICE_T2,Voice,Consumer,Inbound,Tier 1,Telecom,AG-0647,Jennifer Hassan,245,288,261,27,40,833,217413,9.45,34,13,13,88,13,80,84,Sales Call,Refund Request,Agent-Resolved,No,Yes,No,Yes,19-01-2022,QA-010,Thabo Mthembu,80,79,94,96,91,85,Pass,,Agent provided comprehensive information,Positive,0.86,MEM-00647,2-3 years,Checking,No,No,No,6,Yes,No,No,REC-0647,HASH-0647
INT-0648,12-09-2021,Sunday,36,September,2021,12,Mexico,AMER,Mexico Hub,AMER_CORE_EMAIL_TIER2,Email,Premium,Customer Support,Tier 3,Telecom,AG-0648,Siti Thompson,87,49,43,6,28,319,13717,71.67,29,20,20,76,18,79,65,Order Issue,Rate Inquiry,Escalated,Yes,No,No,Yes,12-09-2021,QA-020,Thabo Mthembu,77,77,81,88,84,76,Fail,Quality Standards Not Met,Clear technical explanation provided,Positive,0.91,MEM-00648,3-5 years,Enterprise,No,Yes,Yes,6,Yes,No,No,REC-0648,HASH-0648
INT-0649,27-11-2022,Sunday,47,November,2022,18,Bangladesh,APAC,Bangladesh Hub,OUTBOUND_SALES_T2,Chat,Premium,Support,Tier 2,Telecom,AG-0649,Michael Taylor,173,168,155,13,27,524,81220,117.42,36,2,1,76,1,78,86,Account Opening,Statement Inquiry,Agent-Resolved,No,Yes,No,Yes,27-11-2022,QA-048,Park Sun-hee,79,76,96,99,87,83,Fail,Quality Standards Not Met,Accurate and prompt service delivery,Positive,0.87,MEM-00649,1-2 years,Investment,No,Yes,Yes,9,Yes,No,No,REC-0649,HASH-0649
INT-0650,03-03-2022,Thursday,9,March,2022,1,Japan,APAC,Japan Hub,OUTBOUND_SALES_T2,Email,Consumer,Tech Support,Tier 2,Healthcare,AG-0650,Rachel Dupont,384,341,296,45,41,413,122248,57.78,18,1,2,86,1,83,68,Account Inquiry,Cancellation Attempt,Escalated,Yes,No,No,No,,,,,,,,,,,,,Neutral,0.59,MEM-00650,4-5 years,Healthcare,No,No,Yes,,No,Yes,Yes,REC-0650,HASH-0650
INT-0651,11-02-2022,Friday,6,February,2022,17,Greece,EMEA,Greece Hub,INBOUND_VOICE_TIER1,Voice,Premium,Outbound,Tier 2,Banking,AG-0651,Ahmad Jones,128,126,121,5,26,897,108537,50.5,18,9,9,95,7,77,89,Account Opening,Service Quality,Agent-Resolved,No,Yes,No,No,,,,,,,,,,,,,Neutral,0.59,MEM-00651,6+ months,Credit Card,No,Yes,Yes,8,Yes,No,No,REC-0651,HASH-0651
INT-0652,05-08-2021,Thursday,31,August,2021,5,Turkey,EMEA,Turkey Hub,APAC_RETAIL_VOICE_T2,Voice,Consumer,Tech Support,Tier 3,Banking,AG-0652,Mary Chen,201,169,166,3,44,332,55112,84.31,36,4,2,88,1,85,68,Retention Call,Return Request,Agent-Resolved,Yes,Yes,No,Yes,05-08-2021,QA-046,Priya Saksit,88,81,75,86,83,79,Pass,,Addressed customer concerns appropriately,Positive,0.95,MEM-00652,2-3 years,Insurance,Yes,Yes,Yes,,No,No,No,REC-0652,HASH-0652
INT-0653,08-11-2022,Tuesday,45,November,2022,10,China,APAC,China Hub,APAC_CORE_EMAIL_TIER2,Voice,Consumer,Customer Support,Tier 3,Banking,AG-0653,Rachel Thompson,328,313,268,45,47,274,73432,45.76,39,9,8,86,7,93,85,Billing Issue,Rate Inquiry,Agent-Resolved,No,Yes,No,No,,,,,,,,,,,,,Negative,0.11,MEM-00653,1-2 years,Enterprise,No,Yes,Yes,,No,No,No,REC-0653,HASH-0653
INT-0654,09-07-2022,Saturday,27,July,2022,12,United States,AMER,United States Hub,OUTBOUND_SALES_T2,Voice,Premium,Customer Support,Tier 2,Retail,AG-0654,James Hassan,310,299,294,5,43,131,38514,33.25,31,20,22,76,21,71,60,Service Issue,Service Improvement,Agent-Resolved,Yes,Yes,No,Yes,09-07-2022,QA-004,Park Sun-hee,77,95,75,79,89,99,Fail,Quality Standards Not Met,Strong empathy demonstrated,Negative,0.23,MEM-00654,3-5 years,Mortgage,Yes,Yes,Yes,5,Yes,No,No,REC-0654,HASH-0654
INT-0655,24-04-2021,Saturday,16,April,2021,6,Morocco,EMEA,Morocco Hub,OUTBOUND_SALES_T2,Chat,Consumer,Customer Support,Tier 2,Banking,AG-0655,Maria Wei,198,161,135,26,11,179,24165,78.82,38,6,5,64,4,95,68,Loan Inquiry,Upgrade Offer,Bot-Resolved,No,No,Yes,No,,,,,,,,,,,,,Positive,0.91,MEM-00655,4-5 years,Insurance,No,Yes,Yes,5,Yes,No,Yes,REC-0655,HASH-0655
INT-0656,02-06-2022,Thursday,22,June,2022,3,Malaysia,APAC,Malaysia Hub,EMEA_CHAT_SUPPORT_T1,Voice,Consumer,Inbound,Tier 2,E-commerce,AG-0656,Naledi Wei,464,435,350,85,38,732,256200,74.64,20,15,13,80,10,91,77,Complaint,Charge Dispute,Agent-Resolved,No,Yes,No,No,,,,,,,,,,,,,Positive,0.79,MEM-00656,6+ years,Healthcare,No,Yes,Yes,9,Yes,No,No,REC-0656,HASH-0656
INT-0657,16-03-2022,Wednesday,11,March,2022,17,France,EMEA,France Hub,RETENTION_VOICE_T2,Voice,Premium,Tech Support,Tier 2,Retail,AG-0657,Lisa Brown,403,391,326,65,48,531,173106,40.58,15,5,7,67,7,86,71,New Product,Churn Risk,Escalated,Yes,No,No,Yes,16-03-2022,QA-007,Ivan Marinov,76,93,91,86,93,78,Fail,Quality Standards Not Met,Clear explanation of enrollment process,Positive,0.98,MEM-00657,5+ years,Mortgage,Yes,Yes,Yes,7,Yes,No,Yes,REC-0657,HASH-0657
INT-0658,06-10-2021,Wednesday,40,October,2021,14,Poland,EMEA,Poland Hub,INBOUND_VOICE_TIER1,Voice,Enterprise,Outbound,Tier 3,Telecom,AG-0658,Ahmad Thanapong,236,241,237,4,1,318,75366,38.55,33,5,4,89,3,78,73,Loan Inquiry,Win-Back Offer,Bot-Resolved,No,Yes,Yes,Yes,06-10-2021,QA-040,Priya Saksit,80,85,89,82,82,90,Fail,Quality Standards Not Met,Effective win-back strategy applied,Neutral,0.53,MEM-00658,6+ years,Investment,No,Yes,Yes,5,Yes,No,No,REC-0658,HASH-0658
INT-0659,16-10-2022,Sunday,41,October,2022,3,Malaysia,APAC,Malaysia Hub,APAC_EMAIL_SUPPORT_T3,Chat,Premium,Customer Support,Tier 1,Banking,AG-0659,Daniel Hyun-soo,348,329,292,37,14,243,70956,86.56,39,15,16,60,13,80,91,Investment Inquiry,Connectivity,Agent-Resolved,No,Yes,No,Yes,16-10-2022,QA-015,Samuel Kipchoge,79,89,91,83,99,92,Pass,,Confirmed delivery details accurately,Neutral,0.45,MEM-00659,5+ years,Mortgage,No,Yes,Yes,5,Yes,No,No,REC-0659,HASH-0659
INT-0660,07-12-2021,Tuesday,49,December,2021,4,Slovakia,EMEA,Slovakia Hub,APAC_CORE_EMAIL_TIER2,Voice,Enterprise,Retention,Tier 3,Retail,AG-0660,James Davis,85,37,30,7,21,507,15210,93.44,18,1,1,91,1,85,89,Account Inquiry,App Crash,Agent-Resolved,No,Yes,No,No,,,,,,,,,,,,,Positive,0.95,MEM-00660,2-3 years,Retail,Yes,Yes,Yes,7,Yes,No,No,REC-0660,HASH-0660
INT-0661,09-07-2021,Friday,27,July,2021,16,Germany,EMEA,Germany Hub,RETENTION_VOICE_T2,Voice,Enterprise,Retention,Tier 3,Healthcare,AG-0661,Carlos Anderson,186,210,182,28,28,685,124670,56.68,16,11,9,73,9,83,87,Billing Issue,Login Problem,Agent-Resolved,No,Yes,No,Yes,09-07-2021,QA-028,Thabo Mthembu,92,95,97,80,79,94,Pass,,Accurate and prompt service delivery,Positive,0.81,MEM-00661,1-2 years,Business,No,No,No,5,Yes,No,No,REC-0661,HASH-0661
INT-0662,11-10-2021,Monday,41,October,2021,4,Paraguay,AMER,Paraguay Hub,APAC_RETAIL_VOICE_T2,Email,Consumer,Outbound,Tier 3,Banking,AG-0662,Anna Davis,213,256,223,33,23,230,51290,92.5,26,4,2,89,2,72,71,Retention Call,Billing Discrepancy,Escalated,Yes,No,No,Yes,11-10-2021,QA-047,Ivan Marinov,84,80,82,83,86,99,Pass,,Professional dispute resolution approach,Neutral,0.49,MEM-00662,4-5 years,Mortgage,Yes,Yes,Yes,5,Yes,No,Yes,REC-0662,HASH-0662
INT-0663,22-11-2021,Monday,47,November,2021,10,Argentina,AMER,Argentina Hub,APAC_RETAIL_VOICE_T2,Chat,Premium,Inbound,Tier 1,Healthcare,AG-0663,Williams Laurent,373,417,397,20,44,145,57565,98.52,36,12,10,65,10,86,70,Technical Issue,Refund Request,Escalated,Yes,No,No,No,,,,,,,,,,,,,Positive,0.93,MEM-00663,6+ months,Enterprise,No,Yes,Yes,,No,No,No,REC-0663,HASH-0663
INT-0664,20-12-2022,Tuesday,51,December,2022,5,Argentina,AMER,Argentina Hub,APAC_RETAIL_VOICE_T2,Voice,Consumer,Support,Tier 1,Telecom,AG-0664,Robert Laurent,223,176,162,14,4,130,21060,83.47,28,16,14,65,13,73,93,Sales Call,Tracking Update,Bot-Resolved,Yes,Yes,Yes,No,,,,,,,,,,,,,Positive,0.8,MEM-00664,2-3 years,Retail,No,Yes,No,8,Yes,No,No,REC-0664,HASH-0664
INT-0665,16-12-2022,Friday,50,December,2022,14,Portugal,EMEA,Portugal Hub,TECH_SUPPORT_EMAIL_T3,Chat,Premium,Support,Tier 3,Telecom,AG-0665,Jennifer Anderson,341,331,309,22,28,606,187254,59.87,18,19,20,81,17,93,94,Service Issue,Service Improvement,Bot-Resolved,No,Yes,Yes,Yes,16-12-2022,QA-045,Samuel Kipchoge,98,81,82,80,99,87,Fail,Quality Standards Not Met,Professional dispute resolution approach,Positive,0.8,MEM-00665,1-2 years,Enterprise,No,Yes,Yes,10,Yes,No,No,REC-0665,HASH-0665
INT-0666,21-04-2021,Wednesday,16,April,2021,13,South Korea,APAC,South Korea Hub,AMER_EMAIL_SUPPORT_T3,Voice,Premium,Outbound,Tier 1,E-commerce,AG-0666,Robert Brown,431,457,391,66,8,557,217787,12.8,24,16,15,76,14,76,95,Complaint,Software Bug,Bot-Resolved,No,Yes,Yes,No,,,,,,,,,,,,,Positive,0.93,MEM-00666,2-3 years,Healthcare,No,Yes,Yes,5,Yes,Yes,Yes,REC-0666,HASH-0666
INT-0667,07-07-2022,Thursday,27,July,2022,16,Ukraine,EMEA,Ukraine Hub,CUSTOMER_SUPPORT_CHAT_T1,Email,Premium,Customer Support,Tier 1,Retail,AG-0667,Naledi Min-jun,225,256,222,34,41,210,46620,67.78,29,15,16,63,15,77,72,Service Issue,New Account,Escalated,Yes,No,No,No,,,,,,,,,,,,,Positive,0.83,MEM-00667,6+ years,Insurance,Yes,Yes,Yes,8,Yes,No,No,REC-0667,HASH-0667
INT-0668,21-12-2022,Wednesday,51,December,2022,12,Ukraine,EMEA,Ukraine Hub,INBOUND_VOICE_TIER1,Chat,Enterprise,Outbound,Tier 3,Banking,AG-0668,Michael Hyun-soo,341,365,350,15,39,215,75250,47.3,40,4,5,92,3,85,71,Product Query,Portfolio Review,Bot-Resolved,Yes,Yes,Yes,No,,,,,,,,,,,,,Positive,0.76,MEM-00668,2-3 years,Insurance,Yes,Yes,Yes,,No,No,No,REC-0668,HASH-0668
INT-0669,23-08-2021,Monday,34,August,2021,5,Germany,EMEA,Germany Hub,APAC_RETAIL_VOICE_T2,Chat,Consumer,Retention,Tier 2,Banking,AG-0669,Rachel Nyambura,437,416,345,71,37,789,272205,43.32,33,14,15,95,14,94,89,Sales Call,Upgrade Offer,Escalated,Yes,No,No,Yes,23-08-2021,QA-026,Park Sun-hee,77,79,94,78,87,94,Pass,,Confirmed delivery details accurately,Positive,0.97,MEM-00669,6+ years,Enterprise,No,Yes,Yes,5,Yes,Yes,Yes,REC-0669,HASH-0669
INT-0670,11-03-2022,Friday,10,March,2022,7,Colombia,AMER,Colombia Hub,AMER_RETAIL_VOICE_T2,Chat,Premium,Retention,Tier 2,Banking,AG-0670,Michael Nurhaliza,281,264,237,27,23,323,76551,64.73,20,5,6,87,3,88,95,New Product,Statement Request,Escalated,Yes,No,No,No,,,,,,,,,,,,,Neutral,0.6,MEM-00670,5+ years,Checking,No,Yes,Yes,9,Yes,No,No,REC-0670,HASH-0670
INT-0671,13-05-2021,Thursday,19,May,2021,9,Israel,EMEA,Israel Hub,APAC_CORE_EMAIL_TIER2,Email,Enterprise,Customer Support,Tier 3,E-commerce,AG-0671,Ahmad Laurent,150,114,103,11,41,243,25029,95.13,20,5,7,81,4,72,69,Service Issue,Balance Inquiry,Escalated,Yes,No,No,No,,,,,,,,,,,,,Negative,0.16,MEM-00671,5+ years,Savings,No,No,No,6,Yes,No,Yes,REC-0671,HASH-0671
INT-0672,06-05-2022,Friday,18,May,2022,0,Finland,EMEA,Finland Hub,CUSTOMER_SUPPORT_CHAT_T1,Voice,Consumer,Support,Tier 2,Banking,AG-0672,James White,457,408,370,38,30,276,102120,113.72,31,6,7,75,7,95,92,Service Issue,New Account,Bot-Resolved,No,No,Yes,No,,,,,,,,,,,,,Positive,0.98,MEM-00672,2-3 years,Savings,Yes,Yes,Yes,,No,No,No,REC-0672,HASH-0672
INT-0673,29-05-2022,Sunday,21,May,2022,19,Germany,EMEA,Germany Hub,APAC_CORE_EMAIL_TIER2,Voice,Premium,Inbound,Tier 1,Banking,AG-0673,Ahmad Nurhaliza,500,487,422,65,32,484,204248,103.81,32,19,17,94,14,77,76,Account Inquiry,Software Update,Agent-Resolved,No,Yes,No,No,,,,,,,,,,,,,Positive,0.87,MEM-00673,3-5 years,Mortgage,No,Yes,No,5,Yes,No,No,REC-0673,HASH-0673
INT-0674,01-09-2022,Thursday,35,September,2022,9,Indonesia,APAC,Indonesia Hub,INBOUND_VOICE_TIER1,Voice,Consumer,Outbound,Tier 1,E-commerce,AG-0674,Choe Nurhaliza,490,521,471,50,0,199,93729,43.32,38,3,1,85,1,71,75,New Product,Connectivity,Bot-Resolved,No,Yes,Yes,No,,,,,,,,,,,,,Positive,0.87,MEM-00674,5+ years,Enterprise,No,No,Yes,9,Yes,No,No,REC-0674,HASH-0674
INT-0675,13-09-2022,Tuesday,37,September,2022,18,Spain,EMEA,Spain Hub,OUTBOUND_SALES_T2,Email,Premium,Support,Tier 2,Retail,AG-0675,Rachel Laurent,84,117,112,5,37,469,52528,119.24,26,8,9,71,8,81,82,Product Query,Browser Compatibility,Bot-Resolved,No,Yes,Yes,Yes,13-09-2022,QA-023,QA-Team,92,87,79,77,75,79,Pass,,Clear explanation of enrollment process,Positive,0.96,MEM-00675,5+ years,Checking,No,Yes,Yes,10,Yes,No,No,REC-0675,HASH-0675
INT-0676,24-11-2021,Wednesday,47,November,2021,4,Paraguay,AMER,Paraguay Hub,INBOUND_VOICE_TIER1,Email,Enterprise,Support,Tier 2,E-commerce,AG-0676,Lee Rodriguez,464,501,402,99,27,500,201000,0.13,25,13,11,88,10,84,68,Technical Issue,Product Defect,Escalated,Yes,No,No,No,,,,,,,,,,,,,Positive,0.91,MEM-00676,6+ months,Checking,Yes,Yes,Yes,10,Yes,No,No,REC-0676,HASH-0676
INT-0677,11-12-2021,Saturday,49,December,2021,18,Germany,EMEA,Germany Hub,AMER_CORE_EMAIL_TIER2,Chat,Enterprise,Inbound,Tier 3,Retail,AG-0677,Naledi Miller,407,454,385,69,37,159,61215,18.2,29,2,1,72,1,92,87,Technical Issue,Upgrade Offer,Bot-Resolved,No,Yes,Yes,Yes,11-12-2021,QA-033,Priya Saksit,88,82,82,97,87,78,Pass,,Proper documentation procedures followed,Neutral,0.45,MEM-00677,2-3 years,Healthcare,No,Yes,Yes,10,Yes,Yes,Yes,REC-0677,HASH-0677
INT-0678,10-03-2021,Wednesday,10,March,2021,21,Spain,EMEA,Spain Hub,CUSTOMER_SUPPORT_CHAT_T1,Email,Consumer,Support,Tier 1,Telecom,AG-0678,Anna Dupont,372,345,285,60,19,885,252225,19.17,29,7,7,82,7,70,93,Investment Inquiry,Billing Discrepancy,Escalated,Yes,No,No,Yes,10-03-2021,QA-047,Emma Thompson,87,76,91,85,96,95,Pass,,Accurate and prompt service delivery,Negative,0.2,MEM-00678,6+ years,Insurance,Yes,Yes,Yes,6,Yes,No,No,REC-0678,HASH-0678
INT-0679,28-04-2021,Wednesday,17,April,2021,4,Vietnam,APAC,Vietnam Hub,OUTBOUND_SALES_T2,Voice,Premium,Tech Support,Tier 1,Banking,AG-0679,Rashid Jones,234,200,179,21,28,335,59965,29.25,23,11,10,91,9,80,75,Product Query,Browser Compatibility,Escalated,Yes,No,No,Yes,28-04-2021,QA-024,Samuel Kipchoge,94,77,78,79,82,76,Pass,,Clear technical explanation provided,Positive,0.82,MEM-00679,6+ months,Insurance,No,Yes,Yes,9,Yes,No,Yes,REC-0679,HASH-0679
INT-0680,28-10-2021,Thursday,43,October,2021,5,Israel,EMEA,Israel Hub,APAC_RETAIL_VOICE_T2,Voice,Consumer,Customer Support,Tier 1,Telecom,AG-0680,John Rodriguez,468,439,408,31,43,775,316200,27.67,35,5,6,61,4,76,67,Account Issue,Package Upgrade,Agent-Resolved,No,Yes,No,Yes,28-10-2021,QA-036,Ivan Marinov,79,96,86,80,86,76,Fail,Quality Standards Not Met,Professional dispute resolution approach,Positive,0.97,MEM-00680,6+ years,Credit Card,No,Yes,Yes,8,Yes,No,No,REC-0680,HASH-0680
INT-0681,10-02-2021,Wednesday,6,February,2021,3,Indonesia,APAC,Indonesia Hub,CUSTOMER_SUPPORT_CHAT_T1,Email,Enterprise,Retention,Tier 2,Healthcare,AG-0681,Kenji Nurhaliza,222,268,257,11,46,774,198918,104.75,26,16,17,88,15,84,86,Service Issue,Contract Renewal,Bot-Resolved,No,No,Yes,No,,,,,,,,,,,,,Positive,0.86,MEM-00681,4-5 years,Mortgage,No,No,Yes,5,Yes,No,No,REC-0681,HASH-0681
INT-0682,24-07-2022,Sunday,29,July,2022,20,North Korea,APAC,North Korea Hub,APAC_EMAIL_SUPPORT_T3,Chat,Consumer,Customer Support,Tier 3,Telecom,AG-0682,Tran Jackson,410,361,352,9,29,345,121440,112.2,20,10,12,61,12,95,61,Complaint,Login Problem,Agent-Resolved,No,Yes,No,Yes,24-07-2022,QA-037,QA-Team,79,87,99,79,79,87,Fail,Quality Standards Not Met,Professional troubleshooting approach,Positive,0.83,MEM-00682,1-2 years,Checking,Yes,Yes,Yes,8,Yes,No,No,REC-0682,HASH-0682
INT-0683,06-05-2022,Friday,18,May,2022,0,Ukraine,EMEA,Ukraine Hub,RETENTION_VOICE_T2,Voice,Premium,Outbound,Tier 3,Banking,AG-0683,Jennifer Wilson,273,312,306,6,48,409,125154,74.57,29,9,11,67,10,74,60,Service Issue,Plan Selection,Agent-Resolved,No,Yes,No,Yes,06-05-2022,QA-021,Samuel Kipchoge,79,76,88,94,76,92,Fail,Quality Standards Not Met,Appropriate escalation criteria applied,Positive,0.75,MEM-00683,5+ years,Retail,No,Yes,Yes,,No,No,No,REC-0683,HASH-0683
INT-0684,01-04-2021,Thursday,13,April,2021,2,Portugal,EMEA,Portugal Hub,TECH_SUPPORT_EMAIL_T3,Chat,Enterprise,Customer Support,Tier 1,E-commerce,AG-0684,Lisa Anderson,103,67,63,4,28,897,56511,87.45,31,14,12,83,10,93,91,Account Opening,Information Request,Escalated,Yes,No,No,No,,,,,,,,,,,,,Positive,0.98,MEM-00684,4-5 years,Mortgage,No,Yes,Yes,,No,No,Yes,REC-0684,HASH-0684
INT-0685,20-09-2022,Tuesday,38,September,2022,15,South Africa,EMEA,South Africa Hub,RETENTION_VOICE_T2,Voice,Premium,Support,Tier 2,Healthcare,AG-0685,Choe Miller,461,445,424,21,41,217,92008,58.45,20,4,2,73,1,81,71,Service Issue,Return Request,Bot-Resolved,No,Yes,Yes,Yes,20-09-2022,QA-034,Thabo Mthembu,82,97,81,75,96,75,Fail,Quality Standards Not Met,Proper escalation procedure followed,Positive,0.95,MEM-00685,2-3 years,Insurance,Yes,Yes,Yes,,No,No,No,REC-0685,HASH-0685
INT-0686,24-09-2022,Saturday,38,September,2022,18,Pakistan,APAC,Pakistan Hub,INBOUND_VOICE_TIER1,Email,Enterprise,Inbound,Tier 3,E-commerce,AG-0686,Carlos Thanapong,266,224,210,14,12,695,145950,68.73,40,2,3,81,3,88,80,Service Issue,Churn Risk,Bot-Resolved,No,No,Yes,Yes,24-09-2022,QA-002,Samuel Kipchoge,95,80,85,76,92,85,Pass,,Proper documentation procedures followed,Negative,0.1,MEM-00686,1-2 years,Investment,Yes,Yes,No,6,Yes,Yes,Yes,REC-0686,HASH-0686
INT-0687,11-11-2022,Friday,45,November,2022,19,France,EMEA,France Hub,EMEA_CORE_EMAIL_T2,Voice,Consumer,Customer Support,Tier 3,E-commerce,AG-0687,Lisa Martin,140,115,109,6,24,741,80769,106.0,22,3,3,83,1,83,83,Product Query,Delivery Delay,Bot-Resolved,No,No,Yes,Yes,11-11-2022,QA-050,QA-Team,98,91,76,87,90,99,Fail,Quality Standards Not Met,Clear technical explanation provided,Positive,0.96,MEM-00687,6+ months,Enterprise,No,Yes,Yes,7,Yes,No,No,REC-0687,HASH-0687
INT-0688,06-11-2021,Saturday,44,November,2021,7,Ukraine,EMEA,Ukraine Hub,AMER_RETAIL_VOICE_T2,Email,Enterprise,Inbound,Tier 1,Telecom,AG-0688,James Jackson,327,348,283,65,4,638,180554,9.6,23,7,8,67,7,82,61,Service Issue,Statement Inquiry,Escalated,Yes,No,No,Yes,06-11-2021,QA-042,Park Sun-hee,96,85,99,83,95,93,Pass,,Proper escalation procedure followed,Neutral,0.53,MEM-00688,3-5 years,Insurance,No,Yes,Yes,9,Yes,Yes,Yes,REC-0688,HASH-0688
INT-0689,28-11-2022,Monday,48,November,2022,6,South Korea,APAC,South Korea Hub,OUTBOUND_SALES_T2,Email,Consumer,Outbound,Tier 1,E-commerce,AG-0689,Hassan Laurent,154,164,139,25,21,820,113980,37.49,38,3,1,74,1,75,69,Account Issue,Software Update,Bot-Resolved,No,No,Yes,No,,,,,,,,,,,,,Negative,0.39,MEM-00689,6+ months,Enterprise,No,Yes,Yes,8,Yes,No,No,REC-0689,HASH-0689
INT-0690,11-09-2021,Saturday,36,September,2021,15,Sweden,EMEA,Sweden Hub,INBOUND_VOICE_TIER1,Voice,Enterprise,Support,Tier 3,Banking,AG-0690,Naledi Anderson,466,490,407,83,30,533,216931,67.67,32,20,20,79,19,70,90,Account Issue,Win-Back Offer,Escalated,Yes,No,No,Yes,11-09-2021,QA-046,Emma Thompson,80,91,91,95,79,76,Pass,,Agent provided comprehensive information,Positive,0.86,MEM-00690,6+ months,Credit Card,No,Yes,No,10,Yes,No,No,REC-0690,HASH-0690
INT-0691,02-07-2021,Friday,26,July,2021,11,Bulgaria,EMEA,Bulgaria Hub,CUSTOMER_SUPPORT_CHAT_T1,Chat,Enterprise,Support,Tier 2,Banking,AG-0691,Michael Laurent,261,264,254,10,16,130,33020,6.2,33,14,16,82,16,90,89,Technical Issue,Stock Availability,Bot-Resolved,No,Yes,Yes,Yes,02-07-2021,QA-018,Ivan Marinov,77,78,81,84,82,84,Pass,,Clear explanation of enrollment process,Positive,0.75,MEM-00691,6+ years,Business,No,Yes,Yes,8,Yes,No,No,REC-0691,HASH-0691
INT-0692,16-11-2021,Tuesday,46,November,2021,13,Luxembourg,EMEA,Luxembourg Hub,APAC_RETAIL_VOICE_T2,Chat,Premium,Outbound,Tier 2,Retail,AG-0692,Ahmad Hyun-soo,414,407,378,29,0,144,54432,41.68,27,7,5,71,4,86,72,Retention Call,Service Quality,Agent-Resolved,No,Yes,No,No,,,,,,,,,,,,,Positive,0.78,MEM-00692,6+ years,Checking,No,Yes,Yes,,No,No,No,REC-0692,HASH-0692
INT-0693,09-05-2021,Sunday,18,May,2021,12,Slovakia,EMEA,Slovakia Hub,CUSTOMER_SUPPORT_CHAT_T1,Chat,Enterprise,Customer Support,Tier 2,Telecom,AG-0693,Rashid Johnson,459,418,339,79,22,404,136956,63.15,15,1,2,65,1,71,70,Technical Issue,Network Outage,Bot-Resolved,Yes,Yes,Yes,No,,,,,,,,,,,,,Neutral,0.58,MEM-00693,2-3 years,Insurance,No,Yes,Yes,8,Yes,No,No,REC-0693,HASH-0693
INT-0694,03-04-2022,Sunday,13,April,2022,12,Sweden,EMEA,Sweden Hub,APAC_CORE_EMAIL_TIER2,Chat,Consumer,Retention,Tier 1,Banking,AG-0694,Thomas Garcia,344,382,324,58,11,314,101736,83.61,32,11,12,77,9,93,81,Retention Call,Delivery Delay,Bot-Resolved,Yes,No,Yes,No,,,,,,,,,,,,,Negative,0.34,MEM-00694,3-5 years,Business,No,Yes,No,,No,No,No,REC-0694,HASH-0694
INT-0695,28-10-2021,Thursday,43,October,2021,22,Thailand,APAC,Thailand Hub,AMER_RETAIL_VOICE_T2,Chat,Premium,Inbound,Tier 3,Retail,AG-0695,Kenji Chen,265,313,255,58,41,884,225420,83.27,32,18,20,68,19,95,88,Account Inquiry,Statement Inquiry,Bot-Resolved,Yes,Yes,Yes,Yes,28-10-2021,QA-024,Thabo Mthembu,93,88,83,75,89,81,Fail,Quality Standards Not Met,Effective win-back strategy applied,Positive,0.81,MEM-00695,2-3 years,Savings,No,Yes,Yes,6,Yes,No,No,REC-0695,HASH-0695
INT-0696,15-03-2022,Tuesday,11,March,2022,7,Mexico,AMER,Mexico Hub,TECH_SUPPORT_EMAIL_T3,Email,Consumer,Inbound,Tier 3,Retail,AG-0696,Mary Laurent,303,319,304,15,21,765,232560,22.41,34,8,7,76,4,87,65,Service Issue,Win-Back Offer,Escalated,Yes,No,No,Yes,15-03-2022,QA-046,Priya Saksit,96,88,85,75,82,94,Fail,Quality Standards Not Met,Strong empathy demonstrated,Positive,0.82,MEM-00696,5+ years,Enterprise,No,Yes,Yes,,No,No,No,REC-0696,HASH-0696
INT-0697,11-12-2022,Sunday,49,December,2022,20,Italy,EMEA,Italy Hub,INBOUND_VOICE_TIER1,Chat,Enterprise,Customer Support,Tier 3,Banking,AG-0697,Kim Nurhaliza,146,109,89,20,22,366,32574,96.81,15,2,1,79,1,90,94,Technical Issue,Win-Back Offer,Bot-Resolved,No,No,Yes,No,,,,,,,,,,,,,Positive,0.8,MEM-00697,3-5 years,Insurance,Yes,Yes,Yes,10,Yes,No,No,REC-0697,HASH-0697
INT-0698,19-02-2021,Friday,7,February,2021,13,Paraguay,AMER,Paraguay Hub,APAC_CORE_EMAIL_TIER2,Voice,Consumer,Tech Support,Tier 3,Banking,AG-0698,Tran Ahmed,437,437,351,86,37,327,114777,34.16,35,2,1,61,1,89,70,New Product,Win-Back Offer,Agent-Resolved,No,Yes,No,No,,,,,,,,,,,,,Negative,0.29,MEM-00698,3-5 years,Mortgage,No,Yes,No,6,Yes,Yes,Yes,REC-0698,HASH-0698
INT-0699,02-07-2022,Saturday,26,July,2022,7,Israel,EMEA,Israel Hub,CUSTOMER_SUPPORT_CHAT_T1,Chat,Consumer,Customer Support,Tier 3,Banking,AG-0699,James Ahmed,248,227,207,20,19,884,182988,31.56,36,9,10,62,9,72,72,Billing Issue,Information Request,Agent-Resolved,No,Yes,No,No,,,,,,,,,,,,,Neutral,0.54,MEM-00699,6+ years,Savings,No,Yes,Yes,5,Yes,Yes,Yes,REC-0699,HASH-0699
INT-0700,03-07-2022,Sunday,26,July,2022,13,Colombia,AMER,Colombia Hub,EMEA_CHAT_SUPPORT_T1,Voice,Premium,Retention,Tier 1,Telecom,AG-0700,James Anderson,345,365,338,27,10,759,256542,68.81,40,20,19,66,18,83,68,Billing Issue,Plan Selection,Bot-Resolved,No,No,Yes,No,,,,,,,,,,,,,Negative,0.35,MEM-00700,3-5 years,Investment,Yes,Yes,Yes,,No,No,No,REC-0700,HASH-0700
INT-0701,02-11-2021,Tuesday,44,November,2021,17,Turkey,EMEA,Turkey Hub,APAC_CORE_EMAIL_TIER2,Email,Premium,Support,Tier 3,E-commerce,AG-0701,James Anderson,361,390,351,39,15,473,166023,42.59,24,18,18,83,15,84,63,Order Issue,Preference Update,Agent-Resolved,No,Yes,No,No,,,,,,,,,,,,,Positive,0.9,MEM-00701,2-3 years,Enterprise,No,Yes,No,,No,No,No,REC-0701,HASH-0701
INT-0702,07-04-2021,Wednesday,14,April,2021,16,Portugal,EMEA,Portugal Hub,APAC_CORE_EMAIL_TIER2,Chat,Consumer,Retention,Tier 2,Banking,AG-0702,Williams Santoso,168,151,131,20,17,777,101787,90.18,16,3,5,69,4,79,82,Service Issue,Password Reset,Agent-Resolved,No,Yes,No,No,,,,,,,,,,,,,Positive,0.92,MEM-00702,1-2 years,Mortgage,No,Yes,Yes,8,Yes,No,No,REC-0702,HASH-0702
INT-0703,27-05-2022,Friday,21,May,2022,12,Spain,EMEA,Spain Hub,CUSTOMER_SUPPORT_CHAT_T1,Email,Premium,Inbound,Tier 3,E-commerce,AG-0703,Sophie Chen,61,105,99,6,0,478,47322,88.65,25,20,18,72,18,73,62,Account Inquiry,Churn Risk,Bot-Resolved,No,Yes,Yes,No,,,,,,,,,,,,,Positive,0.89,MEM-00703,3-5 years,Investment,No,Yes,Yes,6,Yes,No,Yes,REC-0703,HASH-0703
INT-0704,11-06-2021,Friday,23,June,2021,2,China,APAC,China Hub,APAC_RETAIL_VOICE_T2,Chat,Enterprise,Outbound,Tier 1,Banking,AG-0704,James Thomas,428,424,351,73,43,499,175149,8.22,15,3,4,86,3,90,61,Loan Inquiry,Software Update,Escalated,Yes,No,No,Yes,11-06-2021,QA-029,Priya Saksit,99,94,95,97,92,96,Pass,,Clear explanation of enrollment process,Negative,0.24,MEM-00704,2-3 years,Enterprise,Yes,No,Yes,8,Yes,No,No,REC-0704,HASH-0704
INT-0705,20-11-2021,Saturday,46,November,2021,1,North Korea,APAC,North Korea Hub,OUTBOUND_SALES_T2,Voice,Enterprise,Tech Support,Tier 2,Retail,AG-0705,Siti Rodriguez,93,68,66,2,17,513,33858,53.97,37,17,15,80,15,87,61,Account Inquiry,Password Reset,Bot-Resolved,Yes,Yes,Yes,No,,,,,,,,,,,,,Negative,0.39,MEM-00705,6+ months,Enterprise,No,No,Yes,5,Yes,No,Yes,REC-0705,HASH-0705
INT-0706,15-10-2022,Saturday,41,October,2022,11,Japan,APAC,Japan Hub,RETENTION_VOICE_T2,Email,Enterprise,Support,Tier 2,E-commerce,AG-0706,Tran Garcia,339,322,258,64,1,657,169506,81.55,18,3,5,62,3,94,86,Complaint,Language Support,Agent-Resolved,No,Yes,No,No,,,,,,,,,,,,,Negative,0.11,MEM-00706,5+ years,Savings,No,No,No,6,Yes,No,No,REC-0706,HASH-0706
INT-0707,19-11-2021,Friday,46,November,2021,12,Poland,EMEA,Poland Hub,CUSTOMER_SUPPORT_CHAT_T1,Voice,Premium,Inbound,Tier 3,Healthcare,AG-0707,Kim Garcia,398,418,345,73,13,592,204240,111.7,20,7,5,86,4,94,95,Sales Call,Language Support,Agent-Resolved,No,Yes,No,No,,,,,,,,,,,,,Positive,0.8,MEM-00707,3-5 years,Enterprise,No,Yes,Yes,9,Yes,No,No,REC-0707,HASH-0707
INT-0708,13-06-2021,Sunday,23,June,2021,4,Poland,EMEA,Poland Hub,AMER_RETAIL_VOICE_T2,Chat,Enterprise,Tech Support,Tier 1,Healthcare,AG-0708,Kim Wei,454,501,453,48,29,207,93771,56.21,26,15,14,64,14,91,61,Service Issue,Charge Dispute,Bot-Resolved,No,Yes,Yes,No,,,,,,,,,,,,,Negative,0.33,MEM-00708,5+ years,Checking,Yes,Yes,No,,No,No,No,REC-0708,HASH-0708
INT-0709,01-03-2021,Monday,9,March,2021,13,Turkey,EMEA,Turkey Hub,RETENTION_VOICE_T2,Email,Premium,Support,Tier 3,Telecom,AG-0709,Hassan Santoso,290,337,301,36,13,311,93611,104.98,40,9,9,71,6,95,65,Technical Issue,Software Bug,Bot-Resolved,No,Yes,Yes,No,,,,,,,,,,,,,Positive,0.89,MEM-00709,1-2 years,Mortgage,Yes,Yes,Yes,9,Yes,Yes,Yes,REC-0709,HASH-0709
INT-0710,20-05-2022,Friday,20,May,2022,2,United States,AMER,United States Hub,APAC_EMAIL_SUPPORT_T3,Voice,Premium,Tech Support,Tier 1,Healthcare,AG-0710,Kim Laurent,444,438,374,64,24,353,132022,73.21,34,10,8,67,7,81,66,Complaint,Balance Check,Agent-Resolved,No,Yes,No,No,,,,,,,,,,,,,Positive,0.75,MEM-00710,3-5 years,Retail,No,Yes,Yes,,No,No,No,REC-0710,HASH-0710
INT-0711,08-05-2021,Saturday,18,May,2021,12,Greece,EMEA,Greece Hub,OUTBOUND_SALES_T2,Chat,Premium,Tech Support,Tier 2,Banking,AG-0711,Williams Wilson,74,53,48,5,13,528,25344,69.72,32,5,5,63,2,95,61,Billing Issue,Product Defect,Bot-Resolved,No,No,Yes,Yes,08-05-2021,QA-006,Emma Thompson,95,99,89,99,93,83,Pass,,Confirmed delivery details accurately,Neutral,0.46,MEM-00711,4-5 years,Healthcare,No,No,No,,No,No,No,REC-0711,HASH-0711
INT-0712,25-08-2021,Wednesday,34,August,2021,3,North Korea,APAC,North Korea Hub,APAC_CORE_EMAIL_TIER2,Chat,Premium,Outbound,Tier 3,Banking,AG-0712,Anna Chen,61,76,67,9,3,434,29078,103.77,28,13,12,74,12,75,73,Loan Inquiry,Service Improvement,Escalated,Yes,No,No,Yes,25-08-2021,QA-013,Michael Chen,93,91,79,77,82,86,Fail,Quality Standards Not Met,Clear technical explanation provided,Negative,0.31,MEM-00712,5+ years,Business,No,No,Yes,,No,No,No,REC-0712,HASH-0712
INT-0713,19-03-2022,Saturday,11,March,2022,6,North Korea,APAC,North Korea Hub,APAC_RETAIL_VOICE_T2,Voice,Enterprise,Support,Tier 3,Retail,AG-0713,John Brown,455,476,434,42,20,839,364126,96.29,17,12,13,70,11,91,91,Account Opening,Balance Check,Bot-Resolved,No,Yes,Yes,Yes,19-03-2022,QA-020,QA-Team,85,76,76,76,79,95,Fail,Quality Standards Not Met,Accurate and prompt service delivery,Neutral,0.59,MEM-00713,5+ years,Healthcare,No,Yes,Yes,8,Yes,No,No,REC-0713,HASH-0713
INT-0714,18-06-2022,Saturday,24,June,2022,6,Malaysia,APAC,Malaysia Hub,APAC_CORE_EMAIL_TIER2,Voice,Enterprise,Support,Tier 2,Retail,AG-0714,Lee Rodriguez,309,300,259,41,22,337,87283,2.23,23,7,9,66,7,86,71,Product Query,Upgrade Offer,Escalated,Yes,No,No,Yes,18-06-2022,QA-031,Emma Thompson,98,81,82,98,83,81,Pass,,Confirmed delivery details accurately,Positive,0.83,MEM-00714,5+ years,Retail,No,Yes,Yes,7,Yes,No,No,REC-0714,HASH-0714
INT-0715,22-10-2021,Friday,42,October,2021,19,Malaysia,APAC,Malaysia Hub,INBOUND_VOICE_TIER1,Chat,Consumer,Tech Support,Tier 2,Retail,AG-0715,Hassan Thompson,236,257,244,13,3,453,110532,97.63,28,9,11,92,9,81,94,Product Query,Software Update,Escalated,Yes,No,No,No,,,,,,,,,,,,,Negative,0.32,MEM-00715,5+ years,Credit Card,No,No,Yes,,No,No,Yes,REC-0715,HASH-0715
INT-0716,03-11-2021,Wednesday,44,November,2021,18,Iceland,EMEA,Iceland Hub,AMER_CORE_EMAIL_TIER2,Voice,Premium,Retention,Tier 1,Banking,AG-0716,Choe Min-jun,437,438,431,7,18,470,202570,66.12,24,12,12,71,12,72,75,Loan Inquiry,Upgrade Offer,Agent-Resolved,No,Yes,No,No,,,,,,,,,,,,,Positive,0.96,MEM-00716,5+ years,Checking,No,Yes,Yes,6,Yes,No,No,REC-0716,HASH-0716
INT-0717,30-06-2021,Wednesday,26,June,2021,13,Brazil,AMER,Brazil Hub,RETENTION_VOICE_T2,Voice,Premium,Inbound,Tier 1,Banking,AG-0717,Ahmad Min-jun,422,430,422,8,6,865,365030,61.55,29,18,20,90,17,88,82,Product Query,App Crash,Escalated,Yes,No,No,No,,,,,,,,,,,,,Neutral,0.51,MEM-00717,1-2 years,Enterprise,No,Yes,Yes,8,Yes,No,No,REC-0717,HASH-0717
INT-0718,18-05-2022,Wednesday,20,May,2022,1,Slovakia,EMEA,Slovakia Hub,APAC_RETAIL_VOICE_T2,Email,Enterprise,Customer Support,Tier 1,Healthcare,AG-0718,Kim Thanapong,308,269,232,37,35,418,96976,52.87,30,4,5,62,3,71,83,Account Issue,Connectivity Problem,Agent-Resolved,No,Yes,No,No,,,,,,,,,,,,,Positive,0.85,MEM-00718,6+ months,Retail,Yes,Yes,No,,No,Yes,Yes,REC-0718,HASH-0718
INT-0719,19-11-2021,Friday,46,November,2021,18,Mexico,AMER,Mexico Hub,APAC_EMAIL_SUPPORT_T3,Chat,Consumer,Customer Support,Tier 3,Retail,AG-0719,Kenji White,274,264,220,44,29,782,172040,92.98,16,18,20,73,20,77,72,Technical Issue,Refund Request,Bot-Resolved,No,No,Yes,No,,,,,,,,,,,,,Neutral,0.45,MEM-00719,2-3 years,Investment,No,No,Yes,9,Yes,No,No,REC-0719,HASH-0719
INT-0720,28-04-2021,Wednesday,17,April,2021,13,Canada,AMER,Canada Hub,RETENTION_VOICE_T2,Voice,Enterprise,Outbound,Tier 2,Telecom,AG-0720,Carlos Hassan,275,276,249,27,42,391,97359,67.03,21,8,10,89,10,92,86,Order Issue,Software Update,Agent-Resolved,No,Yes,No,No,,,,,,,,,,,,,Negative,0.13,MEM-00720,2-3 years,Investment,Yes,Yes,Yes,5,Yes,No,No,REC-0720,HASH-0720
INT-0721,19-08-2022,Friday,33,August,2022,8,Hong Kong,APAC,Hong Kong Hub,OUTBOUND_SALES_T2,Chat,Consumer,Inbound,Tier 1,Retail,AG-0721,David Hassan,472,489,472,17,42,430,202960,77.35,29,18,18,64,15,72,82,Technical Issue,Win-Back Offer,Escalated,Yes,No,No,No,,,,,,,,,,,,,Positive,0.79,MEM-00721,5+ years,Savings,No,Yes,Yes,,No,No,Yes,REC-0721,HASH-0721
INT-0722,07-08-2022,Sunday,31,August,2022,7,Bangladesh,APAC,Bangladesh Hub,INBOUND_VOICE_TIER1,Email,Enterprise,Tech Support,Tier 2,Telecom,AG-0722,Grace Taylor,330,295,241,54,35,446,107486,71.11,26,19,20,83,20,76,72,Account Opening,Tracking Update,Agent-Resolved,No,Yes,No,Yes,07-08-2022,QA-043,Priya Saksit,79,81,75,82,78,92,Fail,Quality Standards Not Met,Confirmed delivery details accurately,Positive,0.98,MEM-00722,3-5 years,Business,No,Yes,Yes,6,Yes,No,No,REC-0722,HASH-0722
INT-0723,13-01-2022,Thursday,2,January,2022,8,Japan,APAC,Japan Hub,RETENTION_VOICE_T2,Voice,Premium,Outbound,Tier 2,Retail,AG-0723,Hassan Hassan,94,103,100,3,28,129,12900,0.3,30,8,10,69,10,85,91,Order Issue,Charge Dispute,Escalated,Yes,No,No,No,,,,,,,,,,,,,Neutral,0.48,MEM-00723,5+ years,Business,No,Yes,Yes,7,Yes,No,No,REC-0723,HASH-0723
INT-0724,06-01-2022,Thursday,1,January,2022,11,Hong Kong,APAC,Hong Kong Hub,TECH_SUPPORT_EMAIL_T3,Chat,Consumer,Tech Support,Tier 2,Healthcare,AG-0724,Lisa Moore,396,389,378,11,40,540,204120,43.63,28,12,14,85,11,77,80,Account Issue,Fund Options,Bot-Resolved,No,Yes,Yes,Yes,06-01-2022,QA-001,Ivan Marinov,82,98,75,79,77,95,Pass,,Confirmed delivery details accurately,Positive,0.91,MEM-00724,3-5 years,Checking,No,Yes,Yes,6,Yes,No,No,REC-0724,HASH-0724
INT-0725,06-10-2021,Wednesday,40,October,2021,16,Finland,EMEA,Finland Hub,EMEA_CORE_EMAIL_T2,Voice,Enterprise,Customer Support,Tier 3,E-commerce,AG-0725,Anna Hassan,396,347,333,14,50,829,276057,108.85,24,18,17,92,15,74,81,Sales Call,Charge Dispute,Escalated,Yes,No,No,Yes,06-10-2021,QA-020,Thabo Mthembu,99,91,82,96,87,82,Pass,,Confirmed delivery details accurately,Negative,0.4,MEM-00725,4-5 years,Insurance,No,Yes,Yes,,No,No,No,REC-0725,HASH-0725
INT-0726,30-07-2021,Friday,30,July,2021,12,South Korea,APAC,South Korea Hub,RETENTION_VOICE_T2,Voice,Enterprise,Customer Support,Tier 3,E-commerce,AG-0726,James Rodriguez,302,266,213,53,46,635,135255,10.38,18,3,3,90,2,74,73,Service Issue,Win-Back Offer,Escalated,Yes,No,No,Yes,30-07-2021,QA-015,Priya Saksit,96,80,75,76,94,86,Pass,,Good greeting protocol observed,Negative,0.37,MEM-00726,2-3 years,Checking,No,Yes,Yes,6,Yes,No,No,REC-0726,HASH-0726
INT-0727,05-07-2022,Tuesday,27,July,2022,19,Colombia,AMER,Colombia Hub,EMEA_CORE_EMAIL_T2,Chat,Premium,Inbound,Tier 2,Healthcare,AG-0727,Lee Nyambura,53,79,66,13,13,425,28050,90.18,33,11,9,84,9,93,78,Investment Inquiry,Enrollment Question,Escalated,Yes,No,No,No,,,,,,,,,,,,,Negative,0.12,MEM-00727,5+ years,Checking,Yes,Yes,Yes,5,Yes,No,No,REC-0727,HASH-0727
INT-0728,18-06-2022,Saturday,24,June,2022,3,Pakistan,APAC,Pakistan Hub,RETENTION_VOICE_T2,Voice,Premium,Tech Support,Tier 1,E-commerce,AG-0728,Hassan Rodriguez,111,105,103,2,5,778,80134,112.8,21,17,19,67,18,84,81,Loan Inquiry,Rate Inquiry,Agent-Resolved,No,Yes,No,No,,,,,,,,,,,,,Positive,0.77,MEM-00728,6+ months,Savings,No,No,Yes,10,Yes,No,No,REC-0728,HASH-0728
INT-0729,31-08-2021,Tuesday,35,August,2021,11,Hong Kong,APAC,Hong Kong Hub,APAC_EMAIL_SUPPORT_T3,Chat,Premium,Inbound,Tier 1,Retail,AG-0729,Kim Hyun-soo,167,142,128,14,24,189,24192,111.13,16,14,16,69,15,81,85,Technical Issue,Upgrade Offer,Bot-Resolved,No,No,Yes,No,,,,,,,,,,,,,Positive,0.87,MEM-00729,4-5 years,Enterprise,Yes,Yes,Yes,,No,No,No,REC-0729,HASH-0729
INT-0730,12-12-2022,Monday,50,December,2022,17,Finland,EMEA,Finland Hub,CUSTOMER_SUPPORT_CHAT_T1,Chat,Consumer,Customer Support,Tier 3,Healthcare,AG-0730,Michael Thanapong,383,382,336,46,45,543,182448,91.72,16,4,2,89,1,92,74,Account Opening,Rate Inquiry,Bot-Resolved,No,No,Yes,No,,,,,,,,,,,,,Neutral,0.49,MEM-00730,6+ years,Credit Card,No,Yes,Yes,,No,No,No,REC-0730,HASH-0730
INT-0731,20-09-2022,Tuesday,38,September,2022,3,Iceland,EMEA,Iceland Hub,AMER_RETAIL_VOICE_T2,Voice,Consumer,Tech Support,Tier 2,Telecom,AG-0731,Hassan Dupont,463,419,367,52,28,212,77804,94.7,34,4,6,63,6,73,79,Billing Issue,Portfolio Review,Agent-Resolved,No,Yes,No,Yes,20-09-2022,QA-010,Emma Thompson,98,78,85,94,95,84,Pass,,Excellent customer service delivery,Positive,0.83,MEM-00731,1-2 years,Checking,No,Yes,Yes,10,Yes,Yes,Yes,REC-0731,HASH-0731
INT-0732,27-04-2021,Tuesday,17,April,2021,22,Spain,EMEA,Spain Hub,OUTBOUND_SALES_T2,Voice,Enterprise,Support,Tier 3,Retail,AG-0732,Ahmad Jones,283,253,203,50,44,136,27608,119.13,38,12,13,81,13,77,61,Investment Inquiry,Insurance Product,Agent-Resolved,No,Yes,No,No,,,,,,,,,,,,,Positive,0.94,MEM-00732,1-2 years,Insurance,No,Yes,Yes,8,Yes,No,No,REC-0732,HASH-0732
INT-0733,21-06-2022,Tuesday,25,June,2022,4,Morocco,EMEA,Morocco Hub,RETENTION_VOICE_T2,Email,Consumer,Inbound,Tier 2,Telecom,AG-0733,Robert Moore,106,81,64,17,44,543,34752,20.44,18,19,19,77,16,89,73,Sales Call,Connectivity,Agent-Resolved,No,Yes,No,Yes,21-06-2022,QA-038,QA-Team,80,84,82,86,85,95,Pass,,Excellent customer service delivery,Positive,0.82,MEM-00733,6+ months,Investment,No,Yes,Yes,7,Yes,No,No,REC-0733,HASH-0733
INT-0734,20-01-2022,Thursday,3,January,2022,9,Thailand,APAC,Thailand Hub,APAC_RETAIL_VOICE_T2,Voice,Consumer,Retention,Tier 1,Retail,AG-0734,Tran Petrova,264,222,212,10,35,171,36252,44.13,37,6,5,89,4,95,75,New Product,Network Quality,Bot-Resolved,No,Yes,Yes,Yes,20-01-2022,QA-034,QA-Team,85,77,89,98,85,90,Fail,Quality Standards Not Met,Accurate and prompt service delivery,Negative,0.33,MEM-00734,2-3 years,Credit Card,No,Yes,Yes,7,Yes,No,Yes,REC-0734,HASH-0734
INT-0735,04-04-2022,Monday,14,April,2022,3,North Korea,APAC,North Korea Hub,EMEA_CORE_EMAIL_T2,Voice,Consumer,Support,Tier 2,E-commerce,AG-0735,Hassan Anderson,265,227,192,35,17,434,83328,73.99,21,1,1,72,1,73,86,Complaint,Delivery Delay,Agent-Resolved,No,Yes,No,No,,,,,,,,,,,,,Negative,0.11,MEM-00735,6+ months,Mortgage,No,Yes,No,,No,Yes,Yes,REC-0735,HASH-0735
INT-0736,31-08-2022,Wednesday,35,August,2022,11,Bangladesh,APAC,Bangladesh Hub,TECH_SUPPORT_EMAIL_T3,Chat,Consumer,Inbound,Tier 1,Banking,AG-0736,Sophie Moore,442,443,371,72,43,439,162869,28.45,27,11,10,79,10,82,92,Order Issue,Pricing Concern,Agent-Resolved,No,Yes,No,No,,,,,,,,,,,,,Positive,0.87,MEM-00736,6+ months,Investment,No,Yes,Yes,9,Yes,No,No,REC-0736,HASH-0736
INT-0737,25-11-2021,Thursday,47,November,2021,4,Italy,EMEA,Italy Hub,RETENTION_VOICE_T2,Chat,Enterprise,Retention,Tier 2,E-commerce,AG-0737,Grace Jackson,455,490,482,8,48,333,160506,11.87,21,1,3,65,2,87,93,Account Issue,Delivery Confirmation,Escalated,Yes,No,No,No,,,,,,,,,,,,,Negative,0.2,MEM-00737,3-5 years,Business,No,Yes,Yes,6,Yes,Yes,Yes,REC-0737,HASH-0737
INT-0738,02-05-2022,Monday,18,May,2022,5,Italy,EMEA,Italy Hub,APAC_CORE_EMAIL_TIER2,Chat,Consumer,Support,Tier 2,Retail,AG-0738,Lee Johnson,473,511,421,90,31,209,87989,17.0,36,17,15,89,15,95,85,Investment Inquiry,Product Quality,Bot-Resolved,No,Yes,Yes,No,,,,,,,,,,,,,Neutral,0.52,MEM-00738,3-5 years,Credit Card,No,Yes,Yes,5,Yes,Yes,Yes,REC-0738,HASH-0738
INT-0739,26-06-2022,Sunday,25,June,2022,21,Portugal,EMEA,Portugal Hub,APAC_CORE_EMAIL_TIER2,Voice,Enterprise,Customer Support,Tier 3,Banking,AG-0739,Lisa Laurent,317,298,259,39,22,433,112147,18.42,15,3,5,89,4,86,82,Sales Call,Refund Request,Agent-Resolved,No,Yes,No,No,,,,,,,,,,,,,Positive,0.98,MEM-00739,4-5 years,Enterprise,Yes,No,No,9,Yes,No,No,REC-0739,HASH-0739
INT-0740,17-01-2021,Sunday,2,January,2021,0,Vietnam,APAC,Vietnam Hub,APAC_RETAIL_VOICE_T2,Email,Enterprise,Inbound,Tier 2,Telecom,AG-0740,Naledi Nyambura,166,132,123,9,10,834,102582,86.38,17,11,9,90,7,79,81,Billing Issue,Pricing Concern,Bot-Resolved,No,Yes,Yes,No,,,,,,,,,,,,,Negative,0.25,MEM-00740,2-3 years,Savings,No,Yes,No,7,Yes,No,No,REC-0740,HASH-0740
INT-0741,03-05-2022,Tuesday,18,May,2022,20,Thailand,APAC,Thailand Hub,CUSTOMER_SUPPORT_CHAT_T1,Voice,Premium,Outbound,Tier 3,E-commerce,AG-0741,Sophie White,428,433,378,55,6,492,185976,94.97,39,3,1,74,1,85,74,Complaint,Tracking Update,Bot-Resolved,Yes,No,Yes,Yes,03-05-2022,QA-049,Park Sun-hee,90,96,85,80,75,81,Pass,,Agent provided comprehensive information,Positive,0.91,MEM-00741,3-5 years,Enterprise,No,No,Yes,10,Yes,No,No,REC-0741,HASH-0741
INT-0742,28-03-2021,Sunday,12,March,2021,20,Luxembourg,EMEA,Luxembourg Hub,APAC_RETAIL_VOICE_T2,Voice,Consumer,Tech Support,Tier 3,Telecom,AG-0742,Lisa White,168,218,178,40,32,776,138128,83.86,34,13,15,67,15,88,69,Account Opening,Enrollment Question,Bot-Resolved,No,Yes,Yes,Yes,28-03-2021,QA-026,Park Sun-hee,76,81,77,81,88,98,Pass,,Strong retention approach demonstrated,Positive,0.79,MEM-00742,6+ years,Mortgage,No,Yes,Yes,6,Yes,No,No,REC-0742,HASH-0742
INT-0743,01-01-2021,Friday,53,January,2021,12,Thailand,APAC,Thailand Hub,APAC_EMAIL_SUPPORT_T3,Email,Enterprise,Inbound,Tier 2,E-commerce,AG-0743,Robert Ahmed,159,179,172,7,37,721,124012,43.53,37,10,9,86,9,73,94,Product Query,Return Request,Bot-Resolved,No,Yes,Yes,No,,,,,,,,,,,,,Positive,0.81,MEM-00743,3-5 years,Insurance,No,Yes,Yes,10,Yes,No,No,REC-0743,HASH-0743
INT-0744,19-07-2022,Tuesday,29,July,2022,20,Paraguay,AMER,Paraguay Hub,AMER_CORE_EMAIL_TIER2,Email,Enterprise,Inbound,Tier 3,Banking,AG-0744,Bat-Erdene Jones,257,293,276,17,16,309,85284,57.94,15,14,15,75,13,77,87,Account Opening,Balance Inquiry,Bot-Resolved,No,No,Yes,No,,,,,,,,,,,,,Positive,0.93,MEM-00744,6+ months,Insurance,No,Yes,Yes,5,Yes,No,No,REC-0744,HASH-0744
INT-0745,06-07-2021,Tuesday,27,July,2021,22,Mexico,AMER,Mexico Hub,EMEA_CHAT_SUPPORT_T1,Email,Premium,Retention,Tier 2,Retail,AG-0745,Daniel Min-jun,59,84,81,3,13,431,34911,90.97,30,18,19,62,18,93,82,Account Opening,Network Quality,Bot-Resolved,No,Yes,Yes,Yes,06-07-2021,QA-037,Emma Thompson,81,98,80,81,96,88,Fail,Quality Standards Not Met,Professional dispute resolution approach,Neutral,0.55,MEM-00745,1-2 years,Retail,No,No,Yes,6,Yes,Yes,Yes,REC-0745,HASH-0745
INT-0746,18-02-2022,Friday,7,February,2022,12,South Korea,APAC,South Korea Hub,RETENTION_VOICE_T2,Chat,Enterprise,Customer Support,Tier 3,Banking,AG-0746,Sophie Nyambura,340,329,312,17,23,536,167232,60.62,19,11,11,94,10,79,60,Retention Call,Information Request,Agent-Resolved,Yes,Yes,No,No,,,,,,,,,,,,,Neutral,0.56,MEM-00746,1-2 years,Enterprise,Yes,Yes,Yes,8,Yes,No,No,REC-0746,HASH-0746
INT-0747,28-05-2021,Friday,21,May,2021,5,South Africa,EMEA,South Africa Hub,RETENTION_VOICE_T2,Email,Premium,Retention,Tier 3,E-commerce,AG-0747,Kim Thanapong,314,302,292,10,35,326,95192,63.65,30,20,18,92,16,74,70,Loan Inquiry,Insurance Product,Bot-Resolved,No,No,Yes,Yes,28-05-2021,QA-032,Park Sun-hee,83,94,76,85,92,78,Fail,Quality Standards Not Met,Proper escalation procedure followed,Positive,0.78,MEM-00747,1-2 years,Mortgage,No,Yes,Yes,10,Yes,No,No,REC-0747,HASH-0747
INT-0748,06-07-2022,Wednesday,27,July,2022,2,France,EMEA,France Hub,CUSTOMER_SUPPORT_CHAT_T1,Voice,Enterprise,Outbound,Tier 3,Telecom,AG-0748,Chen Rodriguez,228,276,243,33,41,382,92826,108.27,33,1,1,89,1,81,87,Complaint,Balance Check,Bot-Resolved,No,Yes,Yes,No,,,,,,,,,,,,,Neutral,0.45,MEM-00748,3-5 years,Enterprise,No,Yes,Yes,8,Yes,Yes,Yes,REC-0748,HASH-0748
INT-0749,26-02-2021,Friday,8,February,2021,18,Finland,EMEA,Finland Hub,EMEA_CHAT_SUPPORT_T1,Email,Consumer,Tech Support,Tier 3,Healthcare,AG-0749,John Johnson,317,335,281,54,32,341,95821,70.09,16,16,18,93,17,92,60,Loan Inquiry,Cancellation Attempt,Agent-Resolved,No,Yes,No,Yes,26-02-2021,QA-030,Ivan Marinov,80,79,78,97,75,78,Pass,,Good greeting protocol observed,Neutral,0.48,MEM-00749,2-3 years,Insurance,No,Yes,Yes,,No,Yes,Yes,REC-0749,HASH-0749
INT-0750,06-06-2022,Monday,23,June,2022,18,Vietnam,APAC,Vietnam Hub,AMER_RETAIL_VOICE_T2,Chat,Premium,Customer Support,Tier 1,E-commerce,AG-0750,Michael Rodriguez,316,360,334,26,2,451,150634,75.3,38,13,14,67,11,91,67,Order Issue,Network Outage,Escalated,Yes,No,No,No,,,,,,,,,,,,,Positive,0.84,MEM-00750,5+ years,Investment,Yes,Yes,No,7,Yes,No,No,REC-0750,HASH-0750
INT-0751,24-12-2021,Friday,51,December,2021,5,Bangladesh,APAC,Bangladesh Hub,TECH_SUPPORT_EMAIL_T3,Chat,Premium,Outbound,Tier 3,Banking,AG-0751,John Thanapong,429,385,361,24,21,609,219849,47.73,19,4,6,93,5,85,85,Technical Issue,Connectivity Problem,Agent-Resolved,No,Yes,No,Yes,24-12-2021,QA-028,Priya Saksit,83,83,75,88,79,96,Fail,Quality Standards Not Met,Excellent customer service delivery,Neutral,0.46,MEM-00751,3-5 years,Mortgage,No,No,Yes,9,Yes,No,No,REC-0751,HASH-0751
INT-0752,07-11-2022,Monday,45,November,2022,21,Portugal,EMEA,Portugal Hub,EMEA_CORE_EMAIL_T2,Email,Consumer,Inbound,Tier 2,E-commerce,AG-0752,Chen Taylor,448,460,448,12,3,826,370048,18.93,35,16,17,69,16,93,60,Account Opening,Connectivity,Bot-Resolved,No,No,Yes,Yes,07-11-2022,QA-044,Park Sun-hee,90,90,99,83,83,98,Pass,,Effective win-back strategy applied,Negative,0.29,MEM-00752,1-2 years,Credit Card,Yes,Yes,Yes,,No,No,No,REC-0752,HASH-0752
INT-0753,24-10-2022,Monday,43,October,2022,19,South Africa,EMEA,South Africa Hub,APAC_RETAIL_VOICE_T2,Voice,Consumer,Tech Support,Tier 3,Telecom,AG-0753,Lee Thi Linh,487,491,476,15,38,397,188972,46.69,21,1,1,91,1,82,61,Account Issue,Information Request,Escalated,Yes,No,No,No,,,,,,,,,,,,,Negative,0.19,MEM-00753,3-5 years,Savings,No,Yes,Yes,,No,No,Yes,REC-0753,HASH-0753
INT-0754,13-09-2022,Tuesday,37,September,2022,22,Sweden,EMEA,Sweden Hub,EMEA_CHAT_SUPPORT_T1,Email,Enterprise,Inbound,Tier 3,Retail,AG-0754,Mary Brown,498,531,489,42,36,405,198045,93.59,31,17,16,85,15,91,63,Account Inquiry,Win-Back Offer,Bot-Resolved,No,No,Yes,No,,,,,,,,,,,,,Positive,0.79,MEM-00754,1-2 years,Insurance,No,No,No,10,Yes,No,Yes,REC-0754,HASH-0754
INT-0755,18-11-2022,Friday,46,November,2022,3,Mexico,AMER,Mexico Hub,INBOUND_VOICE_TIER1,Voice,Premium,Support,Tier 1,E-commerce,AG-0755,Emma Thompson,358,361,303,58,44,422,127866,107.85,20,8,10,72,9,84,86,Service Issue,Software Update,Agent-Resolved,No,Yes,No,No,,,,,,,,,,,,,Positive,0.88,MEM-00755,2-3 years,Checking,Yes,Yes,No,,No,No,No,REC-0755,HASH-0755
INT-0756,14-12-2022,Wednesday,50,December,2022,2,Pakistan,APAC,Pakistan Hub,RETENTION_VOICE_T2,Email,Premium,Support,Tier 2,Retail,AG-0756,Sophie Hyun-soo,336,357,295,62,23,371,109445,118.0,37,12,10,67,9,91,74,Complaint,Network Outage,Bot-Resolved,No,No,Yes,No,,,,,,,,,,,,,Positive,0.92,MEM-00756,6+ years,Savings,No,Yes,Yes,,No,Yes,Yes,REC-0756,HASH-0756
INT-0757,31-05-2021,Monday,22,May,2021,5,Portugal,EMEA,Portugal Hub,INBOUND_VOICE_TIER1,Voice,Enterprise,Outbound,Tier 3,E-commerce,AG-0757,Sophie Miller,288,292,269,23,27,399,107331,119.54,28,4,6,63,3,94,86,Product Query,New Account,Escalated,Yes,No,No,No,,,,,,,,,,,,,Negative,0.35,MEM-00757,5+ years,Enterprise,No,Yes,Yes,9,Yes,No,No,REC-0757,HASH-0757
INT-0758,11-04-2022,Monday,15,April,2022,6,Finland,EMEA,Finland Hub,INBOUND_VOICE_TIER1,Chat,Enterprise,Inbound,Tier 1,Retail,AG-0758,Tran Hassan,245,276,255,21,29,603,153765,87.27,32,14,14,62,13,76,87,Account Issue,Balance Inquiry,Escalated,Yes,No,No,Yes,11-04-2022,QA-022,QA-Team,95,98,97,95,78,91,Pass,,Agent provided comprehensive information,Positive,0.89,MEM-00758,5+ years,Savings,No,Yes,Yes,9,Yes,No,No,REC-0758,HASH-0758
INT-0759,29-11-2021,Monday,48,November,2021,14,Israel,EMEA,Israel Hub,AMER_EMAIL_SUPPORT_T3,Email,Premium,Tech Support,Tier 1,E-commerce,AG-0759,Rashid Martin,153,190,183,7,39,501,91683,60.07,23,8,10,71,10,81,67,Billing Issue,Software Bug,Agent-Resolved,No,Yes,No,Yes,29-11-2021,QA-008,QA-Team,88,85,81,82,88,95,Fail,Quality Standards Not Met,Accurate and prompt service delivery,Negative,0.25,MEM-00759,3-5 years,Enterprise,Yes,Yes,Yes,6,Yes,Yes,Yes,REC-0759,HASH-0759
INT-0760,09-11-2021,Tuesday,45,November,2021,19,Pakistan,APAC,Pakistan Hub,EMEA_CORE_EMAIL_T2,Chat,Premium,Inbound,Tier 2,E-commerce,AG-0760,Jessica Brown,415,457,387,70,30,891,344817,7.23,30,10,11,74,9,93,80,Service Issue,New Account,Agent-Resolved,No,Yes,No,No,,,,,,,,,,,,,Positive,0.81,MEM-00760,6+ years,Investment,No,Yes,Yes,,No,No,No,REC-0760,HASH-0760
INT-0761,11-12-2021,Saturday,49,December,2021,2,Italy,EMEA,Italy Hub,CUSTOMER_SUPPORT_CHAT_T1,Email,Premium,Customer Support,Tier 3,Telecom,AG-0761,Rachel Hassan,437,425,408,17,24,142,57936,92.66,21,20,19,70,17,79,74,Account Inquiry,Statement Request,Agent-Resolved,No,Yes,No,No,,,,,,,,,,,,,Negative,0.36,MEM-00761,1-2 years,Healthcare,No,Yes,No,,No,Yes,Yes,REC-0761,HASH-0761
INT-0762,11-09-2021,Saturday,36,September,2021,1,Vietnam,APAC,Vietnam Hub,AMER_EMAIL_SUPPORT_T3,Email,Enterprise,Outbound,Tier 3,Banking,AG-0762,Anna Thompson,151,158,133,25,22,816,108528,65.52,19,9,11,61,10,71,72,Order Issue,Balance Check,Bot-Resolved,No,No,Yes,Yes,11-09-2021,QA-025,Ivan Marinov,85,80,94,77,93,82,Fail,Quality Standards Not Met,Proper escalation procedure followed,Positive,0.93,MEM-00762,5+ years,Mortgage,No,Yes,No,6,Yes,No,No,REC-0762,HASH-0762
INT-0763,06-04-2021,Tuesday,14,April,2021,2,Malaysia,APAC,Malaysia Hub,EMEA_CORE_EMAIL_T2,Voice,Enterprise,Outbound,Tier 1,E-commerce,AG-0763,Mary Moore,284,330,286,44,8,138,39468,85.12,25,20,19,78,16,86,77,Account Inquiry,Browser Compatibility,Bot-Resolved,Yes,No,Yes,No,,,,,,,,,,,,,Positive,0.86,MEM-00763,6+ years,Savings,No,Yes,Yes,8,Yes,No,No,REC-0763,HASH-0763
INT-0764,12-11-2022,Saturday,45,November,2022,21,Finland,EMEA,Finland Hub,AMER_EMAIL_SUPPORT_T3,Voice,Premium,Support,Tier 2,Telecom,AG-0764,Bat-Erdene Jackson,175,213,176,37,1,136,23936,100.89,30,20,22,93,22,73,86,Account Opening,Pricing Concern,Agent-Resolved,No,Yes,No,No,,,,,,,,,,,,,Neutral,0.43,MEM-00764,6+ months,Checking,No,Yes,Yes,5,Yes,No,No,REC-0764,HASH-0764
INT-0765,11-08-2022,Thursday,32,August,2022,7,Colombia,AMER,Colombia Hub,CUSTOMER_SUPPORT_CHAT_T1,Voice,Consumer,Support,Tier 1,Retail,AG-0765,Tran Santoso,392,442,361,81,42,870,314070,108.84,21,11,13,65,11,95,85,Technical Issue,Win-Back Offer,Agent-Resolved,No,Yes,No,Yes,11-08-2022,QA-030,QA-Team,75,90,91,78,96,97,Fail,Quality Standards Not Met,Accurate and prompt service delivery,Negative,0.35,MEM-00765,6+ months,Insurance,No,Yes,Yes,,No,No,No,REC-0765,HASH-0765
INT-0766,04-07-2021,Sunday,26,July,2021,15,Vietnam,APAC,Vietnam Hub,INBOUND_VOICE_TIER1,Email,Consumer,Support,Tier 2,Retail,AG-0766,Michael Thomas,76,51,40,11,2,684,27360,23.08,28,13,13,70,13,80,75,New Product,Information Request,Bot-Resolved,No,Yes,Yes,No,,,,,,,,,,,,,Negative,0.32,MEM-00766,6+ months,Business,No,Yes,Yes,6,Yes,No,Yes,REC-0766,HASH-0766
INT-0767,18-06-2021,Friday,24,June,2021,16,Poland,EMEA,Poland Hub,INBOUND_VOICE_TIER1,Email,Enterprise,Retention,Tier 1,Retail,AG-0767,Naledi Hassan,173,178,157,21,9,336,52752,30.11,34,9,7,82,4,88,94,Loan Inquiry,Refund Request,Escalated,Yes,No,No,Yes,18-06-2021,QA-009,Park Sun-hee,95,83,90,95,86,77,Fail,Quality Standards Not Met,Handled quality concern professionally,Negative,0.17,MEM-00767,6+ months,Checking,No,Yes,Yes,6,Yes,No,Yes,REC-0767,HASH-0767
INT-0768,09-02-2021,Tuesday,6,February,2021,14,Greece,EMEA,Greece Hub,APAC_RETAIL_VOICE_T2,Voice,Enterprise,Retention,Tier 2,Retail,AG-0768,Jennifer Jackson,62,64,53,11,42,251,13303,33.37,37,18,17,73,16,80,93,Billing Issue,Statement Request,Agent-Resolved,Yes,Yes,No,Yes,09-02-2021,QA-034,Samuel Kipchoge,92,75,77,80,92,95,Fail,Quality Standards Not Met,Clear technical explanation provided,Neutral,0.46,MEM-00768,6+ years,Insurance,No,Yes,Yes,,No,No,No,REC-0768,HASH-0768
INT-0769,02-09-2022,Friday,35,September,2022,12,Pakistan,APAC,Pakistan Hub,AMER_EMAIL_SUPPORT_T3,Voice,Premium,Support,Tier 1,Retail,AG-0769,Tran Moore,431,454,398,56,19,308,122584,112.49,21,16,16,89,13,90,87,Account Opening,Product Quality,Bot-Resolved,No,Yes,Yes,No,,,,,,,,,,,,,Positive,0.91,MEM-00769,4-5 years,Business,No,Yes,Yes,,No,No,Yes,REC-0769,HASH-0769
INT-0770,03-04-2022,Sunday,13,April,2022,5,New Zealand,APAC,New Zealand Hub,EMEA_CORE_EMAIL_T2,Chat,Premium,Outbound,Tier 1,Healthcare,AG-0770,Rashid Anderson,104,112,104,8,0,678,70512,22.7,37,19,19,67,18,78,72,Retention Call,Tracking Update,Escalated,Yes,No,No,No,,,,,,,,,,,,,Positive,0.96,MEM-00770,1-2 years,Investment,No,Yes,Yes,6,Yes,No,Yes,REC-0770,HASH-0770
INT-0771,24-02-2021,Wednesday,8,February,2021,15,Argentina,AMER,Argentina Hub,INBOUND_VOICE_TIER1,Chat,Premium,Tech Support,Tier 2,E-commerce,AG-0771,Michael Petrova,447,435,423,12,43,575,243225,111.45,22,8,6,90,4,75,64,Account Inquiry,Software Bug,Agent-Resolved,Yes,Yes,No,No,,,,,,,,,,,,,Positive,0.93,MEM-00771,4-5 years,Enterprise,No,Yes,Yes,5,Yes,No,No,REC-0771,HASH-0771
INT-0772,16-03-2021,Tuesday,11,March,2021,7,Morocco,EMEA,Morocco Hub,AMER_EMAIL_SUPPORT_T3,Voice,Consumer,Support,Tier 1,Retail,AG-0772,David Taylor,265,226,194,32,20,303,58782,85.21,30,11,11,91,10,71,78,Sales Call,Stock Availability,Escalated,Yes,No,No,Yes,16-03-2021,QA-010,Thabo Mthembu,75,86,75,88,94,78,Fail,Quality Standards Not Met,Agent provided comprehensive information,Negative,0.26,MEM-00772,6+ months,Enterprise,Yes,Yes,Yes,10,Yes,Yes,Yes,REC-0772,HASH-0772
INT-0773,28-03-2022,Monday,13,March,2022,21,Morocco,EMEA,Morocco Hub,AMER_RETAIL_VOICE_T2,Email,Consumer,Support,Tier 1,Telecom,AG-0773,Bat-Erdene Hyun-soo,299,335,305,30,32,520,158600,86.57,34,11,13,86,12,94,85,Order Issue,Browser Compatibility,Escalated,Yes,No,No,Yes,28-03-2022,QA-040,Thabo Mthembu,97,78,95,91,99,97,Fail,Quality Standards Not Met,Accurate and prompt service delivery,Positive,0.77,MEM-00773,2-3 years,Mortgage,No,Yes,Yes,,No,No,No,REC-0773,HASH-0773
INT-0774,23-04-2022,Saturday,16,April,2022,14,Germany,EMEA,Germany Hub,APAC_RETAIL_VOICE_T2,Chat,Consumer,Inbound,Tier 3,Healthcare,AG-0774,Lee Thomas,78,101,82,19,6,510,41820,46.73,40,2,2,62,2,86,60,Loan Inquiry,Tracking Update,Agent-Resolved,No,Yes,No,Yes,23-04-2022,QA-033,Michael Chen,79,87,75,96,82,79,Fail,Quality Standards Not Met,Good greeting protocol observed,Positive,0.78,MEM-00774,1-2 years,Business,Yes,Yes,Yes,10,Yes,No,No,REC-0774,HASH-0774
INT-0775,16-05-2022,Monday,20,May,2022,16,France,EMEA,France Hub,APAC_RETAIL_VOICE_T2,Chat,Enterprise,Retention,Tier 1,Healthcare,AG-0775,Kenji Laurent,160,160,144,16,30,173,24912,75.17,35,10,12,68,9,71,94,Billing Issue,Return Request,Agent-Resolved,No,Yes,No,Yes,16-05-2022,QA-044,Ivan Marinov,98,81,93,86,82,86,Pass,,Good greeting protocol observed,Neutral,0.47,MEM-00775,1-2 years,Mortgage,No,No,Yes,,No,No,No,REC-0775,HASH-0775
INT-0776,10-09-2022,Saturday,36,September,2022,9,Japan,APAC,Japan Hub,OUTBOUND_SALES_T2,Email,Premium,Support,Tier 3,Banking,AG-0776,David Thanapong,490,512,439,73,39,743,326177,29.75,25,6,4,75,2,91,64,Retention Call,Connectivity Problem,Escalated,Yes,No,No,No,,,,,,,,,,,,,Positive,0.95,MEM-00776,1-2 years,Insurance,No,Yes,Yes,10,Yes,No,No,REC-0776,HASH-0776
INT-0777,20-04-2021,Tuesday,16,April,2021,3,France,EMEA,France Hub,EMEA_CHAT_SUPPORT_T1,Email,Consumer,Customer Support,Tier 3,Retail,AG-0777,James Min-jun,290,299,266,33,44,859,228494,55.68,21,7,8,67,5,84,71,Investment Inquiry,Connectivity Problem,Bot-Resolved,No,No,Yes,No,,,,,,,,,,,,,Neutral,0.49,MEM-00777,2-3 years,Checking,No,No,No,10,Yes,No,No,REC-0777,HASH-0777
INT-0778,17-05-2022,Tuesday,20,May,2022,19,Japan,APAC,Japan Hub,APAC_EMAIL_SUPPORT_T3,Email,Consumer,Tech Support,Tier 1,Retail,AG-0778,Jennifer Wei,290,329,272,57,36,372,101184,15.39,36,2,1,66,1,84,66,Sales Call,Insurance Product,Agent-Resolved,No,Yes,No,No,,,,,,,,,,,,,Positive,0.94,MEM-00778,3-5 years,Enterprise,No,Yes,Yes,8,Yes,No,No,REC-0778,HASH-0778
INT-0779,23-08-2022,Tuesday,34,August,2022,9,Vietnam,APAC,Vietnam Hub,EMEA_CHAT_SUPPORT_T1,Voice,Consumer,Retention,Tier 3,Telecom,AG-0779,Anna Hassan,381,362,303,59,28,434,131502,21.22,25,18,16,62,15,95,86,Complaint,Package Upgrade,Escalated,Yes,No,No,No,,,,,,,,,,,,,Positive,0.85,MEM-00779,6+ months,Insurance,No,Yes,Yes,6,Yes,No,No,REC-0779,HASH-0779
INT-0780,21-10-2022,Friday,42,October,2022,5,Canada,AMER,Canada Hub,AMER_EMAIL_SUPPORT_T3,Voice,Enterprise,Outbound,Tier 2,Retail,AG-0780,Jennifer Hyun-soo,466,474,383,91,31,469,179627,14.35,32,12,10,70,8,76,93,Account Opening,Software Update,Bot-Resolved,No,Yes,Yes,Yes,21-10-2022,QA-002,Ivan Marinov,75,88,82,88,94,93,Fail,Quality Standards Not Met,Confirmed delivery details accurately,Positive,0.85,MEM-00780,5+ years,Credit Card,No,Yes,Yes,,No,No,No,REC-0780,HASH-0780
INT-0781,05-09-2022,Monday,36,September,2022,4,Germany,EMEA,Germany Hub,EMEA_CORE_EMAIL_T2,Voice,Enterprise,Outbound,Tier 2,Healthcare,AG-0781,Tran Wilson,234,278,272,6,46,714,194208,15.19,15,8,7,64,4,91,91,Billing Issue,Tracking Update,Agent-Resolved,No,Yes,No,No,,,,,,,,,,,,,Positive,0.93,MEM-00781,1-2 years,Retail,No,Yes,Yes,7,Yes,No,Yes,REC-0781,HASH-0781
INT-0782,17-04-2021,Saturday,15,April,2021,12,Indonesia,APAC,Indonesia Hub,EMEA_CHAT_SUPPORT_T1,Email,Enterprise,Outbound,Tier 3,Telecom,AG-0782,Tran Chen,337,360,346,14,36,512,177152,108.21,40,17,19,92,17,70,95,New Product,Promotion Details,Bot-Resolved,No,No,Yes,Yes,17-04-2021,QA-042,Emma Thompson,86,92,93,91,86,88,Pass,,Agent provided comprehensive information,Positive,0.84,MEM-00782,1-2 years,Investment,No,Yes,Yes,7,Yes,No,No,REC-0782,HASH-0782
INT-0783,15-07-2021,Thursday,28,July,2021,4,Ukraine,EMEA,Ukraine Hub,TECH_SUPPORT_EMAIL_T3,Voice,Enterprise,Tech Support,Tier 1,Retail,AG-0783,Mary Laurent,256,232,195,37,46,820,159900,104.49,26,3,5,79,5,95,69,Account Issue,Inventory Problem,Escalated,Yes,No,No,No,,,,,,,,,,,,,Neutral,0.5,MEM-00783,3-5 years,Insurance,Yes,Yes,Yes,6,Yes,No,No,REC-0783,HASH-0783
INT-0784,13-09-2022,Tuesday,37,September,2022,17,Hong Kong,APAC,Hong Kong Hub,OUTBOUND_SALES_T2,Chat,Enterprise,Support,Tier 3,Banking,AG-0784,Maria Thanapong,329,362,313,49,36,580,181540,68.33,22,11,12,77,9,80,83,Billing Issue,Upgrade Offer,Escalated,Yes,No,No,Yes,13-09-2022,QA-032,QA-Team,88,85,95,84,77,85,Pass,,Agent provided comprehensive information,Negative,0.17,MEM-00784,6+ months,Retail,Yes,Yes,Yes,,No,No,No,REC-0784,HASH-0784
INT-0785,31-12-2021,Friday,52,December,2021,19,Thailand,APAC,Thailand Hub,AMER_EMAIL_SUPPORT_T3,Email,Consumer,Retention,Tier 2,E-commerce,AG-0785,Anna Taylor,465,479,440,39,7,602,264880,89.43,22,14,13,67,12,81,67,Account Inquiry,Portfolio Review,Bot-Resolved,Yes,No,Yes,No,,,,,,,,,,,,,Negative,0.37,MEM-00785,2-3 years,Retail,No,Yes,No,10,Yes,No,Yes,REC-0785,HASH-0785
INT-0786,10-01-2022,Monday,2,January,2022,8,Malaysia,APAC,Malaysia Hub,APAC_CORE_EMAIL_TIER2,Voice,Premium,Inbound,Tier 1,Telecom,AG-0786,Grace Wilson,217,218,187,31,45,884,165308,103.12,32,8,9,79,9,81,90,New Product,Service Subscription,Escalated,Yes,No,No,Yes,10-01-2022,QA-046,Priya Saksit,85,99,90,95,97,98,Pass,,Accurate and prompt service delivery,Positive,0.78,MEM-00786,3-5 years,Healthcare,No,Yes,Yes,7,Yes,No,No,REC-0786,HASH-0786
INT-0787,20-01-2021,Wednesday,3,January,2021,8,Czech Republic,EMEA,Czech Republic Hub,OUTBOUND_SALES_T2,Voice,Consumer,Retention,Tier 3,Telecom,AG-0787,Emma Min-jun,430,408,389,19,1,393,152877,29.04,40,5,4,90,3,87,64,Retention Call,Billing Discrepancy,Bot-Resolved,No,No,Yes,No,,,,,,,,,,,,,Positive,0.98,MEM-00787,5+ years,Business,Yes,Yes,No,,No,No,No,REC-0787,HASH-0787
INT-0788,17-05-2022,Tuesday,20,May,2022,10,Hong Kong,APAC,Hong Kong Hub,INBOUND_VOICE_TIER1,Voice,Enterprise,Inbound,Tier 2,Banking,AG-0788,Siti Hassan,141,106,89,17,13,439,39071,80.33,33,16,14,60,14,77,60,Service Issue,Network Outage,Bot-Resolved,No,No,Yes,Yes,17-05-2022,QA-009,Ivan Marinov,89,99,98,95,80,81,Fail,Quality Standards Not Met,Professional troubleshooting approach,Positive,0.91,MEM-00788,1-2 years,Enterprise,No,Yes,Yes,,No,No,No,REC-0788,HASH-0788
INT-0789,13-04-2022,Wednesday,15,April,2022,10,Italy,EMEA,Italy Hub,RETENTION_VOICE_T2,Email,Consumer,Support,Tier 3,Banking,AG-0789,Rachel Wilson,383,418,403,15,5,262,105586,64.44,33,20,21,64,18,79,79,Account Inquiry,Balance Inquiry,Escalated,Yes,No,No,No,,,,,,,,,,,,,Positive,0.85,MEM-00789,1-2 years,Business,No,Yes,Yes,,No,No,Yes,REC-0789,HASH-0789
INT-0790,17-09-2021,Friday,37,September,2021,4,Thailand,APAC,Thailand Hub,CUSTOMER_SUPPORT_CHAT_T1,Email,Consumer,Customer Support,Tier 1,Telecom,AG-0790,Rashid Laurent,493,521,431,90,2,650,280150,34.49,22,7,7,93,6,88,81,Order Issue,Inventory Problem,Bot-Resolved,No,No,Yes,Yes,17-09-2021,QA-038,Michael Chen,99,86,97,97,90,78,Fail,Quality Standards Not Met,Professional troubleshooting approach,Positive,0.8,MEM-00790,3-5 years,Business,No,Yes,Yes,6,Yes,No,Yes,REC-0790,HASH-0790
INT-0791,11-11-2022,Friday,45,November,2022,22,Brazil,AMER,Brazil Hub,AMER_EMAIL_SUPPORT_T3,Email,Premium,Outbound,Tier 1,E-commerce,AG-0791,Bat-Erdene Rodriguez,434,416,363,53,48,244,88572,115.07,16,13,15,61,13,85,89,Order Issue,Software Bug,Agent-Resolved,No,Yes,No,Yes,11-11-2022,QA-033,QA-Team,99,90,85,75,82,85,Fail,Quality Standards Not Met,Professional troubleshooting approach,Positive,0.88,MEM-00791,1-2 years,Retail,No,Yes,Yes,9,Yes,Yes,Yes,REC-0791,HASH-0791
INT-0792,19-11-2021,Friday,46,November,2021,8,Sweden,EMEA,Sweden Hub,APAC_CORE_EMAIL_TIER2,Email,Enterprise,Customer Support,Tier 1,E-commerce,AG-0792,Maria Thanapong,379,389,348,41,27,759,264132,71.03,20,3,4,79,3,85,87,Technical Issue,System Access,Agent-Resolved,No,Yes,No,No,,,,,,,,,,,,,Positive,0.93,MEM-00792,6+ months,Checking,No,Yes,No,10,Yes,No,No,REC-0792,HASH-0792
INT-0793,04-12-2022,Sunday,48,December,2022,14,Spain,EMEA,Spain Hub,APAC_RETAIL_VOICE_T2,Email,Consumer,Support,Tier 1,E-commerce,AG-0793,Jennifer Hyun-soo,407,366,358,8,35,557,199406,33.1,27,8,7,94,5,82,88,New Product,Login Problem,Escalated,Yes,No,No,Yes,04-12-2022,QA-038,Samuel Kipchoge,88,92,96,88,89,98,Fail,Quality Standards Not Met,Strong empathy demonstrated,Positive,0.84,MEM-00793,4-5 years,Credit Card,Yes,Yes,No,,No,Yes,Yes,REC-0793,HASH-0793
INT-0794,12-08-2021,Thursday,32,August,2021,2,Hong Kong,APAC,Hong Kong Hub,APAC_RETAIL_VOICE_T2,Chat,Premium,Outbound,Tier 2,Banking,AG-0794,David Brown,435,453,369,84,38,423,156087,83.69,37,17,17,81,15,93,93,Account Opening,Language Support,Agent-Resolved,Yes,Yes,No,Yes,12-08-2021,QA-050,QA-Team,88,95,79,93,75,90,Pass,,Excellent customer service delivery,Positive,0.79,MEM-00794,6+ years,Checking,No,Yes,Yes,,No,No,No,REC-0794,HASH-0794
INT-0795,06-11-2021,Saturday,44,November,2021,16,Vietnam,APAC,Vietnam Hub,AMER_CORE_EMAIL_TIER2,Chat,Enterprise,Tech Support,Tier 3,E-commerce,AG-0795,Jessica Nyambura,427,427,351,76,45,439,154089,36.95,31,6,7,88,7,75,65,Billing Issue,Preference Update,Bot-Resolved,No,No,Yes,No,,,,,,,,,,,,,Neutral,0.56,MEM-00795,6+ months,Insurance,Yes,Yes,No,5,Yes,No,Yes,REC-0795,HASH-0795
INT-0796,17-11-2021,Wednesday,46,November,2021,2,North Korea,APAC,North Korea Hub,APAC_CORE_EMAIL_TIER2,Voice,Enterprise,Inbound,Tier 1,Banking,AG-0796,Robert Thompson,261,270,238,32,0,493,117334,17.35,23,20,21,72,18,70,73,Technical Issue,Password Reset,Agent-Resolved,No,Yes,No,Yes,17-11-2021,QA-021,Park Sun-hee,95,97,99,97,91,84,Fail,Quality Standards Not Met,Professional troubleshooting approach,Positive,0.78,MEM-00796,5+ years,Mortgage,No,No,Yes,10,Yes,No,Yes,REC-0796,HASH-0796
INT-0797,21-11-2022,Monday,47,November,2022,15,France,EMEA,France Hub,AMER_CORE_EMAIL_TIER2,Voice,Consumer,Retention,Tier 1,Retail,AG-0797,John Garcia,416,433,395,38,38,377,148915,1.83,28,18,20,83,17,81,61,Sales Call,Service Subscription,Escalated,Yes,No,No,No,,,,,,,,,,,,,Negative,0.32,MEM-00797,4-5 years,Checking,No,Yes,Yes,5,Yes,No,No,REC-0797,HASH-0797
INT-0798,21-05-2022,Saturday,20,May,2022,9,South Africa,EMEA,South Africa Hub,AMER_RETAIL_VOICE_T2,Voice,Enterprise,Retention,Tier 1,Telecom,AG-0798,Ahmad Petrova,198,179,154,25,11,669,103026,98.17,24,13,13,92,11,90,66,Technical Issue,Pricing Concern,Bot-Resolved,No,No,Yes,No,,,,,,,,,,,,,Negative,0.28,MEM-00798,3-5 years,Healthcare,Yes,Yes,No,,No,No,No,REC-0798,HASH-0798
INT-0799,27-09-2022,Tuesday,39,September,2022,14,Argentina,AMER,Argentina Hub,OUTBOUND_SALES_T2,Chat,Consumer,Tech Support,Tier 1,Retail,AG-0799,Sarah Laurent,203,250,200,50,31,363,72600,48.81,24,19,20,87,20,95,92,Order Issue,Software Bug,Bot-Resolved,No,No,Yes,No,,,,,,,,,,,,,Positive,0.83,MEM-00799,2-3 years,Mortgage,No,No,Yes,6,Yes,No,No,REC-0799,HASH-0799
INT-0800,06-07-2022,Wednesday,27,July,2022,19,Slovakia,EMEA,Slovakia Hub,RETENTION_VOICE_T2,Chat,Enterprise,Outbound,Tier 3,Telecom,AG-0800,Maria Hyun-soo,54,6,4,2,32,616,2464,24.98,34,4,6,82,3,82,77,Account Inquiry,Service Quality,Bot-Resolved,No,No,Yes,Yes,06-07-2022,QA-030,Park Sun-hee,93,96,83,76,80,85,Pass,,Accurate and prompt service delivery,Neutral,0.44,MEM-00800,6+ years,Enterprise,No,Yes,Yes,,No,No,No,REC-0800,HASH-0800
INT-0801,02-04-2022,Saturday,13,April,2022,14,Czech Republic,EMEA,Czech Republic Hub,APAC_CORE_EMAIL_TIER2,Voice,Premium,Inbound,Tier 3,Retail,AG-0801,Emma Chen,473,434,386,48,30,572,220792,64.65,36,15,17,73,16,70,86,Account Opening,Win-Back Offer,Bot-Resolved,No,Yes,Yes,No,,,,,,,,,,,,,Positive,0.95,MEM-00801,2-3 years,Investment,No,Yes,Yes,9,Yes,No,No,REC-0801,HASH-0801
INT-0802,21-10-2021,Thursday,42,October,2021,23,Iceland,EMEA,Iceland Hub,EMEA_CORE_EMAIL_T2,Email,Premium,Support,Tier 3,Telecom,AG-0802,Sarah Thanapong,158,144,141,3,7,633,89253,8.22,31,12,13,65,10,93,71,Order Issue,Network Quality,Agent-Resolved,No,Yes,No,Yes,21-10-2021,QA-006,Park Sun-hee,98,76,89,87,87,77,Fail,Quality Standards Not Met,Proper escalation procedure followed,Negative,0.31,MEM-00802,3-5 years,Mortgage,No,Yes,Yes,9,Yes,No,No,REC-0802,HASH-0802
INT-0803,12-09-2022,Monday,37,September,2022,22,Bangladesh,APAC,Bangladesh Hub,TECH_SUPPORT_EMAIL_T3,Voice,Premium,Support,Tier 1,Telecom,AG-0803,Hassan Petrova,414,451,435,16,11,348,151380,56.94,35,6,6,78,6,93,63,Retention Call,Shipping Inquiry,Agent-Resolved,No,Yes,No,No,,,,,,,,,,,,,Positive,0.98,MEM-00803,1-2 years,Savings,No,Yes,Yes,7,Yes,No,Yes,REC-0803,HASH-0803
INT-0804,03-10-2022,Monday,40,October,2022,4,Morocco,EMEA,Morocco Hub,INBOUND_VOICE_TIER1,Voice,Premium,Support,Tier 2,Retail,AG-0804,Carlos Thompson,399,416,349,67,11,575,200675,2.57,39,12,10,71,8,86,87,Billing Issue,Login Problem,Bot-Resolved,Yes,No,Yes,Yes,03-10-2022,QA-015,Ivan Marinov,82,80,89,95,94,76,Fail,Quality Standards Not Met,Agent provided comprehensive information,Positive,0.85,MEM-00804,6+ months,Savings,Yes,No,Yes,,No,No,Yes,REC-0804,HASH-0804
INT-0805,21-01-2021,Thursday,3,January,2021,20,Malaysia,APAC,Malaysia Hub,TECH_SUPPORT_EMAIL_T3,Email,Consumer,Outbound,Tier 1,Banking,AG-0805,Williams Thanapong,451,472,452,20,49,708,320016,108.81,37,3,4,62,1,91,76,Investment Inquiry,Network Quality,Escalated,Yes,No,No,No,,,,,,,,,,,,,Negative,0.38,MEM-00805,5+ years,Savings,No,Yes,Yes,5,Yes,Yes,Yes,REC-0805,HASH-0805
INT-0806,22-09-2022,Thursday,38,September,2022,18,Mexico,AMER,Mexico Hub,APAC_EMAIL_SUPPORT_T3,Chat,Premium,Retention,Tier 1,Retail,AG-0806,David Nurhaliza,355,396,360,36,33,743,267480,42.93,36,8,6,71,5,76,71,Account Opening,Billing Discrepancy,Bot-Resolved,No,No,Yes,No,,,,,,,,,,,,,Positive,0.84,MEM-00806,3-5 years,Investment,No,Yes,No,8,Yes,No,No,REC-0806,HASH-0806
INT-0807,09-12-2022,Friday,49,December,2022,1,China,APAC,China Hub,INBOUND_VOICE_TIER1,Email,Enterprise,Customer Support,Tier 2,Banking,AG-0807,Choe Min-jun,67,61,56,5,0,606,33936,33.24,31,4,2,74,2,84,91,Sales Call,Language Support,Agent-Resolved,No,Yes,No,No,,,,,,,,,,,,,Positive,0.76,MEM-00807,6+ years,Insurance,No,Yes,Yes,,No,No,No,REC-0807,HASH-0807
INT-0808,02-01-2022,Sunday,52,January,2022,12,United States,AMER,United States Hub,OUTBOUND_SALES_T2,Voice,Premium,Inbound,Tier 2,Retail,AG-0808,Kenji White,232,184,181,3,29,368,66608,95.32,29,18,17,85,17,86,95,Service Issue,Login Problem,Escalated,Yes,No,No,No,,,,,,,,,,,,,Positive,0.93,MEM-00808,1-2 years,Enterprise,Yes,Yes,Yes,5,Yes,No,No,REC-0808,HASH-0808
INT-0809,19-01-2021,Tuesday,3,January,2021,8,Pakistan,APAC,Pakistan Hub,AMER_RETAIL_VOICE_T2,Email,Premium,Outbound,Tier 3,Healthcare,AG-0809,Choe Brown,230,204,174,30,22,182,31668,65.0,40,4,6,70,3,94,91,Retention Call,Network Outage,Escalated,Yes,No,No,No,,,,,,,,,,,,,Neutral,0.44,MEM-00809,6+ years,Checking,No,Yes,Yes,6,Yes,No,No,REC-0809,HASH-0809
INT-0810,16-02-2021,Tuesday,7,February,2021,19,Brazil,AMER,Brazil Hub,AMER_EMAIL_SUPPORT_T3,Chat,Enterprise,Customer Support,Tier 2,Retail,AG-0810,Chen Chen,153,145,132,13,50,471,62172,65.62,22,3,4,78,2,90,78,Order Issue,Enrollment Question,Bot-Resolved,No,Yes,Yes,No,,,,,,,,,,,,,Positive,0.93,MEM-00810,2-3 years,Enterprise,No,No,Yes,,No,No,No,REC-0810,HASH-0810
INT-0811,02-05-2022,Monday,18,May,2022,22,Turkey,EMEA,Turkey Hub,APAC_RETAIL_VOICE_T2,Email,Consumer,Inbound,Tier 2,Telecom,AG-0811,Emma Jones,432,475,469,6,4,452,211988,90.34,35,10,10,80,7,85,63,Complaint,Fund Options,Agent-Resolved,No,Yes,No,Yes,02-05-2022,QA-043,Emma Thompson,84,92,81,97,77,92,Pass,,Strong retention approach demonstrated,Positive,0.91,MEM-00811,1-2 years,Healthcare,Yes,Yes,No,8,Yes,No,Yes,REC-0811,HASH-0811
INT-0812,07-03-2022,Monday,10,March,2022,2,Colombia,AMER,Colombia Hub,AMER_CORE_EMAIL_TIER2,Email,Enterprise,Retention,Tier 1,E-commerce,AG-0812,Bat-Erdene Chen,273,267,227,40,20,835,189545,44.83,36,17,16,76,15,79,63,Complaint,Churn Risk,Bot-Resolved,No,Yes,Yes,Yes,07-03-2022,QA-043,Ivan Marinov,94,78,77,92,87,87,Fail,Quality Standards Not Met,Good greeting protocol observed,Positive,0.87,MEM-00812,5+ years,Credit Card,No,No,Yes,,No,No,No,REC-0812,HASH-0812
INT-0813,10-04-2021,Saturday,14,April,2021,3,North Korea,APAC,North Korea Hub,AMER_EMAIL_SUPPORT_T3,Email,Consumer,Inbound,Tier 1,Retail,AG-0813,Jennifer Hyun-soo,100,132,130,2,11,213,27690,84.33,31,16,17,72,16,74,90,Account Issue,Connectivity Problem,Escalated,Yes,No,No,Yes,10-04-2021,QA-039,Emma Thompson,84,98,98,87,97,94,Fail,Quality Standards Not Met,Accurate and prompt service delivery,Neutral,0.57,MEM-00813,1-2 years,Retail,No,Yes,Yes,6,Yes,No,No,REC-0813,HASH-0813
INT-0814,09-02-2021,Tuesday,6,February,2021,13,Greece,EMEA,Greece Hub,EMEA_CORE_EMAIL_T2,Chat,Enterprise,Outbound,Tier 2,Retail,AG-0814,David Anderson,487,463,381,82,3,808,307848,119.8,22,15,17,84,15,95,84,Complaint,Balance Check,Bot-Resolved,No,Yes,Yes,No,,,,,,,,,,,,,Neutral,0.55,MEM-00814,1-2 years,Healthcare,Yes,Yes,No,,No,No,No,REC-0814,HASH-0814
INT-0815,28-11-2021,Sunday,47,November,2021,0,Indonesia,APAC,Indonesia Hub,OUTBOUND_SALES_T2,Chat,Premium,Inbound,Tier 1,Retail,AG-0815,Lisa Hyun-soo,339,362,303,59,34,820,248460,12.08,36,2,2,61,2,75,67,Retention Call,New Account,Agent-Resolved,Yes,Yes,No,Yes,28-11-2021,QA-043,Samuel Kipchoge,80,84,93,96,89,88,Pass,,Addressed customer concerns appropriately,Positive,0.8,MEM-00815,1-2 years,Business,Yes,Yes,No,8,Yes,No,No,REC-0815,HASH-0815
INT-0816,05-01-2021,Tuesday,1,January,2021,4,South Korea,APAC,South Korea Hub,APAC_CORE_EMAIL_TIER2,Email,Consumer,Inbound,Tier 2,Telecom,AG-0816,Maria Thanapong,287,244,237,7,13,493,116841,98.36,31,16,18,80,15,80,67,New Product,Connectivity Problem,Agent-Resolved,No,Yes,No,No,,,,,,,,,,,,,Neutral,0.44,MEM-00816,5+ years,Retail,No,Yes,Yes,,No,No,No,REC-0816,HASH-0816
INT-0817,01-06-2021,Tuesday,22,June,2021,7,Argentina,AMER,Argentina Hub,INBOUND_VOICE_TIER1,Voice,Consumer,Support,Tier 3,E-commerce,AG-0817,Kenji Min-jun,427,458,446,12,5,221,98566,114.27,23,1,1,64,1,83,69,Order Issue,Software Bug,Escalated,Yes,No,No,No,,,,,,,,,,,,,Negative,0.38,MEM-00817,6+ months,Savings,No,Yes,Yes,6,Yes,No,No,REC-0817,HASH-0817
INT-0818,14-11-2021,Sunday,45,November,2021,0,Ukraine,EMEA,Ukraine Hub,CUSTOMER_SUPPORT_CHAT_T1,Email,Premium,Retention,Tier 1,Retail,AG-0818,Lisa Min-jun,343,342,330,12,13,763,251790,73.47,15,15,16,94,14,90,87,New Product,Shipping Inquiry,Escalated,Yes,No,No,Yes,14-11-2021,QA-026,Thabo Mthembu,96,99,93,98,93,80,Pass,,Agent provided comprehensive information,Positive,0.84,MEM-00818,5+ years,Mortgage,No,Yes,Yes,7,Yes,No,No,REC-0818,HASH-0818
INT-0819,22-05-2021,Saturday,20,May,2021,14,Indonesia,APAC,Indonesia Hub,INBOUND_VOICE_TIER1,Voice,Premium,Customer Support,Tier 3,Telecom,AG-0819,Maria Taylor,196,227,205,22,41,829,169945,115.75,30,16,18,70,17,94,94,Service Issue,Shipping Inquiry,Bot-Resolved,No,Yes,Yes,Yes,22-05-2021,QA-005,Samuel Kipchoge,86,80,81,93,76,83,Fail,Quality Standards Not Met,Proper documentation procedures followed,Positive,0.88,MEM-00819,6+ years,Insurance,No,Yes,No,,No,No,No,REC-0819,HASH-0819
INT-0820,04-10-2021,Monday,40,October,2021,11,New Zealand,APAC,New Zealand Hub,EMEA_CORE_EMAIL_T2,Chat,Enterprise,Support,Tier 3,Retail,AG-0820,Chen Miller,471,451,410,41,28,643,263630,105.1,31,16,14,89,11,77,77,Investment Inquiry,Information Request,Escalated,Yes,No,No,No,,,,,,,,,,,,,Positive,0.93,MEM-00820,6+ years,Insurance,No,Yes,Yes,9,Yes,No,No,REC-0820,HASH-0820
INT-0821,10-03-2021,Wednesday,10,March,2021,0,United States,AMER,United States Hub,RETENTION_VOICE_T2,Voice,Enterprise,Support,Tier 3,Banking,AG-0821,Rachel Thi Linh,86,125,118,7,36,140,16520,51.16,25,16,16,72,16,88,61,Technical Issue,Delivery Delay,Agent-Resolved,No,Yes,No,No,,,,,,,,,,,,,Negative,0.29,MEM-00821,6+ years,Business,No,Yes,No,9,Yes,No,No,REC-0821,HASH-0821
INT-0822,05-11-2021,Friday,44,November,2021,22,Turkey,EMEA,Turkey Hub,AMER_CORE_EMAIL_TIER2,Chat,Enterprise,Customer Support,Tier 2,Retail,AG-0822,Williams Laurent,80,125,103,22,46,218,22454,8.52,28,2,2,79,2,73,87,Order Issue,Software Update,Escalated,Yes,No,No,No,,,,,,,,,,,,,Positive,0.79,MEM-00822,6+ months,Healthcare,No,Yes,Yes,10,Yes,No,No,REC-0822,HASH-0822
INT-0823,09-07-2022,Saturday,27,July,2022,12,Vietnam,APAC,Vietnam Hub,AMER_EMAIL_SUPPORT_T3,Email,Enterprise,Support,Tier 1,E-commerce,AG-0823,Anna White,350,386,365,21,16,482,175930,14.91,21,3,2,92,1,88,63,Account Inquiry,Network Outage,Bot-Resolved,No,No,Yes,No,,,,,,,,,,,,,Positive,0.77,MEM-00823,3-5 years,Healthcare,No,Yes,No,9,Yes,No,No,REC-0823,HASH-0823
INT-0824,14-09-2021,Tuesday,37,September,2021,0,Vietnam,APAC,Vietnam Hub,RETENTION_VOICE_T2,Chat,Consumer,Tech Support,Tier 1,Retail,AG-0824,Siti Thomas,174,127,104,23,20,274,28496,105.73,38,11,13,86,12,94,89,Sales Call,Product Defect,Agent-Resolved,No,Yes,No,No,,,,,,,,,,,,,Positive,0.82,MEM-00824,3-5 years,Insurance,No,Yes,Yes,5,Yes,No,No,REC-0824,HASH-0824
INT-0825,17-08-2022,Wednesday,33,August,2022,4,Bulgaria,EMEA,Bulgaria Hub,AMER_RETAIL_VOICE_T2,Email,Premium,Retention,Tier 1,E-commerce,AG-0825,Kim Johnson,479,429,405,24,9,397,160785,88.08,21,6,7,78,5,80,86,Order Issue,Rate Inquiry,Escalated,Yes,No,No,No,,,,,,,,,,,,,Positive,0.86,MEM-00825,6+ years,Credit Card,No,Yes,Yes,,No,No,No,REC-0825,HASH-0825
INT-0826,21-02-2022,Monday,8,February,2022,4,Thailand,APAC,Thailand Hub,TECH_SUPPORT_EMAIL_T3,Voice,Consumer,Inbound,Tier 1,Retail,AG-0826,Choe Moore,393,372,319,53,40,355,113245,28.04,26,7,7,73,4,71,91,Product Query,Rate Inquiry,Bot-Resolved,No,No,Yes,Yes,21-02-2022,QA-034,Thabo Mthembu,77,84,99,77,79,79,Fail,Quality Standards Not Met,Appropriate escalation criteria applied,Neutral,0.58,MEM-00826,5+ years,Checking,No,No,Yes,7,Yes,Yes,Yes,REC-0826,HASH-0826
INT-0827,18-11-2021,Thursday,46,November,2021,6,Sweden,EMEA,Sweden Hub,AMER_CORE_EMAIL_TIER2,Email,Enterprise,Inbound,Tier 1,Healthcare,AG-0827,John Laurent,359,394,321,73,15,746,239466,102.5,22,9,9,75,9,94,73,New Product,Cancellation Attempt,Bot-Resolved,No,Yes,Yes,No,,,,,,,,,,,,,Positive,0.9,MEM-00827,5+ years,Investment,No,Yes,Yes,7,Yes,No,Yes,REC-0827,HASH-0827
INT-0828,19-05-2021,Wednesday,20,May,2021,0,Turkey,EMEA,Turkey Hub,AMER_CORE_EMAIL_TIER2,Voice,Premium,Retention,Tier 2,Retail,AG-0828,Mary Taylor,180,175,165,10,32,887,146355,72.86,35,11,9,78,7,81,84,Sales Call,Language Support,Agent-Resolved,No,Yes,No,Yes,19-05-2021,QA-009,Park Sun-hee,91,91,83,85,86,79,Fail,Quality Standards Not Met,Professional troubleshooting approach,Positive,0.91,MEM-00828,3-5 years,Business,No,No,No,5,Yes,No,No,REC-0828,HASH-0828
INT-0829,08-12-2022,Thursday,49,December,2022,1,Finland,EMEA,Finland Hub,TECH_SUPPORT_EMAIL_T3,Voice,Enterprise,Customer Support,Tier 1,E-commerce,AG-0829,Michael Ahmed,303,285,269,16,6,474,127506,7.73,19,19,19,66,16,81,83,Loan Inquiry,Stock Availability,Agent-Resolved,Yes,Yes,No,Yes,08-12-2022,QA-043,QA-Team,86,88,78,80,81,77,Pass,,Addressed customer concerns appropriately,Negative,0.15,MEM-00829,5+ years,Savings,No,Yes,Yes,7,Yes,No,No,REC-0829,HASH-0829
INT-0830,28-12-2022,Wednesday,52,December,2022,17,Thailand,APAC,Thailand Hub,OUTBOUND_SALES_T2,Chat,Premium,Customer Support,Tier 1,Retail,AG-0830,John Petrova,391,400,369,31,2,800,295200,5.99,37,12,12,67,9,83,70,Order Issue,Preference Update,Agent-Resolved,No,Yes,No,No,,,,,,,,,,,,,Positive,0.87,MEM-00830,3-5 years,Enterprise,Yes,Yes,Yes,,No,No,No,REC-0830,HASH-0830
INT-0831,03-11-2021,Wednesday,44,November,2021,14,Kenya,EMEA,Kenya Hub,EMEA_CORE_EMAIL_T2,Chat,Premium,Tech Support,Tier 2,E-commerce,AG-0831,Rachel Taylor,315,335,274,61,1,608,166592,83.08,31,6,5,60,4,78,94,Complaint,Enrollment Question,Bot-Resolved,No,No,Yes,No,,,,,,,,,,,,,Positive,0.87,MEM-00831,3-5 years,Insurance,No,Yes,Yes,10,Yes,Yes,Yes,REC-0831,HASH-0831
INT-0832,11-12-2022,Sunday,49,December,2022,15,South Korea,APAC,South Korea Hub,AMER_CORE_EMAIL_TIER2,Chat,Enterprise,Inbound,Tier 2,Retail,AG-0832,Ahmad Davis,180,159,130,29,42,868,112840,58.86,21,20,18,86,16,75,85,Technical Issue,Rate Inquiry,Escalated,Yes,No,No,Yes,11-12-2022,QA-012,Priya Saksit,76,82,87,96,80,79,Fail,Quality Standards Not Met,Clear explanation of enrollment process,Neutral,0.45,MEM-00832,6+ months,Retail,No,Yes,Yes,,No,No,Yes,REC-0832,HASH-0832
INT-0833,13-08-2021,Friday,32,August,2021,12,Kenya,EMEA,Kenya Hub,TECH_SUPPORT_EMAIL_T3,Email,Premium,Inbound,Tier 3,E-commerce,AG-0833,Maria Anderson,280,328,275,53,49,364,100100,117.22,20,3,4,87,1,88,94,Account Inquiry,Inventory Problem,Agent-Resolved,Yes,Yes,No,No,,,,,,,,,,,,,Negative,0.13,MEM-00833,3-5 years,Healthcare,Yes,Yes,No,6,Yes,Yes,Yes,REC-0833,HASH-0833
INT-0834,10-09-2021,Friday,36,September,2021,9,Mexico,AMER,Mexico Hub,AMER_CORE_EMAIL_TIER2,Chat,Premium,Outbound,Tier 1,Healthcare,AG-0834,Carlos Wilson,436,447,360,87,15,806,290160,92.72,39,16,15,83,14,92,64,Retention Call,Return Request,Bot-Resolved,Yes,No,Yes,Yes,10-09-2021,QA-010,Michael Chen,85,95,79,77,99,76,Fail,Quality Standards Not Met,Proper escalation procedure followed,Positive,0.89,MEM-00834,6+ years,Mortgage,No,No,Yes,9,Yes,No,Yes,REC-0834,HASH-0834
INT-0835,02-03-2022,Wednesday,9,March,2022,13,Bulgaria,EMEA,Bulgaria Hub,EMEA_CORE_EMAIL_T2,Voice,Premium,Outbound,Tier 2,Banking,AG-0835,Rashid Chen,393,389,317,72,19,224,71008,95.48,34,20,19,61,16,77,81,Service Issue,Connectivity,Agent-Resolved,No,Yes,No,No,,,,,,,,,,,,,Positive,0.78,MEM-00835,3-5 years,Business,No,Yes,No,9,Yes,No,Yes,REC-0835,HASH-0835
INT-0836,18-07-2022,Monday,29,July,2022,4,Japan,APAC,Japan Hub,AMER_RETAIL_VOICE_T2,Email,Premium,Inbound,Tier 3,Retail,AG-0836,Chen Moore,463,447,390,57,13,592,230880,4.9,20,11,11,74,11,79,62,Order Issue,Shipping Inquiry,Escalated,Yes,No,No,No,,,,,,,,,,,,,Positive,0.85,MEM-00836,4-5 years,Investment,No,Yes,Yes,,No,No,No,REC-0836,HASH-0836
INT-0837,18-10-2021,Monday,42,October,2021,3,Luxembourg,EMEA,Luxembourg Hub,APAC_RETAIL_VOICE_T2,Voice,Premium,Outbound,Tier 1,Healthcare,AG-0837,Chen Thomas,467,437,384,53,22,680,261120,2.07,30,5,4,77,2,77,92,Technical Issue,Upgrade Offer,Agent-Resolved,No,Yes,No,Yes,18-10-2021,QA-031,Emma Thompson,76,95,93,98,92,85,Pass,,Proper documentation procedures followed,Positive,0.79,MEM-00837,6+ months,Checking,Yes,Yes,Yes,,No,No,No,REC-0837,HASH-0837
INT-0838,26-09-2022,Monday,39,September,2022,22,Paraguay,AMER,Paraguay Hub,EMEA_CORE_EMAIL_T2,Email,Premium,Customer Support,Tier 2,Banking,AG-0838,Choe Martin,420,378,340,38,49,166,56440,61.03,24,20,19,76,18,74,79,Technical Issue,Information Request,Bot-Resolved,No,No,Yes,No,,,,,,,,,,,,,Negative,0.27,MEM-00838,1-2 years,Enterprise,No,Yes,Yes,,No,No,No,REC-0838,HASH-0838
INT-0839,26-06-2021,Saturday,25,June,2021,10,Finland,EMEA,Finland Hub,AMER_RETAIL_VOICE_T2,Email,Premium,Inbound,Tier 3,E-commerce,AG-0839,Lisa Hassan,242,262,243,19,42,485,117855,96.51,17,3,3,90,2,81,79,Account Issue,Language Support,Bot-Resolved,Yes,Yes,Yes,No,,,,,,,,,,,,,Positive,0.89,MEM-00839,5+ years,Retail,Yes,No,No,,No,No,No,REC-0839,HASH-0839
INT-0840,02-03-2022,Wednesday,9,March,2022,10,Malaysia,APAC,Malaysia Hub,EMEA_CHAT_SUPPORT_T1,Email,Enterprise,Outbound,Tier 1,Telecom,AG-0840,Bat-Erdene Ahmed,432,476,444,32,27,793,352092,80.06,40,2,3,90,3,88,66,Service Issue,Service Subscription,Bot-Resolved,Yes,No,Yes,Yes,02-03-2022,QA-015,Thabo Mthembu,76,87,76,81,93,97,Fail,Quality Standards Not Met,Handled quality concern professionally,Positive,0.85,MEM-00840,4-5 years,Enterprise,No,Yes,Yes,10,Yes,No,No,REC-0840,HASH-0840
INT-0841,31-07-2022,Sunday,30,July,2022,18,Poland,EMEA,Poland Hub,OUTBOUND_SALES_T2,Voice,Enterprise,Outbound,Tier 2,E-commerce,AG-0841,Emma Taylor,275,231,224,7,27,359,80416,117.75,23,15,13,72,12,79,89,Order Issue,Contract Renewal,Escalated,Yes,No,No,No,,,,,,,,,,,,,Positive,0.85,MEM-00841,3-5 years,Mortgage,No,No,No,5,Yes,No,No,REC-0841,HASH-0841
INT-0842,07-06-2021,Monday,23,June,2021,10,China,APAC,China Hub,EMEA_CORE_EMAIL_T2,Email,Enterprise,Inbound,Tier 1,Healthcare,AG-0842,Anna Wei,163,187,179,8,43,226,40454,90.41,18,9,9,94,6,80,66,Billing Issue,Rate Inquiry,Escalated,Yes,No,No,No,,,,,,,,,,,,,Positive,0.84,MEM-00842,2-3 years,Enterprise,No,Yes,Yes,6,Yes,No,No,REC-0842,HASH-0842
INT-0843,22-12-2021,Wednesday,51,December,2021,9,Malaysia,APAC,Malaysia Hub,AMER_CORE_EMAIL_TIER2,Chat,Premium,Outbound,Tier 3,Retail,AG-0843,Bat-Erdene Nurhaliza,218,215,178,37,7,338,60164,37.28,33,19,21,69,18,78,95,Complaint,Connectivity Problem,Bot-Resolved,Yes,Yes,Yes,No,,,,,,,,,,,,,Positive,0.86,MEM-00843,6+ years,Business,No,Yes,Yes,7,Yes,No,No,REC-0843,HASH-0843
INT-0844,30-11-2022,Wednesday,48,November,2022,0,North Korea,APAC,North Korea Hub,RETENTION_VOICE_T2,Voice,Consumer,Retention,Tier 2,Retail,AG-0844,Carlos Min-jun,279,281,270,11,29,575,155250,100.63,22,11,9,82,7,81,89,Account Inquiry,Tracking Update,Bot-Resolved,No,Yes,Yes,Yes,30-11-2022,QA-034,Emma Thompson,93,87,83,85,75,78,Fail,Quality Standards Not Met,Handled quality concern professionally,Neutral,0.57,MEM-00844,4-5 years,Investment,No,Yes,Yes,,No,No,No,REC-0844,HASH-0844
INT-0845,19-12-2021,Sunday,50,December,2021,7,Japan,APAC,Japan Hub,APAC_RETAIL_VOICE_T2,Chat,Enterprise,Customer Support,Tier 1,Telecom,AG-0845,Grace Anderson,474,508,406,102,20,880,357280,95.16,19,9,7,94,4,89,76,Service Issue,Insurance Product,Escalated,Yes,No,No,Yes,19-12-2021,QA-049,Thabo Mthembu,96,76,90,85,94,98,Fail,Quality Standards Not Met,Clear technical explanation provided,Positive,0.76,MEM-00845,5+ years,Healthcare,No,No,Yes,10,Yes,No,No,REC-0845,HASH-0845
INT-0846,24-01-2022,Monday,4,January,2022,20,Spain,EMEA,Spain Hub,INBOUND_VOICE_TIER1,Email,Enterprise,Customer Support,Tier 2,Healthcare,AG-0846,James Laurent,209,169,159,10,36,667,106053,115.96,33,18,16,78,13,79,86,Billing Issue,Win-Back Offer,Agent-Resolved,No,Yes,No,No,,,,,,,,,,,,,Negative,0.39,MEM-00846,6+ years,Enterprise,No,Yes,Yes,,No,No,No,REC-0846,HASH-0846
INT-0847,12-12-2021,Sunday,49,December,2021,17,South Korea,APAC,South Korea Hub,APAC_CORE_EMAIL_TIER2,Email,Enterprise,Outbound,Tier 2,Healthcare,AG-0847,James Petrova,264,251,205,46,49,377,77285,20.44,16,12,12,93,12,92,94,New Product,Product Quality,Agent-Resolved,No,Yes,No,Yes,12-12-2021,QA-001,Thabo Mthembu,92,78,86,82,92,83,Pass,,Confirmed delivery details accurately,Negative,0.27,MEM-00847,6+ years,Credit Card,Yes,Yes,No,7,Yes,No,No,REC-0847,HASH-0847
INT-0848,27-09-2021,Monday,39,September,2021,16,New Zealand,APAC,New Zealand Hub,AMER_RETAIL_VOICE_T2,Email,Consumer,Inbound,Tier 3,Telecom,AG-0848,Hassan Rodriguez,384,381,371,10,16,488,181048,72.86,34,5,3,77,1,91,73,Service Issue,Delivery Delay,Agent-Resolved,Yes,Yes,No,No,,,,,,,,,,,,,Positive,0.88,MEM-00848,6+ years,Enterprise,No,No,Yes,5,Yes,Yes,Yes,REC-0848,HASH-0848
INT-0849,23-07-2022,Saturday,29,July,2022,19,Iceland,EMEA,Iceland Hub,OUTBOUND_SALES_T2,Voice,Premium,Customer Support,Tier 3,Telecom,AG-0849,Emma Wilson,234,210,186,24,35,794,147684,12.42,18,8,9,90,9,80,71,Retention Call,Pricing Concern,Escalated,Yes,No,No,Yes,23-07-2022,QA-032,QA-Team,89,85,82,94,96,82,Pass,,Professional dispute resolution approach,Neutral,0.58,MEM-00849,3-5 years,Savings,No,Yes,Yes,,No,No,No,REC-0849,HASH-0849
INT-0850,28-12-2021,Tuesday,52,December,2021,2,Paraguay,AMER,Paraguay Hub,EMEA_CHAT_SUPPORT_T1,Email,Enterprise,Tech Support,Tier 1,E-commerce,AG-0850,Williams Davis,421,384,355,29,10,127,45085,34.19,22,10,9,68,6,78,73,Service Issue,Service Subscription,Escalated,Yes,No,No,No,,,,,,,,,,,,,Neutral,0.52,MEM-00850,2-3 years,Mortgage,No,Yes,Yes,,No,No,No,REC-0850,HASH-0850
INT-0851,04-08-2022,Thursday,31,August,2022,16,Thailand,APAC,Thailand Hub,RETENTION_VOICE_T2,Voice,Consumer,Inbound,Tier 1,Healthcare,AG-0851,James Jackson,354,365,300,65,47,802,240600,90.21,29,12,12,66,12,91,64,Order Issue,Rate Inquiry,Bot-Resolved,No,No,Yes,No,,,,,,,,,,,,,Positive,0.95,MEM-00851,6+ years,Credit Card,Yes,Yes,Yes,,No,No,Yes,REC-0851,HASH-0851
INT-0852,04-01-2022,Tuesday,1,January,2022,0,Poland,EMEA,Poland Hub,INBOUND_VOICE_TIER1,Email,Premium,Tech Support,Tier 1,Retail,AG-0852,Ahmad Thanapong,56,64,59,5,38,687,40533,88.77,35,12,10,68,8,70,61,Billing Issue,Password Reset,Agent-Resolved,Yes,Yes,No,No,,,,,,,,,,,,,Neutral,0.6,MEM-00852,6+ months,Investment,No,Yes,No,8,Yes,No,No,REC-0852,HASH-0852
INT-0853,01-10-2021,Friday,39,October,2021,22,Luxembourg,EMEA,Luxembourg Hub,APAC_EMAIL_SUPPORT_T3,Voice,Premium,Retention,Tier 1,Telecom,AG-0853,Emma Martin,296,268,250,18,31,400,100000,51.91,38,2,2,79,1,94,86,Sales Call,Information Request,Escalated,Yes,No,No,No,,,,,,,,,,,,,Negative,0.23,MEM-00853,4-5 years,Mortgage,No,Yes,No,8,Yes,No,No,REC-0853,HASH-0853
INT-0854,29-01-2021,Friday,4,January,2021,23,North Korea,APAC,North Korea Hub,AMER_EMAIL_SUPPORT_T3,Chat,Consumer,Tech Support,Tier 1,Banking,AG-0854,Maria Taylor,209,243,197,46,42,769,151493,28.63,33,13,11,93,11,75,67,Loan Inquiry,Product Defect,Escalated,Yes,No,No,Yes,29-01-2021,QA-039,Park Sun-hee,90,95,90,94,92,91,Fail,Quality Standards Not Met,Accurate and prompt service delivery,Positive,0.77,MEM-00854,6+ years,Business,Yes,Yes,Yes,8,Yes,No,No,REC-0854,HASH-0854
INT-0855,11-04-2022,Monday,15,April,2022,22,Bangladesh,APAC,Bangladesh Hub,AMER_CORE_EMAIL_TIER2,Voice,Enterprise,Retention,Tier 3,Banking,AG-0855,Mary Nyambura,465,481,457,24,11,851,388907,62.47,25,8,10,76,9,83,93,Complaint,Information Request,Agent-Resolved,No,Yes,No,Yes,11-04-2022,QA-031,Emma Thompson,89,85,88,90,92,84,Fail,Quality Standards Not Met,Strong retention approach demonstrated,Positive,0.84,MEM-00855,4-5 years,Mortgage,No,No,Yes,9,Yes,No,No,REC-0855,HASH-0855
INT-0856,21-02-2021,Sunday,7,February,2021,16,Turkey,EMEA,Turkey Hub,EMEA_CHAT_SUPPORT_T1,Voice,Premium,Customer Support,Tier 2,E-commerce,AG-0856,Lee Wei,114,107,104,3,20,207,21528,10.48,27,13,13,82,13,77,60,Billing Issue,Inventory Problem,Agent-Resolved,No,Yes,No,No,,,,,,,,,,,,,Positive,0.79,MEM-00856,6+ months,Retail,No,Yes,Yes,,No,No,No,REC-0856,HASH-0856
INT-0857,27-11-2022,Sunday,47,November,2022,11,Brazil,AMER,Brazil Hub,EMEA_CORE_EMAIL_T2,Voice,Consumer,Inbound,Tier 3,Healthcare,AG-0857,Robert Petrova,473,475,392,83,22,613,240296,102.48,33,7,5,66,4,70,85,Retention Call,Charge Dispute,Bot-Resolved,No,Yes,Yes,No,,,,,,,,,,,,,Positive,0.92,MEM-00857,5+ years,Retail,Yes,Yes,Yes,,No,Yes,Yes,REC-0857,HASH-0857
INT-0858,24-05-2021,Monday,21,May,2021,9,Indonesia,APAC,Indonesia Hub,EMEA_CHAT_SUPPORT_T1,Chat,Consumer,Tech Support,Tier 2,Retail,AG-0858,Rashid Davis,284,295,261,34,27,791,206451,46.63,28,17,15,75,13,88,89,Technical Issue,Billing Discrepancy,Bot-Resolved,No,No,Yes,No,,,,,,,,,,,,,Positive,0.97,MEM-00858,2-3 years,Insurance,No,No,Yes,8,Yes,No,No,REC-0858,HASH-0858
INT-0859,16-05-2022,Monday,20,May,2022,3,United States,AMER,United States Hub,RETENTION_VOICE_T2,Chat,Premium,Retention,Tier 1,Telecom,AG-0859,Michael Ahmed,497,486,426,60,35,139,59214,101.85,33,3,3,78,3,89,72,Loan Inquiry,Return Request,Bot-Resolved,Yes,Yes,Yes,Yes,16-05-2022,QA-042,Park Sun-hee,86,96,97,88,86,86,Pass,,Professional dispute resolution approach,Positive,0.96,MEM-00859,5+ years,Savings,Yes,Yes,No,6,Yes,No,Yes,REC-0859,HASH-0859
INT-0860,07-06-2022,Tuesday,23,June,2022,5,Portugal,EMEA,Portugal Hub,AMER_CORE_EMAIL_TIER2,Voice,Consumer,Retention,Tier 3,Banking,AG-0860,Grace Min-jun,348,355,339,16,37,801,271539,99.11,40,7,6,91,3,70,70,Billing Issue,Promotion Details,Bot-Resolved,No,No,Yes,No,,,,,,,,,,,,,Positive,0.89,MEM-00860,4-5 years,Checking,No,Yes,Yes,7,Yes,No,No,REC-0860,HASH-0860
INT-0861,14-04-2021,Wednesday,15,April,2021,9,Kenya,EMEA,Kenya Hub,EMEA_CORE_EMAIL_T2,Voice,Enterprise,Customer Support,Tier 3,E-commerce,AG-0861,Ahmad Chen,143,115,109,6,33,850,92650,80.79,19,17,19,61,16,78,88,Loan Inquiry,Connectivity Problem,Agent-Resolved,No,Yes,No,No,,,,,,,,,,,,,Positive,0.99,MEM-00861,2-3 years,Healthcare,Yes,Yes,Yes,9,Yes,No,No,REC-0861,HASH-0861
INT-0862,04-04-2022,Monday,14,April,2022,12,Turkey,EMEA,Turkey Hub,CUSTOMER_SUPPORT_CHAT_T1,Email,Premium,Support,Tier 1,E-commerce,AG-0862,Anna Laurent,354,315,302,13,29,423,127746,44.21,18,16,15,68,14,93,80,New Product,App Crash,Agent-Resolved,No,Yes,No,Yes,04-04-2022,QA-048,Ivan Marinov,84,83,85,91,91,91,Pass,,Appropriate escalation criteria applied,Positive,0.95,MEM-00862,6+ months,Retail,No,Yes,Yes,,No,No,No,REC-0862,HASH-0862
INT-0863,10-04-2022,Sunday,14,April,2022,7,Iceland,EMEA,Iceland Hub,AMER_EMAIL_SUPPORT_T3,Chat,Enterprise,Retention,Tier 3,Telecom,AG-0863,James Jones,80,60,56,4,7,853,47768,86.5,32,1,3,69,2,70,94,Order Issue,Billing Discrepancy,Agent-Resolved,No,Yes,No,Yes,10-04-2022,QA-026,Thabo Mthembu,79,77,98,76,80,88,Fail,Quality Standards Not Met,Proper escalation procedure followed,Neutral,0.58,MEM-00863,6+ months,Savings,No,Yes,No,7,Yes,No,No,REC-0863,HASH-0863
INT-0864,29-10-2021,Friday,43,October,2021,18,China,APAC,China Hub,AMER_EMAIL_SUPPORT_T3,Chat,Enterprise,Customer Support,Tier 1,Retail,AG-0864,Kenji Johnson,122,131,108,23,34,236,25488,48.41,37,18,17,78,16,94,61,Order Issue,Balance Inquiry,Escalated,Yes,No,No,Yes,29-10-2021,QA-026,Thabo Mthembu,90,94,89,82,90,81,Pass,,Strong retention approach demonstrated,Neutral,0.6,MEM-00864,1-2 years,Savings,Yes,Yes,Yes,,No,No,No,REC-0864,HASH-0864
INT-0865,18-02-2021,Thursday,7,February,2021,17,Germany,EMEA,Germany Hub,EMEA_CHAT_SUPPORT_T1,Chat,Enterprise,Inbound,Tier 3,Healthcare,AG-0865,Thomas Thanapong,117,79,77,2,1,590,45430,102.42,20,11,11,64,10,70,85,Account Opening,Churn Risk,Bot-Resolved,No,Yes,Yes,Yes,18-02-2021,QA-025,Ivan Marinov,99,96,85,98,93,79,Fail,Quality Standards Not Met,Handled quality concern professionally,Neutral,0.42,MEM-00865,6+ months,Enterprise,No,Yes,No,5,Yes,No,No,REC-0865,HASH-0865
INT-0866,16-04-2022,Saturday,15,April,2022,1,Colombia,AMER,Colombia Hub,APAC_CORE_EMAIL_TIER2,Voice,Premium,Retention,Tier 1,Healthcare,AG-0866,Thomas Dupont,255,251,241,10,48,699,168459,19.74,39,2,2,83,1,72,75,Account Issue,Login Problem,Agent-Resolved,No,Yes,No,No,,,,,,,,,,,,,Positive,0.83,MEM-00866,4-5 years,Retail,No,Yes,Yes,6,Yes,No,No,REC-0866,HASH-0866
INT-0867,07-08-2021,Saturday,31,August,2021,4,South Africa,EMEA,South Africa Hub,OUTBOUND_SALES_T2,Voice,Premium,Support,Tier 2,Banking,AG-0867,Lee Thanapong,64,113,97,16,36,255,24735,78.95,23,3,2,85,1,70,77,Account Issue,Stock Availability,Escalated,Yes,No,No,Yes,07-08-2021,QA-015,Emma Thompson,88,82,99,84,84,87,Pass,,Agent provided comprehensive information,Positive,0.79,MEM-00867,4-5 years,Enterprise,No,Yes,Yes,,No,No,No,REC-0867,HASH-0867
INT-0868,11-08-2022,Thursday,32,August,2022,17,Canada,AMER,Canada Hub,APAC_RETAIL_VOICE_T2,Voice,Enterprise,Support,Tier 1,Banking,AG-0868,James Brown,178,132,106,26,30,688,72928,89.42,35,1,1,75,1,88,77,Loan Inquiry,Enrollment Question,Bot-Resolved,No,No,Yes,No,,,,,,,,,,,,,Negative,0.36,MEM-00868,6+ years,Savings,No,Yes,Yes,7,Yes,No,No,REC-0868,HASH-0868
INT-0869,24-04-2022,Sunday,16,April,2022,19,Kenya,EMEA,Kenya Hub,EMEA_CORE_EMAIL_T2,Chat,Consumer,Customer Support,Tier 2,Healthcare,AG-0869,Carlos Brown,319,315,291,24,45,557,162087,20.0,28,10,11,93,9,76,66,Service Issue,New Account,Bot-Resolved,No,No,Yes,No,,,,,,,,,,,,,Negative,0.37,MEM-00869,4-5 years,Enterprise,Yes,Yes,Yes,,No,No,No,REC-0869,HASH-0869
INT-0870,31-10-2022,Monday,44,October,2022,23,Hong Kong,APAC,Hong Kong Hub,APAC_EMAIL_SUPPORT_T3,Voice,Premium,Tech Support,Tier 2,E-commerce,AG-0870,Maria Nurhaliza,333,294,274,20,25,519,142206,82.92,31,9,9,72,7,87,74,Order Issue,Delivery Delay,Escalated,Yes,No,No,No,,,,,,,,,,,,,Neutral,0.56,MEM-00870,5+ years,Business,Yes,Yes,Yes,9,Yes,No,No,REC-0870,HASH-0870
INT-0871,18-05-2021,Tuesday,20,May,2021,18,China,APAC,China Hub,TECH_SUPPORT_EMAIL_T3,Voice,Premium,Tech Support,Tier 3,E-commerce,AG-0871,Bat-Erdene Chen,442,471,402,69,3,345,138690,99.27,38,19,18,88,15,70,92,Product Query,Preference Update,Bot-Resolved,No,No,Yes,No,,,,,,,,,,,,,Positive,0.77,MEM-00871,6+ months,Retail,Yes,Yes,Yes,5,Yes,No,No,REC-0871,HASH-0871
INT-0872,19-02-2022,Saturday,7,February,2022,22,Canada,AMER,Canada Hub,EMEA_CHAT_SUPPORT_T1,Voice,Consumer,Outbound,Tier 1,Retail,AG-0872,Mary Wei,126,91,82,9,39,532,43624,44.29,37,16,16,74,15,89,61,Account Issue,Balance Check,Escalated,Yes,No,No,No,,,,,,,,,,,,,Positive,0.86,MEM-00872,2-3 years,Enterprise,No,Yes,Yes,8,Yes,No,Yes,REC-0872,HASH-0872
INT-0873,18-07-2021,Sunday,28,July,2021,3,Finland,EMEA,Finland Hub,AMER_EMAIL_SUPPORT_T3,Voice,Enterprise,Customer Support,Tier 2,Retail,AG-0873,Sophie Min-jun,147,127,124,3,13,649,80476,86.0,33,4,6,66,4,82,80,Service Issue,Pricing Concern,Bot-Resolved,No,No,Yes,No,,,,,,,,,,,,,Neutral,0.53,MEM-00873,6+ months,Business,No,Yes,Yes,9,Yes,No,No,REC-0873,HASH-0873
INT-0874,19-01-2021,Tuesday,3,January,2021,7,Colombia,AMER,Colombia Hub,APAC_RETAIL_VOICE_T2,Email,Consumer,Outbound,Tier 2,Telecom,AG-0874,Williams Nurhaliza,490,458,450,8,41,391,175950,19.12,32,6,4,61,4,95,66,Sales Call,Service Renewal,Bot-Resolved,No,Yes,Yes,No,,,,,,,,,,,,,Neutral,0.48,MEM-00874,4-5 years,Mortgage,No,Yes,Yes,5,Yes,No,No,REC-0874,HASH-0874
INT-0875,06-08-2021,Friday,31,August,2021,3,Poland,EMEA,Poland Hub,EMEA_CHAT_SUPPORT_T1,Email,Consumer,Inbound,Tier 1,Retail,AG-0875,Naledi Hyun-soo,104,62,57,5,2,605,34485,42.97,34,17,17,69,15,70,86,Billing Issue,Fund Options,Bot-Resolved,No,No,Yes,No,,,,,,,,,,,,,Positive,0.77,MEM-00875,6+ years,Enterprise,Yes,Yes,Yes,,No,No,No,REC-0875,HASH-0875
INT-0876,14-05-2021,Friday,19,May,2021,0,Ukraine,EMEA,Ukraine Hub,RETENTION_VOICE_T2,Email,Consumer,Customer Support,Tier 3,E-commerce,AG-0876,James Wei,88,83,79,4,4,296,23384,11.67,35,17,19,89,16,92,88,Product Query,Rate Inquiry,Escalated,Yes,No,No,No,,,,,,,,,,,,,Neutral,0.58,MEM-00876,3-5 years,Enterprise,No,Yes,No,10,Yes,No,No,REC-0876,HASH-0876
INT-0877,02-11-2021,Tuesday,44,November,2021,11,Brazil,AMER,Brazil Hub,APAC_EMAIL_SUPPORT_T3,Chat,Consumer,Outbound,Tier 1,Banking,AG-0877,Lee Chen,244,194,180,14,49,627,112860,66.42,15,11,11,71,10,84,92,Account Inquiry,Network Outage,Escalated,Yes,No,No,Yes,02-11-2021,QA-027,Ivan Marinov,95,88,87,97,97,98,Fail,Quality Standards Not Met,Professional dispute resolution approach,Negative,0.28,MEM-00877,2-3 years,Credit Card,No,No,Yes,10,Yes,Yes,Yes,REC-0877,HASH-0877
INT-0878,11-07-2022,Monday,28,July,2022,8,Hong Kong,APAC,Hong Kong Hub,OUTBOUND_SALES_T2,Chat,Enterprise,Support,Tier 1,Healthcare,AG-0878,Jessica Anderson,428,400,370,30,29,568,210160,67.53,16,12,12,77,9,73,60,Account Issue,Tracking Update,Bot-Resolved,No,Yes,Yes,No,,,,,,,,,,,,,Positive,0.76,MEM-00878,5+ years,Credit Card,No,Yes,Yes,9,Yes,No,No,REC-0878,HASH-0878
INT-0879,01-01-2021,Friday,53,January,2021,13,Poland,EMEA,Poland Hub,APAC_CORE_EMAIL_TIER2,Chat,Premium,Support,Tier 2,Healthcare,AG-0879,Chen Thomas,403,415,345,70,33,795,274275,10.36,20,5,3,73,2,82,61,Order Issue,System Access,Agent-Resolved,No,Yes,No,Yes,01-01-2021,QA-028,QA-Team,88,78,93,75,78,90,Fail,Quality Standards Not Met,Clear technical explanation provided,Positive,0.8,MEM-00879,4-5 years,Savings,No,Yes,Yes,,No,No,No,REC-0879,HASH-0879
INT-0880,17-03-2021,Wednesday,11,March,2021,16,South Korea,APAC,South Korea Hub,AMER_EMAIL_SUPPORT_T3,Voice,Enterprise,Customer Support,Tier 3,Banking,AG-0880,Emma Johnson,377,389,356,33,15,429,152724,42.56,33,12,13,71,10,74,67,Account Issue,Win-Back Offer,Agent-Resolved,No,Yes,No,No,,,,,,,,,,,,,Positive,0.94,MEM-00880,3-5 years,Checking,No,Yes,Yes,5,Yes,No,No,REC-0880,HASH-0880
INT-0881,28-04-2021,Wednesday,17,April,2021,3,Argentina,AMER,Argentina Hub,RETENTION_VOICE_T2,Voice,Premium,Retention,Tier 3,Healthcare,AG-0881,Carlos Chen,230,273,255,18,41,732,186660,58.78,37,19,18,66,18,88,71,Service Issue,Service Renewal,Escalated,Yes,No,No,Yes,28-04-2021,QA-009,Ivan Marinov,92,77,86,86,99,97,Fail,Quality Standards Not Met,Strong retention approach demonstrated,Positive,0.77,MEM-00881,6+ years,Insurance,No,Yes,Yes,10,Yes,No,No,REC-0881,HASH-0881
INT-0882,26-07-2021,Monday,30,July,2021,13,Germany,EMEA,Germany Hub,APAC_CORE_EMAIL_TIER2,Chat,Consumer,Customer Support,Tier 1,Retail,AG-0882,Ahmad Thomas,305,322,265,57,25,869,230285,44.23,20,18,20,88,17,78,94,Account Inquiry,Pricing Concern,Escalated,Yes,No,No,No,,,,,,,,,,,,,Neutral,0.54,MEM-00882,2-3 years,Checking,No,Yes,Yes,6,Yes,No,No,REC-0882,HASH-0882
INT-0883,08-10-2022,Saturday,40,October,2022,6,New Zealand,APAC,New Zealand Hub,AMER_CORE_EMAIL_TIER2,Chat,Enterprise,Support,Tier 1,E-commerce,AG-0883,David Jones,476,438,354,84,34,820,290280,6.88,33,14,16,66,15,84,87,Account Opening,Connectivity,Bot-Resolved,No,Yes,Yes,No,,,,,,,,,,,,,Positive,0.94,MEM-00883,5+ years,Savings,No,Yes,Yes,,No,No,No,REC-0883,HASH-0883
INT-0884,03-02-2022,Thursday,5,February,2022,11,Vietnam,APAC,Vietnam Hub,APAC_RETAIL_VOICE_T2,Voice,Enterprise,Customer Support,Tier 1,Retail,AG-0884,Carlos Jackson,228,212,177,35,2,128,22656,79.96,18,12,14,87,12,92,94,Loan Inquiry,Plan Selection,Bot-Resolved,No,Yes,Yes,No,,,,,,,,,,,,,Neutral,0.41,MEM-00884,4-5 years,Credit Card,No,Yes,Yes,10,Yes,Yes,Yes,REC-0884,HASH-0884
INT-0885,19-05-2021,Wednesday,20,May,2021,10,Poland,EMEA,Poland Hub,TECH_SUPPORT_EMAIL_T3,Email,Enterprise,Support,Tier 3,Banking,AG-0885,Robert Nurhaliza,411,374,332,42,4,640,212480,9.31,20,9,10,74,10,87,71,New Product,Return Request,Bot-Resolved,No,Yes,Yes,Yes,19-05-2021,QA-023,Emma Thompson,83,95,98,81,77,85,Fail,Quality Standards Not Met,Clear explanation of enrollment process,Neutral,0.5,MEM-00885,2-3 years,Retail,No,Yes,Yes,,No,No,No,REC-0885,HASH-0885
INT-0886,24-09-2022,Saturday,38,September,2022,5,Luxembourg,EMEA,Luxembourg Hub,AMER_RETAIL_VOICE_T2,Chat,Premium,Outbound,Tier 2,Healthcare,AG-0886,Williams Johnson,395,372,300,72,9,689,206700,11.3,31,10,12,69,10,81,89,Account Inquiry,Portfolio Review,Bot-Resolved,No,Yes,Yes,Yes,24-09-2022,QA-017,QA-Team,79,89,94,92,84,75,Fail,Quality Standards Not Met,Accurate and prompt service delivery,Neutral,0.59,MEM-00886,5+ years,Mortgage,No,Yes,Yes,5,Yes,No,No,REC-0886,HASH-0886
INT-0887,10-02-2021,Wednesday,6,February,2021,0,Sweden,EMEA,Sweden Hub,APAC_CORE_EMAIL_TIER2,Email,Consumer,Tech Support,Tier 3,Telecom,AG-0887,Jessica Hassan,371,401,373,28,20,432,161136,109.32,40,12,11,77,9,82,95,Order Issue,Tracking Update,Bot-Resolved,No,Yes,Yes,Yes,10-02-2021,QA-024,Thabo Mthembu,90,93,75,76,96,94,Pass,,Proper escalation procedure followed,Positive,0.83,MEM-00887,5+ years,Insurance,Yes,Yes,Yes,9,Yes,Yes,Yes,REC-0887,HASH-0887
INT-0888,20-02-2022,Sunday,7,February,2022,20,South Korea,APAC,South Korea Hub,AMER_EMAIL_SUPPORT_T3,Email,Premium,Inbound,Tier 1,Healthcare,AG-0888,Rachel Nurhaliza,328,285,268,17,44,247,66196,83.4,31,11,11,92,9,70,84,Product Query,Pricing Concern,Agent-Resolved,No,Yes,No,No,,,,,,,,,,,,,Positive,0.81,MEM-00888,6+ years,Insurance,Yes,No,No,,No,No,Yes,REC-0888,HASH-0888
INT-0889,28-02-2022,Monday,9,February,2022,14,Bulgaria,EMEA,Bulgaria Hub,EMEA_CHAT_SUPPORT_T1,Voice,Consumer,Retention,Tier 2,Banking,AG-0889,Jennifer Nurhaliza,390,374,364,10,18,743,270452,30.07,32,11,10,84,8,76,85,Technical Issue,Preference Update,Escalated,Yes,No,No,No,,,,,,,,,,,,,Positive,0.95,MEM-00889,5+ years,Insurance,No,Yes,Yes,,No,No,No,REC-0889,HASH-0889
INT-0890,22-02-2021,Monday,8,February,2021,5,Germany,EMEA,Germany Hub,APAC_RETAIL_VOICE_T2,Voice,Premium,Tech Support,Tier 3,Telecom,AG-0890,Williams Nurhaliza,473,445,428,17,17,867,371076,49.42,15,8,7,91,6,75,65,Account Inquiry,Balance Inquiry,Escalated,Yes,No,No,Yes,22-02-2021,QA-038,Park Sun-hee,96,90,96,75,83,97,Pass,,Agent provided comprehensive information,Neutral,0.59,MEM-00890,5+ years,Mortgage,Yes,Yes,Yes,6,Yes,No,No,REC-0890,HASH-0890
INT-0891,10-08-2021,Tuesday,32,August,2021,10,Indonesia,APAC,Indonesia Hub,APAC_CORE_EMAIL_TIER2,Voice,Consumer,Customer Support,Tier 2,Healthcare,AG-0891,Sarah Nyambura,474,447,396,51,14,121,47916,94.4,25,12,14,81,13,76,88,Billing Issue,Network Quality,Agent-Resolved,No,Yes,No,Yes,10-08-2021,QA-033,Emma Thompson,78,78,96,94,98,83,Pass,,Addressed customer concerns appropriately,Neutral,0.42,MEM-00891,6+ months,Savings,Yes,Yes,Yes,6,Yes,No,No,REC-0891,HASH-0891
INT-0892,03-02-2021,Wednesday,5,February,2021,5,Paraguay,AMER,Paraguay Hub,APAC_CORE_EMAIL_TIER2,Chat,Enterprise,Support,Tier 1,Healthcare,AG-0892,Maria Laurent,211,233,220,13,34,471,103620,71.38,36,20,21,69,20,82,65,Account Opening,Statement Request,Bot-Resolved,Yes,No,Yes,No,,,,,,,,,,,,,Positive,0.92,MEM-00892,6+ months,Enterprise,No,Yes,Yes,,No,No,No,REC-0892,HASH-0892
INT-0893,13-03-2021,Saturday,10,March,2021,0,Mexico,AMER,Mexico Hub,CUSTOMER_SUPPORT_CHAT_T1,Email,Premium,Support,Tier 1,Banking,AG-0893,Kim Ahmed,277,274,244,30,21,813,198372,109.92,17,1,1,65,1,79,94,Account Issue,Inventory Problem,Bot-Resolved,No,No,Yes,No,,,,,,,,,,,,,Positive,0.84,MEM-00893,6+ months,Business,No,Yes,No,6,Yes,No,No,REC-0893,HASH-0893
INT-0894,04-09-2022,Sunday,35,September,2022,18,North Korea,APAC,North Korea Hub,TECH_SUPPORT_EMAIL_T3,Email,Premium,Support,Tier 2,Retail,AG-0894,Sophie Thomas,456,464,432,32,5,632,273024,41.73,26,13,15,82,13,72,62,Account Issue,Connectivity,Bot-Resolved,No,Yes,Yes,Yes,04-09-2022,QA-042,Samuel Kipchoge,79,89,97,92,75,95,Fail,Quality Standards Not Met,Addressed customer concerns appropriately,Positive,0.87,MEM-00894,3-5 years,Savings,No,Yes,Yes,7,Yes,No,No,REC-0894,HASH-0894
INT-0895,31-08-2022,Wednesday,35,August,2022,1,Finland,EMEA,Finland Hub,EMEA_CORE_EMAIL_T2,Voice,Premium,Retention,Tier 2,E-commerce,AG-0895,David Moore,250,235,220,15,6,378,83160,38.99,37,1,1,73,1,88,85,Sales Call,Stock Availability,Escalated,Yes,No,No,No,,,,,,,,,,,,,Positive,0.78,MEM-00895,4-5 years,Enterprise,No,Yes,No,5,Yes,Yes,Yes,REC-0895,HASH-0895
INT-0896,21-06-2022,Tuesday,25,June,2022,3,Pakistan,APAC,Pakistan Hub,APAC_CORE_EMAIL_TIER2,Voice,Consumer,Tech Support,Tier 1,Telecom,AG-0896,Robert Anderson,383,339,290,49,19,606,175740,59.18,37,11,11,73,10,91,93,Product Query,Promotion Details,Escalated,Yes,No,No,No,,,,,,,,,,,,,Positive,0.82,MEM-00896,5+ years,Retail,No,Yes,Yes,9,Yes,Yes,Yes,REC-0896,HASH-0896
INT-0897,05-08-2022,Friday,31,August,2022,15,North Korea,APAC,North Korea Hub,RETENTION_VOICE_T2,Email,Enterprise,Inbound,Tier 3,Healthcare,AG-0897,Emma Hassan,371,376,339,37,32,254,86106,75.86,30,9,11,65,8,77,68,Order Issue,Upgrade Offer,Agent-Resolved,No,Yes,No,No,,,,,,,,,,,,,Negative,0.36,MEM-00897,1-2 years,Mortgage,No,Yes,Yes,10,Yes,No,Yes,REC-0897,HASH-0897
INT-0898,07-10-2021,Thursday,40,October,2021,9,Slovakia,EMEA,Slovakia Hub,OUTBOUND_SALES_T2,Voice,Consumer,Support,Tier 2,Retail,AG-0898,Williams Petrova,87,49,48,1,30,351,16848,6.13,25,6,8,83,5,85,71,Service Issue,Fund Options,Agent-Resolved,No,Yes,No,No,,,,,,,,,,,,,Positive,0.84,MEM-00898,3-5 years,Credit Card,No,No,No,9,Yes,No,No,REC-0898,HASH-0898
INT-0899,25-10-2022,Tuesday,43,October,2022,9,Spain,EMEA,Spain Hub,AMER_EMAIL_SUPPORT_T3,Voice,Premium,Support,Tier 1,Healthcare,AG-0899,Thomas Dupont,480,458,431,27,1,547,235757,49.18,28,12,14,76,11,73,90,Investment Inquiry,App Crash,Escalated,Yes,No,No,No,,,,,,,,,,,,,Negative,0.2,MEM-00899,2-3 years,Business,No,Yes,No,9,Yes,No,No,REC-0899,HASH-0899
INT-0900,05-04-2022,Tuesday,14,April,2022,4,Luxembourg,EMEA,Luxembourg Hub,INBOUND_VOICE_TIER1,Voice,Premium,Outbound,Tier 1,Retail,AG-0900,Chen Jones,415,386,318,68,49,810,257580,10.83,26,1,3,79,2,81,73,Complaint,Browser Compatibility,Escalated,Yes,No,No,Yes,05-04-2022,QA-008,Emma Thompson,77,90,93,79,80,91,Fail,Quality Standards Not Met,Professional troubleshooting approach,Positive,0.84,MEM-00900,2-3 years,Enterprise,No,Yes,Yes,7,Yes,No,No,REC-0900,HASH-0900
INT-0901,23-11-2021,Tuesday,47,November,2021,21,Colombia,AMER,Colombia Hub,AMER_RETAIL_VOICE_T2,Chat,Premium,Retention,Tier 1,Retail,AG-0901,Thomas Thi Linh,125,141,123,18,39,505,62115,18.12,18,5,3,80,2,73,93,Account Inquiry,Plan Selection,Bot-Resolved,No,No,Yes,No,,,,,,,,,,,,,Positive,0.88,MEM-00901,1-2 years,Healthcare,No,Yes,Yes,9,Yes,No,Yes,REC-0901,HASH-0901
INT-0902,16-08-2021,Monday,33,August,2021,6,Portugal,EMEA,Portugal Hub,EMEA_CORE_EMAIL_T2,Voice,Premium,Support,Tier 2,E-commerce,AG-0902,Rachel Chen,361,327,274,53,25,698,191252,100.02,34,4,6,82,4,86,81,Service Issue,Billing Discrepancy,Bot-Resolved,No,No,Yes,Yes,16-08-2021,QA-038,Priya Saksit,91,81,76,88,84,82,Pass,,Addressed customer concerns appropriately,Positive,0.78,MEM-00902,6+ years,Healthcare,Yes,No,Yes,8,Yes,No,No,REC-0902,HASH-0902
INT-0903,28-12-2022,Wednesday,52,December,2022,19,North Korea,APAC,North Korea Hub,TECH_SUPPORT_EMAIL_T3,Chat,Premium,Inbound,Tier 2,Banking,AG-0903,Carlos Davis,139,105,103,2,7,737,75911,12.31,35,11,11,72,8,78,63,Billing Issue,Portfolio Review,Bot-Resolved,No,Yes,Yes,No,,,,,,,,,,,,,Positive,0.96,MEM-00903,1-2 years,Enterprise,No,Yes,Yes,9,Yes,No,No,REC-0903,HASH-0903
INT-0904,23-09-2021,Thursday,38,September,2021,10,Slovakia,EMEA,Slovakia Hub,OUTBOUND_SALES_T2,Voice,Premium,Outbound,Tier 2,Retail,AG-0904,James Johnson,216,183,152,31,40,886,134672,81.77,35,17,15,94,12,88,81,Billing Issue,Delivery Confirmation,Escalated,Yes,No,No,No,,,,,,,,,,,,,Positive,0.97,MEM-00904,4-5 years,Mortgage,Yes,Yes,Yes,8,Yes,Yes,Yes,REC-0904,HASH-0904
INT-0905,09-06-2021,Wednesday,23,June,2021,12,Israel,EMEA,Israel Hub,OUTBOUND_SALES_T2,Chat,Premium,Support,Tier 2,Retail,AG-0905,Robert Davis,389,370,311,59,34,728,226408,94.5,24,1,2,91,2,79,65,Account Opening,Contract Renewal,Escalated,Yes,No,No,No,,,,,,,,,,,,,Positive,0.79,MEM-00905,6+ months,Business,No,Yes,Yes,7,Yes,No,No,REC-0905,HASH-0905
INT-0906,16-05-2021,Sunday,19,May,2021,4,Bulgaria,EMEA,Bulgaria Hub,AMER_CORE_EMAIL_TIER2,Chat,Premium,Inbound,Tier 2,Banking,AG-0906,Rashid Miller,171,145,122,23,5,900,109800,17.8,40,12,11,73,9,93,83,Billing Issue,Service Improvement,Bot-Resolved,No,Yes,Yes,Yes,16-05-2021,QA-006,Park Sun-hee,90,75,90,99,99,94,Pass,,Professional troubleshooting approach,Neutral,0.57,MEM-00906,2-3 years,Healthcare,No,No,Yes,9,Yes,No,No,REC-0906,HASH-0906
INT-0907,03-03-2022,Thursday,9,March,2022,13,Pakistan,APAC,Pakistan Hub,AMER_RETAIL_VOICE_T2,Chat,Enterprise,Customer Support,Tier 3,Telecom,AG-0907,Grace Nyambura,65,56,45,11,49,552,24840,80.61,15,14,12,62,11,87,95,Loan Inquiry,Inventory Problem,Bot-Resolved,No,Yes,Yes,No,,,,,,,,,,,,,Negative,0.38,MEM-00907,1-2 years,Checking,No,Yes,Yes,,No,No,No,REC-0907,HASH-0907
INT-0908,28-09-2021,Tuesday,39,September,2021,3,Canada,AMER,Canada Hub,APAC_RETAIL_VOICE_T2,Voice,Consumer,Inbound,Tier 2,Telecom,AG-0908,Grace Wilson,75,122,109,13,24,449,48941,28.07,32,1,1,75,1,89,72,Technical Issue,Login Problem,Escalated,Yes,No,No,Yes,28-09-2021,QA-013,Emma Thompson,82,93,78,86,96,79,Fail,Quality Standards Not Met,Excellent customer service delivery,Neutral,0.54,MEM-00908,6+ years,Insurance,Yes,Yes,Yes,10,Yes,No,No,REC-0908,HASH-0908
INT-0909,15-03-2021,Monday,11,March,2021,6,Vietnam,APAC,Vietnam Hub,AMER_EMAIL_SUPPORT_T3,Voice,Premium,Tech Support,Tier 3,Telecom,AG-0909,Carlos Thomas,321,299,245,54,25,874,214130,18.95,29,17,19,74,18,70,74,Loan Inquiry,App Crash,Agent-Resolved,No,Yes,No,Yes,15-03-2021,QA-021,Thabo Mthembu,94,81,80,77,81,75,Fail,Quality Standards Not Met,Good greeting protocol observed,Positive,0.96,MEM-00909,4-5 years,Mortgage,No,Yes,Yes,10,Yes,No,Yes,REC-0909,HASH-0909
INT-0910,18-11-2021,Thursday,46,November,2021,7,Indonesia,APAC,Indonesia Hub,AMER_RETAIL_VOICE_T2,Email,Consumer,Support,Tier 2,E-commerce,AG-0910,Michael Anderson,304,281,228,53,29,426,97128,78.19,33,9,8,73,8,78,92,Technical Issue,Information Request,Bot-Resolved,No,No,Yes,Yes,18-11-2021,QA-040,Michael Chen,75,96,84,92,99,92,Pass,,Confirmed delivery details accurately,Neutral,0.5,MEM-00910,5+ years,Checking,Yes,Yes,No,,No,No,No,REC-0910,HASH-0910
INT-0911,30-12-2022,Friday,52,December,2022,13,Sweden,EMEA,Sweden Hub,AMER_CORE_EMAIL_TIER2,Voice,Consumer,Outbound,Tier 1,Retail,AG-0911,Tran Chen,272,315,263,52,48,197,51811,1.78,40,7,7,72,6,72,73,Account Inquiry,New Account,Bot-Resolved,No,Yes,Yes,No,,,,,,,,,,,,,Positive,0.87,MEM-00911,3-5 years,Enterprise,No,Yes,Yes,,No,No,Yes,REC-0911,HASH-0911
INT-0912,27-09-2021,Monday,39,September,2021,8,Vietnam,APAC,Vietnam Hub,AMER_CORE_EMAIL_TIER2,Email,Premium,Retention,Tier 3,Banking,AG-0912,Sophie Jones,58,99,87,12,26,393,34191,85.35,21,5,5,89,4,76,75,Loan Inquiry,App Crash,Agent-Resolved,No,Yes,No,Yes,27-09-2021,QA-048,Samuel Kipchoge,93,79,98,78,99,78,Pass,,Appropriate escalation criteria applied,Positive,0.97,MEM-00912,4-5 years,Healthcare,No,Yes,Yes,10,Yes,No,No,REC-0912,HASH-0912
INT-0913,20-06-2022,Monday,25,June,2022,1,Germany,EMEA,Germany Hub,APAC_EMAIL_SUPPORT_T3,Email,Premium,Retention,Tier 3,Retail,AG-0913,Michael Brown,395,434,382,52,12,231,88242,78.02,25,20,18,62,17,70,62,Account Opening,Fund Options,Bot-Resolved,No,No,Yes,No,,,,,,,,,,,,,Positive,0.96,MEM-00913,6+ months,Checking,No,Yes,Yes,,No,No,No,REC-0913,HASH-0913
INT-0914,28-01-2022,Friday,4,January,2022,19,Turkey,EMEA,Turkey Hub,APAC_EMAIL_SUPPORT_T3,Chat,Premium,Tech Support,Tier 2,Healthcare,AG-0914,David Garcia,310,299,264,35,19,129,34056,69.83,15,14,16,81,16,89,64,Service Issue,Statement Request,Agent-Resolved,No,Yes,No,No,,,,,,,,,,,,,Neutral,0.53,MEM-00914,2-3 years,Mortgage,Yes,Yes,Yes,8,Yes,No,No,REC-0914,HASH-0914
INT-0915,08-12-2021,Wednesday,49,December,2021,17,Greece,EMEA,Greece Hub,AMER_EMAIL_SUPPORT_T3,Email,Consumer,Inbound,Tier 1,Healthcare,AG-0915,Sarah Brown,217,218,212,6,30,604,128048,43.96,34,9,7,87,5,74,75,Account Inquiry,Delivery Delay,Escalated,Yes,No,No,Yes,08-12-2021,QA-036,Samuel Kipchoge,85,79,82,80,83,94,Fail,Quality Standards Not Met,Professional troubleshooting approach,Positive,0.85,MEM-00915,2-3 years,Insurance,No,Yes,Yes,9,Yes,No,Yes,REC-0915,HASH-0915
INT-0916,23-12-2021,Thursday,51,December,2021,16,Germany,EMEA,Germany Hub,APAC_RETAIL_VOICE_T2,Chat,Consumer,Support,Tier 3,Retail,AG-0916,Carlos Anderson,410,436,378,58,12,877,331506,36.41,32,10,11,65,9,87,80,Complaint,Insurance Product,Escalated,Yes,No,No,No,,,,,,,,,,,,,Positive,0.93,MEM-00916,5+ years,Insurance,No,Yes,No,,No,Yes,Yes,REC-0916,HASH-0916
INT-0917,26-11-2021,Friday,47,November,2021,13,Indonesia,APAC,Indonesia Hub,TECH_SUPPORT_EMAIL_T3,Voice,Enterprise,Retention,Tier 1,E-commerce,AG-0917,Hassan White,402,400,379,21,17,432,163728,78.26,23,10,10,74,9,91,91,Technical Issue,Win-Back Offer,Escalated,Yes,No,No,Yes,26-11-2021,QA-023,Emma Thompson,86,84,98,96,84,84,Pass,,Agent provided comprehensive information,Positive,0.84,MEM-00917,6+ years,Savings,No,Yes,No,,No,No,No,REC-0917,HASH-0917
INT-0918,30-01-2022,Sunday,4,January,2022,3,Israel,EMEA,Israel Hub,CUSTOMER_SUPPORT_CHAT_T1,Voice,Enterprise,Customer Support,Tier 1,Healthcare,AG-0918,Sarah Moore,425,464,411,53,26,217,89187,18.04,37,18,18,86,17,90,90,Technical Issue,Return Request,Agent-Resolved,No,Yes,No,No,,,,,,,,,,,,,Positive,0.91,MEM-00918,1-2 years,Enterprise,No,Yes,Yes,5,Yes,No,No,REC-0918,HASH-0918
INT-0919,21-02-2021,Sunday,7,February,2021,17,Malaysia,APAC,Malaysia Hub,RETENTION_VOICE_T2,Email,Premium,Support,Tier 2,Healthcare,AG-0919,Lisa Taylor,448,486,433,53,1,331,143323,55.55,16,19,18,66,16,81,91,Technical Issue,Statement Inquiry,Bot-Resolved,No,No,Yes,Yes,21-02-2021,QA-037,Park Sun-hee,96,87,89,98,93,84,Fail,Quality Standards Not Met,Proper escalation procedure followed,Neutral,0.41,MEM-00919,3-5 years,Insurance,No,Yes,Yes,10,Yes,No,No,REC-0919,HASH-0919
INT-0920,02-12-2021,Thursday,48,December,2021,10,North Korea,APAC,North Korea Hub,AMER_RETAIL_VOICE_T2,Email,Enterprise,Tech Support,Tier 1,Retail,AG-0920,Sophie Martin,341,388,314,74,15,350,109900,104.26,33,20,21,90,21,73,68,Order Issue,Return Request,Escalated,Yes,No,No,Yes,02-12-2021,QA-048,QA-Team,93,77,77,81,82,86,Fail,Quality Standards Not Met,Appropriate escalation criteria applied,Neutral,0.54,MEM-00920,6+ years,Enterprise,No,Yes,No,7,Yes,No,No,REC-0920,HASH-0920
INT-0921,13-02-2021,Saturday,6,February,2021,21,New Zealand,APAC,New Zealand Hub,APAC_EMAIL_SUPPORT_T3,Email,Enterprise,Customer Support,Tier 2,Telecom,AG-0921,Grace Davis,174,135,114,21,31,589,67146,35.76,38,18,17,70,14,72,84,Billing Issue,Insurance Product,Escalated,Yes,No,No,No,,,,,,,,,,,,,Positive,0.79,MEM-00921,2-3 years,Enterprise,Yes,Yes,Yes,,No,No,No,REC-0921,HASH-0921
INT-0922,03-09-2021,Friday,35,September,2021,11,South Africa,EMEA,South Africa Hub,AMER_RETAIL_VOICE_T2,Voice,Premium,Customer Support,Tier 3,Banking,AG-0922,Lisa Nurhaliza,278,287,243,44,45,708,172044,23.11,36,12,12,91,9,81,60,Retention Call,App Crash,Agent-Resolved,No,Yes,No,Yes,03-09-2021,QA-025,Michael Chen,99,77,87,91,95,94,Fail,Quality Standards Not Met,Strong retention approach demonstrated,Positive,0.95,MEM-00922,1-2 years,Retail,Yes,No,Yes,7,Yes,Yes,Yes,REC-0922,HASH-0922
INT-0923,13-06-2021,Sunday,23,June,2021,4,Canada,AMER,Canada Hub,CUSTOMER_SUPPORT_CHAT_T1,Voice,Enterprise,Outbound,Tier 3,Retail,AG-0923,Siti Miller,156,180,153,27,6,885,135405,27.16,15,6,4,65,4,85,95,Order Issue,Enrollment Question,Bot-Resolved,No,Yes,Yes,Yes,13-06-2021,QA-012,Emma Thompson,93,89,94,98,96,89,Fail,Quality Standards Not Met,Professional troubleshooting approach,Neutral,0.6,MEM-00923,6+ months,Insurance,Yes,Yes,Yes,6,Yes,No,No,REC-0923,HASH-0923
INT-0924,10-12-2021,Friday,49,December,2021,12,Sweden,EMEA,Sweden Hub,TECH_SUPPORT_EMAIL_T3,Email,Premium,Outbound,Tier 2,Healthcare,AG-0924,Williams Wilson,153,181,166,15,17,733,121678,51.24,34,19,19,86,19,78,80,Account Opening,Service Improvement,Escalated,Yes,No,No,No,,,,,,,,,,,,,Negative,0.18,MEM-00924,6+ years,Investment,Yes,No,Yes,8,Yes,No,Yes,REC-0924,HASH-0924
INT-0925,19-02-2021,Friday,7,February,2021,5,United States,AMER,United States Hub,INBOUND_VOICE_TIER1,Voice,Premium,Outbound,Tier 2,Telecom,AG-0925,John Moore,303,333,304,29,45,357,108528,70.72,37,12,13,62,10,86,73,Investment Inquiry,Promotion Details,Escalated,Yes,No,No,No,,,,,,,,,,,,,Positive,0.91,MEM-00925,2-3 years,Investment,No,Yes,Yes,8,Yes,No,No,REC-0925,HASH-0925
INT-0926,03-12-2021,Friday,48,December,2021,23,Israel,EMEA,Israel Hub,TECH_SUPPORT_EMAIL_T3,Voice,Enterprise,Retention,Tier 3,Banking,AG-0926,Thomas Miller,425,379,356,23,39,261,92916,114.57,34,5,3,78,3,93,75,Investment Inquiry,Statement Request,Bot-Resolved,No,No,Yes,No,,,,,,,,,,,,,Negative,0.32,MEM-00926,3-5 years,Savings,No,Yes,Yes,,No,No,No,REC-0926,HASH-0926
INT-0927,24-08-2022,Wednesday,34,August,2022,21,Spain,EMEA,Spain Hub,APAC_EMAIL_SUPPORT_T3,Voice,Enterprise,Retention,Tier 2,Healthcare,AG-0927,John Taylor,115,112,108,4,5,706,76248,29.44,34,17,19,63,17,80,80,Account Opening,Statement Request,Escalated,Yes,No,No,No,,,,,,,,,,,,,Negative,0.14,MEM-00927,1-2 years,Enterprise,No,Yes,No,9,Yes,Yes,Yes,REC-0927,HASH-0927
INT-0928,11-07-2021,Sunday,27,July,2021,11,Iceland,EMEA,Iceland Hub,OUTBOUND_SALES_T2,Email,Enterprise,Outbound,Tier 3,E-commerce,AG-0928,James Johnson,331,283,246,37,46,484,119064,18.08,29,4,3,72,2,74,78,Account Inquiry,Billing Query,Agent-Resolved,No,Yes,No,No,,,,,,,,,,,,,Positive,0.98,MEM-00928,6+ years,Investment,No,Yes,Yes,,No,No,No,REC-0928,HASH-0928
INT-0929,26-06-2022,Sunday,25,June,2022,0,Bulgaria,EMEA,Bulgaria Hub,APAC_RETAIL_VOICE_T2,Voice,Enterprise,Outbound,Tier 1,E-commerce,AG-0929,Bat-Erdene Davis,330,317,280,37,0,214,59920,64.02,30,9,11,66,9,74,67,Account Inquiry,Balance Inquiry,Bot-Resolved,No,Yes,Yes,Yes,26-06-2022,QA-029,Ivan Marinov,79,77,95,96,90,81,Pass,,Addressed customer concerns appropriately,Positive,0.81,MEM-00929,3-5 years,Business,No,Yes,Yes,9,Yes,No,Yes,REC-0929,HASH-0929
INT-0930,01-02-2022,Tuesday,5,February,2022,17,Italy,EMEA,Italy Hub,APAC_EMAIL_SUPPORT_T3,Voice,Consumer,Tech Support,Tier 1,E-commerce,AG-0930,James Santoso,216,205,176,29,48,368,64768,65.94,20,19,20,62,20,72,64,Product Query,Delivery Confirmation,Bot-Resolved,Yes,Yes,Yes,Yes,01-02-2022,QA-042,Thabo Mthembu,82,86,88,76,83,78,Fail,Quality Standards Not Met,Agent provided comprehensive information,Positive,0.84,MEM-00930,6+ months,Mortgage,No,Yes,Yes,,No,Yes,Yes,REC-0930,HASH-0930
INT-0931,02-09-2022,Friday,35,September,2022,15,Israel,EMEA,Israel Hub,APAC_RETAIL_VOICE_T2,Email,Enterprise,Support,Tier 2,Telecom,AG-0931,Maria White,159,158,132,26,14,798,105336,1.3,39,9,8,80,8,70,63,Account Issue,Preference Update,Agent-Resolved,No,Yes,No,No,,,,,,,,,,,,,Neutral,0.48,MEM-00931,6+ months,Savings,Yes,Yes,Yes,7,Yes,No,No,REC-0931,HASH-0931
INT-0932,02-02-2021,Tuesday,5,February,2021,15,Czech Republic,EMEA,Czech Republic Hub,OUTBOUND_SALES_T2,Email,Premium,Inbound,Tier 1,E-commerce,AG-0932,Thomas Moore,219,188,159,29,7,127,20193,34.29,37,6,4,72,4,82,72,Order Issue,Information Request,Escalated,Yes,No,No,No,,,,,,,,,,,,,Negative,0.27,MEM-00932,1-2 years,Healthcare,No,Yes,Yes,9,Yes,No,No,REC-0932,HASH-0932
INT-0933,05-04-2022,Tuesday,14,April,2022,19,Portugal,EMEA,Portugal Hub,EMEA_CHAT_SUPPORT_T1,Voice,Enterprise,Tech Support,Tier 2,Banking,AG-0933,Robert Rodriguez,122,127,110,17,47,605,66550,53.32,39,8,9,62,8,84,60,Retention Call,Fund Options,Agent-Resolved,No,Yes,No,Yes,05-04-2022,QA-039,Ivan Marinov,76,84,96,86,77,77,Pass,,Clear technical explanation provided,Neutral,0.43,MEM-00933,5+ years,Retail,Yes,No,No,,No,No,No,REC-0933,HASH-0933
INT-0934,07-02-2021,Sunday,5,February,2021,14,Vietnam,APAC,Vietnam Hub,INBOUND_VOICE_TIER1,Email,Enterprise,Customer Support,Tier 2,Banking,AG-0934,Daniel Garcia,460,478,422,56,9,178,75116,23.34,22,15,15,82,12,89,66,Account Inquiry,Software Bug,Bot-Resolved,No,Yes,Yes,No,,,,,,,,,,,,,Positive,0.89,MEM-00934,1-2 years,Credit Card,No,Yes,Yes,,No,No,No,REC-0934,HASH-0934
INT-0935,08-06-2022,Wednesday,23,June,2022,16,United States,AMER,United States Hub,AMER_CORE_EMAIL_TIER2,Voice,Premium,Customer Support,Tier 2,Retail,AG-0935,Lee Hassan,499,527,446,81,0,639,284994,105.21,28,17,19,85,18,95,86,Account Opening,Product Quality,Agent-Resolved,No,Yes,No,Yes,08-06-2022,QA-021,Thabo Mthembu,80,79,84,77,88,81,Pass,,Appropriate escalation criteria applied,Positive,0.79,MEM-00935,5+ years,Insurance,Yes,No,Yes,,No,No,No,REC-0935,HASH-0935
INT-0936,18-05-2021,Tuesday,20,May,2021,15,Vietnam,APAC,Vietnam Hub,INBOUND_VOICE_TIER1,Voice,Enterprise,Support,Tier 1,E-commerce,AG-0936,Jessica White,450,463,413,50,48,156,64428,58.52,23,8,9,75,6,76,94,Account Issue,Delivery Confirmation,Agent-Resolved,Yes,Yes,No,No,,,,,,,,,,,,,Positive,0.84,MEM-00936,6+ years,Investment,Yes,Yes,Yes,,No,No,No,REC-0936,HASH-0936
INT-0937,07-07-2022,Thursday,27,July,2022,23,Sweden,EMEA,Sweden Hub,OUTBOUND_SALES_T2,Voice,Consumer,Inbound,Tier 3,E-commerce,AG-0937,Hassan Thompson,494,517,457,60,8,654,298878,106.3,32,20,20,78,17,91,78,Order Issue,Language Support,Agent-Resolved,No,Yes,No,No,,,,,,,,,,,,,Positive,0.98,MEM-00937,5+ years,Business,Yes,Yes,No,,No,No,No,REC-0937,HASH-0937
INT-0938,30-07-2021,Friday,30,July,2021,10,Kenya,EMEA,Kenya Hub,APAC_EMAIL_SUPPORT_T3,Email,Premium,Inbound,Tier 1,E-commerce,AG-0938,Michael Thompson,215,216,173,43,31,297,51381,114.91,35,19,17,80,16,75,77,Order Issue,Software Bug,Escalated,Yes,No,No,Yes,30-07-2021,QA-035,Samuel Kipchoge,78,87,80,97,96,81,Pass,,Agent provided comprehensive information,Positive,0.83,MEM-00938,3-5 years,Savings,No,Yes,Yes,5,Yes,No,No,REC-0938,HASH-0938
INT-0939,03-03-2022,Thursday,9,March,2022,7,Slovakia,EMEA,Slovakia Hub,RETENTION_VOICE_T2,Voice,Premium,Inbound,Tier 2,Banking,AG-0939,Robert Hassan,97,100,87,13,22,257,22359,107.88,33,11,11,66,10,92,79,Billing Issue,Win-Back Offer,Bot-Resolved,Yes,No,Yes,Yes,03-03-2022,QA-025,Ivan Marinov,85,95,82,89,80,93,Pass,,Good greeting protocol observed,Positive,0.97,MEM-00939,2-3 years,Credit Card,No,Yes,No,6,Yes,No,No,REC-0939,HASH-0939
INT-0940,23-04-2022,Saturday,16,April,2022,22,Italy,EMEA,Italy Hub,EMEA_CHAT_SUPPORT_T1,Chat,Consumer,Tech Support,Tier 1,Healthcare,AG-0940,Rachel Miller,415,445,415,30,23,149,61835,47.25,33,1,3,94,1,73,68,Retention Call,Statement Request,Agent-Resolved,Yes,Yes,No,No,,,,,,,,,,,,,Positive,0.96,MEM-00940,4-5 years,Checking,No,No,No,,No,No,No,REC-0940,HASH-0940
INT-0941,04-08-2021,Wednesday,31,August,2021,14,Canada,AMER,Canada Hub,APAC_CORE_EMAIL_TIER2,Chat,Consumer,Inbound,Tier 1,Telecom,AG-0941,Siti Thanapong,244,249,225,24,36,227,51075,47.39,31,19,17,95,16,88,79,Sales Call,Win-Back Offer,Bot-Resolved,No,Yes,Yes,Yes,04-08-2021,QA-005,Samuel Kipchoge,84,84,75,85,80,77,Fail,Quality Standards Not Met,Proper escalation procedure followed,Positive,0.88,MEM-00941,1-2 years,Credit Card,Yes,Yes,Yes,7,Yes,No,No,REC-0941,HASH-0941
INT-0942,23-01-2021,Saturday,3,January,2021,15,Indonesia,APAC,Indonesia Hub,APAC_CORE_EMAIL_TIER2,Email,Consumer,Retention,Tier 2,E-commerce,AG-0942,Lee Miller,403,390,379,11,32,786,297894,9.61,18,16,15,72,13,93,77,Retention Call,Billing Discrepancy,Escalated,Yes,No,No,Yes,23-01-2021,QA-023,Emma Thompson,80,90,96,96,91,76,Fail,Quality Standards Not Met,Professional troubleshooting approach,Neutral,0.55,MEM-00942,4-5 years,Checking,No,Yes,Yes,8,Yes,Yes,Yes,REC-0942,HASH-0942
INT-0943,03-09-2022,Saturday,35,September,2022,8,Spain,EMEA,Spain Hub,EMEA_CHAT_SUPPORT_T1,Voice,Premium,Inbound,Tier 1,Healthcare,AG-0943,Carlos Santoso,462,477,461,16,35,225,103725,95.29,19,4,4,83,1,82,67,Product Query,Service Improvement,Escalated,Yes,No,No,No,,,,,,,,,,,,,Negative,0.33,MEM-00943,6+ years,Savings,Yes,Yes,Yes,,No,No,No,REC-0943,HASH-0943
INT-0944,12-08-2021,Thursday,32,August,2021,13,Argentina,AMER,Argentina Hub,AMER_RETAIL_VOICE_T2,Voice,Consumer,Support,Tier 1,Retail,AG-0944,Kim Moore,86,121,98,23,33,320,31360,32.88,15,14,15,86,13,72,73,Order Issue,Stock Availability,Bot-Resolved,No,No,Yes,No,,,,,,,,,,,,,Neutral,0.43,MEM-00944,1-2 years,Credit Card,Yes,No,Yes,8,Yes,No,No,REC-0944,HASH-0944
INT-0945,24-01-2022,Monday,4,January,2022,14,Spain,EMEA,Spain Hub,APAC_CORE_EMAIL_TIER2,Voice,Consumer,Retention,Tier 3,E-commerce,AG-0945,Chen Dupont,191,145,134,11,22,253,33902,32.76,24,5,3,70,3,88,74,Loan Inquiry,Product Quality,Bot-Resolved,No,Yes,Yes,No,,,,,,,,,,,,,Neutral,0.5,MEM-00945,5+ years,Enterprise,No,Yes,Yes,8,Yes,No,No,REC-0945,HASH-0945
INT-0946,26-03-2022,Saturday,12,March,2022,7,Sweden,EMEA,Sweden Hub,APAC_CORE_EMAIL_TIER2,Email,Consumer,Retention,Tier 2,Telecom,AG-0946,Grace Chen,473,449,421,28,0,376,158296,67.03,31,12,14,64,12,80,66,Sales Call,Statement Request,Agent-Resolved,No,Yes,No,No,,,,,,,,,,,,,Positive,0.94,MEM-00946,2-3 years,Retail,No,No,Yes,6,Yes,Yes,Yes,REC-0946,HASH-0946
INT-0947,20-10-2022,Thursday,42,October,2022,7,Hong Kong,APAC,Hong Kong Hub,APAC_CORE_EMAIL_TIER2,Chat,Consumer,Tech Support,Tier 3,E-commerce,AG-0947,Lee Jackson,93,61,55,6,8,709,38995,100.92,34,7,9,71,9,81,68,Investment Inquiry,Browser Compatibility,Agent-Resolved,No,Yes,No,Yes,20-10-2022,QA-012,Emma Thompson,75,90,77,77,77,98,Pass,,Strong retention approach demonstrated,Positive,0.91,MEM-00947,5+ years,Enterprise,No,Yes,No,,No,No,No,REC-0947,HASH-0947
INT-0948,24-03-2021,Wednesday,12,March,2021,21,Morocco,EMEA,Morocco Hub,RETENTION_VOICE_T2,Chat,Consumer,Support,Tier 1,Healthcare,AG-0948,Maria Thanapong,363,410,365,45,33,839,306235,32.34,22,1,3,64,2,83,80,Account Opening,Network Quality,Agent-Resolved,No,Yes,No,Yes,24-03-2021,QA-042,Emma Thompson,86,83,92,92,88,81,Pass,,Proper documentation procedures followed,Positive,0.99,MEM-00948,2-3 years,Retail,No,Yes,Yes,9,Yes,No,No,REC-0948,HASH-0948
INT-0949,16-05-2022,Monday,20,May,2022,13,Bulgaria,EMEA,Bulgaria Hub,EMEA_CORE_EMAIL_T2,Voice,Premium,Outbound,Tier 3,Retail,AG-0949,Kim Taylor,220,212,180,32,11,855,153900,68.25,38,6,5,83,3,80,80,Account Opening,Browser Compatibility,Agent-Resolved,No,Yes,No,No,,,,,,,,,,,,,Positive,0.93,MEM-00949,5+ years,Checking,No,Yes,Yes,5,Yes,No,No,REC-0949,HASH-0949
INT-0950,30-07-2022,Saturday,30,July,2022,13,Indonesia,APAC,Indonesia Hub,APAC_CORE_EMAIL_TIER2,Voice,Enterprise,Outbound,Tier 1,E-commerce,AG-0950,Emma Laurent,253,250,240,10,23,874,209760,58.02,17,16,17,89,16,93,86,Technical Issue,Product Quality,Agent-Resolved,Yes,Yes,No,Yes,30-07-2022,QA-039,Ivan Marinov,79,76,99,81,84,82,Pass,,Clear explanation of enrollment process,Positive,0.86,MEM-00950,4-5 years,Retail,Yes,Yes,Yes,,No,Yes,Yes,REC-0950,HASH-0950
INT-0951,08-05-2022,Sunday,18,May,2022,0,Sweden,EMEA,Sweden Hub,CUSTOMER_SUPPORT_CHAT_T1,Voice,Consumer,Support,Tier 3,Banking,AG-0951,Michael Nurhaliza,265,220,189,31,48,664,125496,17.01,36,11,9,65,9,82,93,Service Issue,Network Outage,Agent-Resolved,No,Yes,No,No,,,,,,,,,,,,,Negative,0.27,MEM-00951,6+ years,Investment,No,Yes,Yes,6,Yes,No,Yes,REC-0951,HASH-0951
INT-0952,29-11-2021,Monday,48,November,2021,14,Colombia,AMER,Colombia Hub,RETENTION_VOICE_T2,Voice,Enterprise,Customer Support,Tier 3,E-commerce,AG-0952,Hassan Thanapong,471,433,399,34,34,760,303240,86.54,40,12,13,77,11,77,94,Account Inquiry,Network Quality,Agent-Resolved,Yes,Yes,No,Yes,29-11-2021,QA-021,Park Sun-hee,89,83,90,99,92,90,Pass,,Confirmed delivery details accurately,Positive,0.77,MEM-00952,6+ months,Credit Card,No,Yes,Yes,9,Yes,No,No,REC-0952,HASH-0952
INT-0953,10-09-2022,Saturday,36,September,2022,7,Turkey,EMEA,Turkey Hub,OUTBOUND_SALES_T2,Email,Premium,Tech Support,Tier 3,Retail,AG-0953,Williams Martin,309,282,259,23,29,248,64232,106.02,16,14,15,72,14,76,65,Product Query,Insurance Product,Bot-Resolved,No,No,Yes,No,,,,,,,,,,,,,Neutral,0.55,MEM-00953,4-5 years,Insurance,No,Yes,Yes,9,Yes,No,No,REC-0953,HASH-0953
INT-0954,27-07-2022,Wednesday,30,July,2022,8,South Africa,EMEA,South Africa Hub,TECH_SUPPORT_EMAIL_T3,Chat,Premium,Tech Support,Tier 3,E-commerce,AG-0954,Naledi Rodriguez,330,322,309,13,39,128,39552,100.62,37,12,10,64,9,91,78,New Product,App Crash,Bot-Resolved,No,Yes,Yes,Yes,27-07-2022,QA-050,Thabo Mthembu,96,85,91,79,80,81,Fail,Quality Standards Not Met,Confirmed delivery details accurately,Positive,0.8,MEM-00954,6+ months,Healthcare,Yes,Yes,No,5,Yes,Yes,Yes,REC-0954,HASH-0954
INT-0955,24-04-2022,Sunday,16,April,2022,8,Finland,EMEA,Finland Hub,EMEA_CHAT_SUPPORT_T1,Chat,Enterprise,Outbound,Tier 1,E-commerce,AG-0955,Choe Nyambura,129,106,94,12,43,362,34028,1.57,29,5,5,85,5,86,60,Account Issue,App Crash,Agent-Resolved,Yes,Yes,No,No,,,,,,,,,,,,,Neutral,0.57,MEM-00955,6+ months,Insurance,No,Yes,Yes,5,Yes,No,No,REC-0955,HASH-0955
INT-0956,25-07-2022,Monday,30,July,2022,4,Luxembourg,EMEA,Luxembourg Hub,TECH_SUPPORT_EMAIL_T3,Voice,Premium,Tech Support,Tier 3,Telecom,AG-0956,Sarah Santoso,216,195,157,38,0,312,48984,68.43,30,7,5,75,5,87,80,Account Opening,Preference Update,Agent-Resolved,Yes,Yes,No,Yes,25-07-2022,QA-016,Priya Saksit,88,82,96,96,98,76,Pass,,Excellent customer service delivery,Positive,0.79,MEM-00956,6+ years,Business,Yes,Yes,Yes,6,Yes,No,Yes,REC-0956,HASH-0956
INT-0957,13-04-2021,Tuesday,15,April,2021,23,Mexico,AMER,Mexico Hub,INBOUND_VOICE_TIER1,Email,Consumer,Retention,Tier 1,Retail,AG-0957,James Dupont,270,306,267,39,19,674,179958,102.57,34,8,6,83,6,80,90,Service Issue,Churn Risk,Escalated,Yes,No,No,Yes,13-04-2021,QA-009,QA-Team,90,92,97,86,98,79,Pass,,Appropriate escalation criteria applied,Negative,0.18,MEM-00957,2-3 years,Savings,Yes,No,No,,No,No,No,REC-0957,HASH-0957
INT-0958,24-06-2021,Thursday,25,June,2021,12,Brazil,AMER,Brazil Hub,TECH_SUPPORT_EMAIL_T3,Email,Enterprise,Tech Support,Tier 1,Retail,AG-0958,Lee Anderson,388,431,353,78,18,430,151790,42.36,25,12,12,78,10,90,75,Retention Call,Cancellation Attempt,Agent-Resolved,No,Yes,No,No,,,,,,,,,,,,,Negative,0.33,MEM-00958,4-5 years,Healthcare,No,Yes,Yes,10,Yes,No,No,REC-0958,HASH-0958
INT-0959,06-06-2022,Monday,23,June,2022,6,Japan,APAC,Japan Hub,AMER_EMAIL_SUPPORT_T3,Chat,Enterprise,Support,Tier 2,E-commerce,AG-0959,Anna Thomas,74,103,97,6,40,140,13580,21.57,26,20,20,64,17,95,60,Sales Call,Product Defect,Escalated,Yes,No,No,No,,,,,,,,,,,,,Positive,0.82,MEM-00959,6+ years,Checking,No,Yes,Yes,9,Yes,Yes,Yes,REC-0959,HASH-0959
INT-0960,16-02-2021,Tuesday,7,February,2021,8,Paraguay,AMER,Paraguay Hub,AMER_EMAIL_SUPPORT_T3,Voice,Enterprise,Retention,Tier 3,Telecom,AG-0960,Sophie Rodriguez,378,427,393,34,44,326,128118,36.72,39,9,7,90,5,78,63,Investment Inquiry,New Account,Agent-Resolved,Yes,Yes,No,No,,,,,,,,,,,,,Positive,0.88,MEM-00960,3-5 years,Investment,No,No,Yes,7,Yes,No,Yes,REC-0960,HASH-0960
INT-0961,03-03-2021,Wednesday,9,March,2021,1,Morocco,EMEA,Morocco Hub,EMEA_CORE_EMAIL_T2,Voice,Enterprise,Inbound,Tier 2,Banking,AG-0961,Kenji Petrova,243,247,243,4,38,761,184923,23.66,19,15,17,92,15,71,95,New Product,Insurance Product,Agent-Resolved,No,Yes,No,Yes,03-03-2021,QA-002,Priya Saksit,77,95,96,86,93,99,Pass,,Handled quality concern professionally,Positive,0.88,MEM-00961,1-2 years,Business,No,Yes,Yes,9,Yes,Yes,Yes,REC-0961,HASH-0961
INT-0962,05-02-2021,Friday,5,February,2021,19,Indonesia,APAC,Indonesia Hub,APAC_RETAIL_VOICE_T2,Voice,Premium,Support,Tier 3,E-commerce,AG-0962,Emma Wei,193,213,195,18,40,419,81705,47.99,37,7,5,61,3,72,64,New Product,Statement Inquiry,Agent-Resolved,Yes,Yes,No,No,,,,,,,,,,,,,Positive,0.89,MEM-00962,6+ months,Retail,No,No,Yes,7,Yes,No,No,REC-0962,HASH-0962
INT-0963,07-06-2021,Monday,23,June,2021,9,Bulgaria,EMEA,Bulgaria Hub,AMER_RETAIL_VOICE_T2,Email,Consumer,Customer Support,Tier 3,Healthcare,AG-0963,Naledi Petrova,179,131,119,12,23,637,75803,74.74,37,2,1,73,1,79,60,Account Issue,Portfolio Review,Bot-Resolved,No,Yes,Yes,Yes,07-06-2021,QA-032,Emma Thompson,86,79,83,95,78,84,Fail,Quality Standards Not Met,Clear technical explanation provided,Positive,0.75,MEM-00963,1-2 years,Healthcare,No,Yes,Yes,,No,No,No,REC-0963,HASH-0963
INT-0964,14-06-2022,Tuesday,24,June,2022,6,Pakistan,APAC,Pakistan Hub,CUSTOMER_SUPPORT_CHAT_T1,Email,Consumer,Retention,Tier 2,Healthcare,AG-0964,Maria Petrova,149,112,98,14,47,258,25284,90.95,24,4,2,90,1,84,82,Complaint,Information Request,Agent-Resolved,No,Yes,No,Yes,14-06-2022,QA-007,QA-Team,80,94,81,93,78,98,Pass,,Handled quality concern professionally,Negative,0.3,MEM-00964,4-5 years,Business,No,Yes,Yes,7,Yes,No,No,REC-0964,HASH-0964
INT-0965,01-03-2022,Tuesday,9,March,2022,6,Canada,AMER,Canada Hub,AMER_RETAIL_VOICE_T2,Email,Premium,Outbound,Tier 3,Telecom,AG-0965,Grace Johnson,243,290,276,14,11,399,110124,93.93,22,20,19,65,17,86,94,New Product,Software Bug,Agent-Resolved,No,Yes,No,No,,,,,,,,,,,,,Positive,0.75,MEM-00965,5+ years,Healthcare,No,Yes,Yes,9,Yes,No,Yes,REC-0965,HASH-0965
INT-0966,08-11-2022,Tuesday,45,November,2022,17,Spain,EMEA,Spain Hub,INBOUND_VOICE_TIER1,Email,Enterprise,Outbound,Tier 2,Telecom,AG-0966,Williams Miller,453,434,388,46,28,860,333680,8.8,15,3,2,76,1,73,94,Order Issue,System Access,Escalated,Yes,No,No,No,,,,,,,,,,,,,Neutral,0.45,MEM-00966,4-5 years,Insurance,No,Yes,Yes,7,Yes,No,Yes,REC-0966,HASH-0966
INT-0967,24-10-2022,Monday,43,October,2022,18,Ukraine,EMEA,Ukraine Hub,EMEA_CORE_EMAIL_T2,Voice,Consumer,Outbound,Tier 1,Retail,AG-0967,Lee Petrova,234,229,194,35,27,791,153454,80.53,29,10,9,93,9,89,76,Account Issue,Information Request,Agent-Resolved,No,Yes,No,Yes,24-10-2022,QA-040,Ivan Marinov,92,89,80,91,92,80,Pass,,Strong retention approach demonstrated,Neutral,0.56,MEM-00967,4-5 years,Retail,No,Yes,Yes,8,Yes,No,No,REC-0967,HASH-0967
INT-0968,27-12-2022,Tuesday,52,December,2022,17,Italy,EMEA,Italy Hub,APAC_RETAIL_VOICE_T2,Chat,Consumer,Support,Tier 3,Healthcare,AG-0968,Choe Thi Linh,227,256,229,27,9,217,49693,50.52,40,12,10,81,7,83,86,New Product,Tracking Update,Bot-Resolved,No,Yes,Yes,No,,,,,,,,,,,,,Positive,0.97,MEM-00968,6+ months,Business,Yes,Yes,Yes,10,Yes,No,No,REC-0968,HASH-0968
INT-0969,31-08-2021,Tuesday,35,August,2021,5,Spain,EMEA,Spain Hub,CUSTOMER_SUPPORT_CHAT_T1,Voice,Consumer,Support,Tier 3,Healthcare,AG-0969,Tran Davis,478,436,405,31,38,208,84240,59.39,26,2,3,65,1,81,71,Account Opening,Stock Availability,Escalated,Yes,No,No,No,,,,,,,,,,,,,Negative,0.26,MEM-00969,1-2 years,Investment,No,Yes,Yes,7,Yes,No,No,REC-0969,HASH-0969
INT-0970,02-02-2021,Tuesday,5,February,2021,2,Slovakia,EMEA,Slovakia Hub,INBOUND_VOICE_TIER1,Voice,Enterprise,Tech Support,Tier 1,Retail,AG-0970,James White,281,268,217,51,50,195,42315,88.63,38,10,11,93,11,90,88,Investment Inquiry,Enrollment Question,Agent-Resolved,No,Yes,No,Yes,02-02-2021,QA-047,Michael Chen,91,78,93,83,96,80,Fail,Quality Standards Not Met,Handled quality concern professionally,Negative,0.18,MEM-00970,4-5 years,Retail,Yes,Yes,Yes,,No,No,No,REC-0970,HASH-0970
INT-0971,07-06-2021,Monday,23,June,2021,19,Portugal,EMEA,Portugal Hub,AMER_EMAIL_SUPPORT_T3,Voice,Consumer,Customer Support,Tier 1,Retail,AG-0971,Rashid Wei,406,383,324,59,42,513,166212,28.98,34,16,17,64,16,89,83,Technical Issue,Win-Back Offer,Escalated,Yes,No,No,No,,,,,,,,,,,,,Neutral,0.45,MEM-00971,6+ years,Savings,Yes,No,Yes,,No,No,No,REC-0971,HASH-0971
INT-0972,20-04-2021,Tuesday,16,April,2021,3,Malaysia,APAC,Malaysia Hub,RETENTION_VOICE_T2,Email,Consumer,Support,Tier 1,Telecom,AG-0972,Carlos Wei,320,297,277,20,12,897,248469,14.29,34,8,6,90,5,86,79,Sales Call,Language Support,Escalated,Yes,No,No,No,,,,,,,,,,,,,Positive,0.97,MEM-00972,6+ months,Mortgage,Yes,Yes,Yes,9,Yes,No,No,REC-0972,HASH-0972
INT-0973,30-05-2022,Monday,22,May,2022,10,Malaysia,APAC,Malaysia Hub,CUSTOMER_SUPPORT_CHAT_T1,Voice,Consumer,Retention,Tier 1,E-commerce,AG-0973,Maria Laurent,389,426,372,54,6,755,280860,110.42,15,1,1,88,1,88,71,Loan Inquiry,Charge Dispute,Bot-Resolved,No,No,Yes,No,,,,,,,,,,,,,Positive,0.78,MEM-00973,2-3 years,Enterprise,No,Yes,Yes,6,Yes,No,Yes,REC-0973,HASH-0973
INT-0974,21-07-2021,Wednesday,29,July,2021,17,Japan,APAC,Japan Hub,APAC_CORE_EMAIL_TIER2,Voice,Consumer,Retention,Tier 1,Healthcare,AG-0974,Chen Laurent,75,95,80,15,4,468,37440,59.41,27,10,11,72,11,81,67,New Product,Rate Inquiry,Bot-Resolved,Yes,No,Yes,No,,,,,,,,,,,,,Negative,0.33,MEM-00974,3-5 years,Enterprise,No,Yes,Yes,6,Yes,No,No,REC-0974,HASH-0974
INT-0975,23-01-2021,Saturday,3,January,2021,9,Israel,EMEA,Israel Hub,APAC_CORE_EMAIL_TIER2,Email,Consumer,Tech Support,Tier 2,Healthcare,AG-0975,Kenji Santoso,416,401,358,43,13,125,44750,61.28,21,18,16,90,16,84,62,Loan Inquiry,Pricing Concern,Escalated,Yes,No,No,Yes,23-01-2021,QA-038,Michael Chen,88,95,92,90,94,77,Pass,,Professional dispute resolution approach,Negative,0.14,MEM-00975,6+ months,Credit Card,No,Yes,Yes,6,Yes,No,No,REC-0975,HASH-0975
INT-0976,12-05-2021,Wednesday,19,May,2021,15,Indonesia,APAC,Indonesia Hub,EMEA_CORE_EMAIL_T2,Chat,Consumer,Tech Support,Tier 1,Banking,AG-0976,Carlos Martin,252,271,234,37,3,714,167076,67.88,34,14,12,92,12,84,78,Account Inquiry,Connectivity,Agent-Resolved,Yes,Yes,No,No,,,,,,,,,,,,,Negative,0.3,MEM-00976,4-5 years,Business,No,No,Yes,,No,No,No,REC-0976,HASH-0976
INT-0977,17-03-2021,Wednesday,11,March,2021,8,South Africa,EMEA,South Africa Hub,AMER_CORE_EMAIL_TIER2,Voice,Consumer,Inbound,Tier 3,Retail,AG-0977,Bat-Erdene Nurhaliza,358,323,288,35,43,294,84672,48.59,15,11,13,81,12,86,71,Order Issue,Balance Check,Escalated,Yes,No,No,No,,,,,,,,,,,,,Neutral,0.45,MEM-00977,1-2 years,Mortgage,No,Yes,No,10,Yes,No,No,REC-0977,HASH-0977
INT-0978,31-12-2022,Saturday,52,December,2022,13,Morocco,EMEA,Morocco Hub,AMER_RETAIL_VOICE_T2,Email,Premium,Inbound,Tier 3,Retail,AG-0978,Anna Thanapong,234,283,248,35,9,292,72416,90.34,16,12,12,63,11,93,73,Account Inquiry,Connectivity Problem,Agent-Resolved,No,Yes,No,Yes,31-12-2022,QA-008,Samuel Kipchoge,84,79,79,97,95,82,Pass,,Strong retention approach demonstrated,Positive,0.89,MEM-00978,6+ months,Retail,Yes,Yes,Yes,,No,No,No,REC-0978,HASH-0978
INT-0979,27-09-2021,Monday,39,September,2021,3,United States,AMER,United States Hub,TECH_SUPPORT_EMAIL_T3,Chat,Enterprise,Outbound,Tier 3,Retail,AG-0979,Thomas Min-jun,219,246,216,30,1,228,49248,5.36,21,18,18,93,17,92,89,Complaint,Balance Check,Bot-Resolved,No,Yes,Yes,Yes,27-09-2021,QA-049,QA-Team,79,75,91,94,98,98,Pass,,Excellent customer service delivery,Neutral,0.45,MEM-00979,4-5 years,Insurance,No,Yes,Yes,10,Yes,No,Yes,REC-0979,HASH-0979
INT-0980,17-12-2021,Friday,50,December,2021,17,South Korea,APAC,South Korea Hub,APAC_CORE_EMAIL_TIER2,Email,Consumer,Customer Support,Tier 2,E-commerce,AG-0980,Ahmad Laurent,96,67,54,13,8,281,15174,112.5,26,5,6,66,3,72,78,Investment Inquiry,Win-Back Offer,Agent-Resolved,No,Yes,No,Yes,17-12-2021,QA-015,Ivan Marinov,96,80,99,77,96,85,Fail,Quality Standards Not Met,Clear technical explanation provided,Positive,0.82,MEM-00980,6+ years,Retail,No,Yes,Yes,6,Yes,No,Yes,REC-0980,HASH-0980
INT-0981,03-03-2021,Wednesday,9,March,2021,6,Greece,EMEA,Greece Hub,AMER_RETAIL_VOICE_T2,Chat,Enterprise,Customer Support,Tier 1,Healthcare,AG-0981,David Chen,245,217,202,15,34,628,126856,40.78,33,5,4,84,1,82,91,Complaint,Balance Inquiry,Agent-Resolved,No,Yes,No,No,,,,,,,,,,,,,Positive,0.82,MEM-00981,1-2 years,Credit Card,No,Yes,Yes,8,Yes,No,Yes,REC-0981,HASH-0981
INT-0982,04-11-2021,Thursday,44,November,2021,16,Canada,AMER,Canada Hub,AMER_CORE_EMAIL_TIER2,Email,Consumer,Customer Support,Tier 1,Retail,AG-0982,David Laurent,60,53,47,6,44,483,22701,56.65,31,12,12,74,12,73,63,Account Inquiry,Charge Dispute,Agent-Resolved,No,Yes,No,No,,,,,,,,,,,,,Positive,0.97,MEM-00982,1-2 years,Business,Yes,No,Yes,10,Yes,No,Yes,REC-0982,HASH-0982
INT-0983,18-11-2021,Thursday,46,November,2021,19,Spain,EMEA,Spain Hub,OUTBOUND_SALES_T2,Voice,Premium,Support,Tier 2,Retail,AG-0983,Jessica Nyambura,316,302,258,44,38,789,203562,67.27,24,19,21,95,21,82,69,Account Opening,Product Defect,Bot-Resolved,Yes,No,Yes,No,,,,,,,,,,,,,Positive,0.85,MEM-00983,6+ months,Investment,No,Yes,Yes,,No,No,No,REC-0983,HASH-0983
INT-0984,13-12-2022,Tuesday,50,December,2022,1,Mexico,AMER,Mexico Hub,EMEA_CORE_EMAIL_T2,Chat,Premium,Inbound,Tier 3,E-commerce,AG-0984,Lisa Jackson,326,294,255,39,45,450,114750,84.21,19,18,16,93,16,82,67,Loan Inquiry,Pricing Concern,Escalated,Yes,No,No,No,,,,,,,,,,,,,Neutral,0.59,MEM-00984,4-5 years,Mortgage,No,Yes,Yes,8,Yes,No,No,REC-0984,HASH-0984
INT-0985,21-01-2021,Thursday,3,January,2021,15,Germany,EMEA,Germany Hub,AMER_RETAIL_VOICE_T2,Email,Enterprise,Customer Support,Tier 1,E-commerce,AG-0985,Mary Thanapong,188,231,228,3,13,747,170316,69.37,20,1,1,60,1,92,79,Account Opening,Software Bug,Bot-Resolved,No,Yes,Yes,Yes,21-01-2021,QA-031,Michael Chen,94,78,80,92,93,96,Fail,Quality Standards Not Met,Appropriate escalation criteria applied,Positive,0.77,MEM-00985,6+ years,Credit Card,No,Yes,Yes,9,Yes,No,No,REC-0985,HASH-0985
INT-0986,11-04-2021,Sunday,14,April,2021,15,France,EMEA,France Hub,OUTBOUND_SALES_T2,Voice,Enterprise,Inbound,Tier 1,Banking,AG-0986,Jennifer Moore,250,204,193,11,46,276,53268,4.16,39,12,12,93,9,82,76,Complaint,Service Quality,Agent-Resolved,No,Yes,No,Yes,11-04-2021,QA-040,Park Sun-hee,78,89,95,98,75,79,Fail,Quality Standards Not Met,Proper documentation procedures followed,Neutral,0.49,MEM-00986,4-5 years,Credit Card,No,No,Yes,6,Yes,No,No,REC-0986,HASH-0986
INT-0987,31-12-2021,Friday,52,December,2021,23,Paraguay,AMER,Paraguay Hub,APAC_RETAIL_VOICE_T2,Chat,Enterprise,Inbound,Tier 1,Telecom,AG-0987,Kim Johnson,454,500,442,58,13,430,190060,10.76,27,8,10,93,7,72,82,Loan Inquiry,Service Renewal,Escalated,Yes,No,No,No,,,,,,,,,,,,,Positive,0.8,MEM-00987,1-2 years,Insurance,No,Yes,Yes,,No,No,No,REC-0987,HASH-0987
INT-0988,07-09-2021,Tuesday,36,September,2021,0,Spain,EMEA,Spain Hub,APAC_RETAIL_VOICE_T2,Chat,Premium,Tech Support,Tier 2,E-commerce,AG-0988,Choe Anderson,273,287,247,40,16,534,131898,102.53,19,6,6,63,4,72,66,New Product,Billing Query,Agent-Resolved,Yes,Yes,No,No,,,,,,,,,,,,,Positive,0.82,MEM-00988,4-5 years,Enterprise,No,No,Yes,9,Yes,No,No,REC-0988,HASH-0988
INT-0989,30-08-2022,Tuesday,35,August,2022,22,Czech Republic,EMEA,Czech Republic Hub,APAC_RETAIL_VOICE_T2,Chat,Premium,Support,Tier 2,Healthcare,AG-0989,Ahmad Jackson,278,301,284,17,15,520,147680,84.35,20,5,7,91,7,76,70,Sales Call,Charge Dispute,Agent-Resolved,No,Yes,No,No,,,,,,,,,,,,,Positive,0.94,MEM-00989,1-2 years,Credit Card,No,Yes,Yes,8,Yes,No,Yes,REC-0989,HASH-0989
INT-0990,11-05-2021,Tuesday,19,May,2021,22,Colombia,AMER,Colombia Hub,CUSTOMER_SUPPORT_CHAT_T1,Voice,Consumer,Inbound,Tier 2,Retail,AG-0990,Kenji Thi Linh,309,310,297,13,34,843,250371,26.07,17,16,15,93,15,74,86,Product Query,Network Quality,Escalated,Yes,No,No,Yes,11-05-2021,QA-031,Park Sun-hee,87,87,80,76,92,91,Pass,,Agent provided comprehensive information,Neutral,0.43,MEM-00990,3-5 years,Insurance,No,Yes,Yes,7,Yes,Yes,Yes,REC-0990,HASH-0990
INT-0991,28-01-2022,Friday,4,January,2022,11,Bangladesh,APAC,Bangladesh Hub,EMEA_CORE_EMAIL_T2,Voice,Enterprise,Tech Support,Tier 2,Telecom,AG-0991,Williams Moore,190,236,192,44,7,794,152448,17.27,31,10,9,87,7,81,60,Product Query,Balance Inquiry,Bot-Resolved,Yes,Yes,Yes,Yes,28-01-2022,QA-012,Ivan Marinov,89,86,99,98,85,91,Fail,Quality Standards Not Met,Handled quality concern professionally,Neutral,0.52,MEM-00991,5+ years,Retail,Yes,Yes,No,9,Yes,No,Yes,REC-0991,HASH-0991
INT-0992,15-02-2021,Monday,7,February,2021,23,South Korea,APAC,South Korea Hub,APAC_RETAIL_VOICE_T2,Voice,Enterprise,Retention,Tier 3,Healthcare,AG-0992,Mary Jones,432,447,410,37,27,573,234930,15.47,29,16,17,62,14,93,63,Investment Inquiry,Password Reset,Agent-Resolved,No,Yes,No,Yes,15-02-2021,QA-011,Samuel Kipchoge,88,87,85,83,82,95,Pass,,Proper escalation procedure followed,Negative,0.15,MEM-00992,6+ years,Healthcare,No,No,Yes,,No,No,No,REC-0992,HASH-0992
INT-0993,19-11-2021,Friday,46,November,2021,1,Bangladesh,APAC,Bangladesh Hub,EMEA_CORE_EMAIL_T2,Email,Consumer,Customer Support,Tier 2,Telecom,AG-0993,Anna Davis,393,417,376,41,16,164,61664,107.72,39,1,1,84,1,81,69,Investment Inquiry,Delivery Confirmation,Escalated,Yes,No,No,No,,,,,,,,,,,,,Positive,0.81,MEM-00993,3-5 years,Insurance,No,Yes,No,,No,No,Yes,REC-0993,HASH-0993
INT-0994,20-08-2022,Saturday,33,August,2022,0,Sweden,EMEA,Sweden Hub,OUTBOUND_SALES_T2,Voice,Premium,Retention,Tier 2,E-commerce,AG-0994,Hassan Jones,168,192,186,6,35,332,61752,8.41,32,20,20,86,20,79,81,Retention Call,Fund Options,Agent-Resolved,No,Yes,No,Yes,20-08-2022,QA-040,Samuel Kipchoge,97,80,95,89,98,86,Fail,Quality Standards Not Met,Appropriate escalation criteria applied,Positive,0.94,MEM-00994,1-2 years,Insurance,No,No,No,,No,No,Yes,REC-0994,HASH-0994
INT-0995,05-12-2021,Sunday,48,December,2021,11,Czech Republic,EMEA,Czech Republic Hub,AMER_CORE_EMAIL_TIER2,Email,Enterprise,Retention,Tier 2,Retail,AG-0995,Ahmad Chen,98,135,121,14,17,525,63525,25.68,17,16,18,68,18,84,62,New Product,Software Update,Agent-Resolved,No,Yes,No,No,,,,,,,,,,,,,Positive,0.84,MEM-00995,6+ years,Checking,Yes,Yes,No,7,Yes,No,No,REC-0995,HASH-0995
INT-0996,21-12-2021,Tuesday,51,December,2021,4,Morocco,EMEA,Morocco Hub,APAC_CORE_EMAIL_TIER2,Chat,Consumer,Outbound,Tier 3,Healthcare,AG-0996,Kenji Nyambura,332,333,273,60,43,160,43680,17.77,20,10,8,83,8,89,69,Investment Inquiry,Package Upgrade,Agent-Resolved,No,Yes,No,No,,,,,,,,,,,,,Positive,0.99,MEM-00996,6+ months,Credit Card,No,Yes,Yes,9,Yes,No,No,REC-0996,HASH-0996
INT-0997,22-04-2021,Thursday,16,April,2021,9,Vietnam,APAC,Vietnam Hub,OUTBOUND_SALES_T2,Email,Premium,Inbound,Tier 2,Banking,AG-0997,Robert Hassan,241,204,186,18,20,209,38874,84.1,29,9,10,68,7,74,64,Service Issue,Portfolio Review,Bot-Resolved,No,Yes,Yes,No,,,,,,,,,,,,,Neutral,0.56,MEM-00997,2-3 years,Healthcare,No,Yes,Yes,7,Yes,No,No,REC-0997,HASH-0997
INT-0998,13-12-2022,Tuesday,50,December,2022,23,Poland,EMEA,Poland Hub,EMEA_CHAT_SUPPORT_T1,Voice,Enterprise,Customer Support,Tier 3,E-commerce,AG-0998,Kenji Hassan,492,506,482,24,13,630,303660,64.68,20,16,18,78,16,70,90,Billing Issue,Statement Inquiry,Escalated,Yes,No,No,Yes,13-12-2022,QA-042,Samuel Kipchoge,76,80,84,80,77,77,Pass,,Excellent customer service delivery,Positive,0.86,MEM-00998,1-2 years,Mortgage,No,Yes,Yes,,No,No,No,REC-0998,HASH-0998
INT-0999,09-07-2022,Saturday,27,July,2022,7,Colombia,AMER,Colombia Hub,AMER_EMAIL_SUPPORT_T3,Chat,Enterprise,Tech Support,Tier 2,Banking,AG-0999,Emma Martin,371,340,282,58,48,659,185838,16.06,15,7,9,80,8,73,88,Service Issue,Rate Inquiry,Agent-Resolved,No,Yes,No,No,,,,,,,,,,,,,Positive,0.86,MEM-00999,6+ months,Business,Yes,Yes,Yes,,No,No,No,REC-0999,HASH-0999
INT-1000,10-05-2021,Monday,19,May,2021,19,China,APAC,China Hub,EMEA_CHAT_SUPPORT_T1,Email,Consumer,Customer Support,Tier 1,E-commerce,AG-1000,Maria Miller,196,221,184,37,28,234,43056,91.14,36,17,19,71,17,81,91,Account Inquiry,Browser Compatibility,Agent-Resolved,No,Yes,No,Yes,10-05-2021,QA-025,Priya Saksit,87,98,96,87,82,88,Pass,,Proper documentation procedures followed,Neutral,0.43,MEM-01000,4-5 years,Investment,Yes,Yes,Yes,8,Yes,No,No,REC-1000,HASH-1000
INT-1001,11-02-2022,Friday,6,February,2022,2,Morocco,EMEA,Morocco Hub,EMEA_CHAT_SUPPORT_T1,Chat,Premium,Support,Tier 1,Banking,AG-1001,Kenji Santoso,392,377,354,23,6,421,149034,71.56,36,1,1,92,1,86,77,Technical Issue,New Account,Escalated,Yes,No,No,Yes,11-02-2022,QA-036,Emma Thompson,97,75,97,99,78,85,Pass,,Confirmed delivery details accurately,Positive,0.97,MEM-01001,6+ months,Investment,No,Yes,Yes,5,Yes,No,No,REC-1001,HASH-1001
INT-1002,30-05-2021,Sunday,21,May,2021,1,North Korea,APAC,North Korea Hub,APAC_CORE_EMAIL_TIER2,Email,Premium,Retention,Tier 1,Healthcare,AG-1002,Maria Miller,134,133,121,12,21,713,86273,51.77,22,10,11,84,11,81,89,New Product,Return Request,Bot-Resolved,No,Yes,Yes,No,,,,,,,,,,,,,Neutral,0.58,MEM-01002,2-3 years,Mortgage,No,Yes,Yes,6,Yes,No,No,REC-1002,HASH-1002
INT-1003,22-06-2022,Wednesday,25,June,2022,7,Kenya,EMEA,Kenya Hub,TECH_SUPPORT_EMAIL_T3,Chat,Premium,Inbound,Tier 2,E-commerce,AG-1003,Michael Santoso,65,77,68,9,11,334,22712,64.05,23,9,8,74,7,81,90,Sales Call,Enrollment Question,Bot-Resolved,No,No,Yes,Yes,22-06-2022,QA-029,Michael Chen,83,84,99,88,81,87,Pass,,Handled quality concern professionally,Neutral,0.41,MEM-01003,4-5 years,Credit Card,No,Yes,Yes,6,Yes,Yes,Yes,REC-1003,HASH-1003
INT-1004,15-10-2021,Friday,41,October,2021,7,South Africa,EMEA,South Africa Hub,APAC_CORE_EMAIL_TIER2,Chat,Enterprise,Retention,Tier 1,Telecom,AG-1004,Rachel Jones,397,392,355,37,8,479,170045,52.2,27,16,18,62,17,75,82,Sales Call,Return Request,Bot-Resolved,No,Yes,Yes,Yes,15-10-2021,QA-049,Samuel Kipchoge,84,95,76,95,81,88,Pass,,Appropriate escalation criteria applied,Neutral,0.43,MEM-01004,6+ months,Retail,No,Yes,No,,No,No,No,REC-1004,HASH-1004
INT-1005,21-03-2021,Sunday,11,March,2021,4,Malaysia,APAC,Malaysia Hub,CUSTOMER_SUPPORT_CHAT_T1,Chat,Consumer,Inbound,Tier 1,Banking,AG-1005,Jessica Miller,254,269,237,32,21,472,111864,64.31,29,7,7,95,5,95,61,Retention Call,Charge Dispute,Bot-Resolved,No,Yes,Yes,No,,,,,,,,,,,,,Positive,0.95,MEM-01005,6+ years,Credit Card,No,Yes,Yes,7,Yes,No,No,REC-1005,HASH-1005
INT-1006,15-01-2021,Friday,2,January,2021,13,Brazil,AMER,Brazil Hub,AMER_CORE_EMAIL_TIER2,Chat,Enterprise,Support,Tier 1,E-commerce,AG-1006,Naledi Ahmed,461,424,398,26,9,544,216512,118.59,32,18,17,67,15,87,61,Investment Inquiry,Insurance Product,Agent-Resolved,No,Yes,No,Yes,15-01-2021,QA-033,Ivan Marinov,84,78,96,98,84,78,Pass,,Confirmed delivery details accurately,Negative,0.34,MEM-01006,3-5 years,Mortgage,Yes,No,Yes,,No,No,No,REC-1006,HASH-1006
INT-1007,01-01-2022,Saturday,52,January,2022,4,Sweden,EMEA,Sweden Hub,RETENTION_VOICE_T2,Email,Consumer,Customer Support,Tier 3,E-commerce,AG-1007,Rashid Hassan,220,241,212,29,43,141,29892,11.79,30,4,2,83,1,91,63,Sales Call,Portfolio Review,Agent-Resolved,No,Yes,No,No,,,,,,,,,,,,,Negative,0.22,MEM-01007,5+ years,Insurance,Yes,Yes,Yes,9,Yes,Yes,Yes,REC-1007,HASH-1007
INT-1008,01-08-2022,Monday,31,August,2022,13,Bangladesh,APAC,Bangladesh Hub,APAC_EMAIL_SUPPORT_T3,Chat,Enterprise,Outbound,Tier 2,Retail,AG-1008,Maria Martin,316,351,323,28,36,569,183787,50.55,19,5,3,84,1,86,76,Order Issue,Package Upgrade,Agent-Resolved,No,Yes,No,No,,,,,,,,,,,,,Positive,0.77,MEM-01008,6+ months,Investment,No,Yes,Yes,,No,No,Yes,REC-1008,HASH-1008
INT-1009,06-01-2022,Thursday,1,January,2022,11,South Korea,APAC,South Korea Hub,APAC_RETAIL_VOICE_T2,Chat,Consumer,Tech Support,Tier 2,Telecom,AG-1009,Siti Thomas,294,326,293,33,46,862,252566,8.09,15,20,21,74,20,80,71,Loan Inquiry,Language Support,Escalated,Yes,No,No,No,,,,,,,,,,,,,Positive,0.75,MEM-01009,6+ years,Business,No,Yes,Yes,9,Yes,No,No,REC-1009,HASH-1009
INT-1010,22-10-2021,Friday,42,October,2021,18,Morocco,EMEA,Morocco Hub,APAC_CORE_EMAIL_TIER2,Voice,Enterprise,Support,Tier 1,Healthcare,AG-1010,Bat-Erdene Jones,414,458,436,22,8,151,65836,100.16,40,13,15,67,14,88,89,Product Query,Statement Request,Escalated,Yes,No,No,No,,,,,,,,,,,,,Positive,0.92,MEM-01010,2-3 years,Healthcare,No,Yes,Yes,6,Yes,No,Yes,REC-1010,HASH-1010
INT-1011,05-01-2021,Tuesday,1,January,2021,13,Bangladesh,APAC,Bangladesh Hub,EMEA_CORE_EMAIL_T2,Email,Enterprise,Outbound,Tier 3,Healthcare,AG-1011,Robert Garcia,365,383,354,29,22,520,184080,105.71,16,18,16,61,15,72,68,Loan Inquiry,Connectivity,Agent-Resolved,No,Yes,No,Yes,05-01-2021,QA-011,QA-Team,88,75,78,93,90,95,Fail,Quality Standards Not Met,Professional troubleshooting approach,Positive,0.93,MEM-01011,1-2 years,Mortgage,No,Yes,Yes,,No,No,No,REC-1011,HASH-1011
INT-1012,04-04-2022,Monday,14,April,2022,16,Slovakia,EMEA,Slovakia Hub,APAC_EMAIL_SUPPORT_T3,Email,Premium,Outbound,Tier 1,E-commerce,AG-1012,Jennifer Johnson,256,239,227,12,23,620,140740,53.72,23,18,16,65,14,70,78,Order Issue,Contract Renewal,Escalated,Yes,No,No,No,,,,,,,,,,,,,Negative,0.33,MEM-01012,2-3 years,Investment,No,Yes,Yes,8,Yes,No,No,REC-1012,HASH-1012
INT-1013,25-03-2022,Friday,12,March,2022,18,Pakistan,APAC,Pakistan Hub,AMER_CORE_EMAIL_TIER2,Voice,Consumer,Outbound,Tier 3,Healthcare,AG-1013,Jessica Johnson,218,248,220,28,15,763,167860,86.82,38,10,10,94,8,70,77,Loan Inquiry,Network Outage,Escalated,Yes,No,No,No,,,,,,,,,,,,,Positive,0.88,MEM-01013,3-5 years,Investment,No,Yes,Yes,10,Yes,No,No,REC-1013,HASH-1013
INT-1014,03-02-2021,Wednesday,5,February,2021,13,Mexico,AMER,Mexico Hub,APAC_CORE_EMAIL_TIER2,Chat,Enterprise,Customer Support,Tier 1,Telecom,AG-1014,Grace Anderson,82,96,78,18,7,669,52182,37.22,27,20,21,61,20,92,81,Account Inquiry,Password Reset,Agent-Resolved,No,Yes,No,Yes,03-02-2021,QA-017,Park Sun-hee,80,86,82,78,89,79,Fail,Quality Standards Not Met,Appropriate escalation criteria applied,Negative,0.16,MEM-01014,5+ years,Insurance,No,Yes,Yes,10,Yes,No,No,REC-1014,HASH-1014
INT-1015,13-05-2021,Thursday,19,May,2021,0,Turkey,EMEA,Turkey Hub,EMEA_CORE_EMAIL_T2,Chat,Consumer,Retention,Tier 3,Retail,AG-1015,Sarah Jones,306,300,250,50,30,321,80250,31.35,26,3,3,83,1,73,60,Account Inquiry,Product Quality,Bot-Resolved,No,No,Yes,No,,,,,,,,,,,,,Positive,0.77,MEM-01015,1-2 years,Investment,No,Yes,Yes,8,Yes,No,No,REC-1015,HASH-1015
INT-1016,12-11-2021,Friday,45,November,2021,7,Paraguay,AMER,Paraguay Hub,AMER_CORE_EMAIL_TIER2,Chat,Consumer,Tech Support,Tier 1,E-commerce,AG-1016,James Taylor,420,394,387,7,11,487,188469,86.62,33,3,2,70,2,79,93,Product Query,System Access,Agent-Resolved,Yes,Yes,No,Yes,12-11-2021,QA-040,Ivan Marinov,88,81,99,98,83,89,Pass,,Proper escalation procedure followed,Negative,0.23,MEM-01016,5+ years,Retail,No,Yes,No,9,Yes,No,Yes,REC-1016,HASH-1016
INT-1017,14-06-2022,Tuesday,24,June,2022,3,South Korea,APAC,South Korea Hub,OUTBOUND_SALES_T2,Voice,Enterprise,Inbound,Tier 3,Retail,AG-1017,Mary Miller,96,89,81,8,16,689,55809,101.88,19,10,10,75,9,75,65,Service Issue,Connectivity,Bot-Resolved,No,Yes,Yes,Yes,14-06-2022,QA-003,Thabo Mthembu,87,83,81,88,94,89,Fail,Quality Standards Not Met,Clear explanation of enrollment process,Negative,0.34,MEM-01017,6+ months,Investment,No,Yes,Yes,9,Yes,No,No,REC-1017,HASH-1017
INT-1018,26-09-2021,Sunday,38,September,2021,4,Ukraine,EMEA,Ukraine Hub,RETENTION_VOICE_T2,Email,Consumer,Inbound,Tier 3,Telecom,AG-1018,Grace Petrova,192,236,227,9,50,158,35866,90.36,36,12,13,86,12,92,77,Service Issue,Billing Discrepancy,Agent-Resolved,No,Yes,No,Yes,26-09-2021,QA-006,Michael Chen,97,97,88,76,91,78,Fail,Quality Standards Not Met,Addressed customer concerns appropriately,Neutral,0.52,MEM-01018,6+ years,Healthcare,No,No,Yes,6,Yes,No,No,REC-1018,HASH-1018
INT-1019,15-05-2022,Sunday,19,May,2022,0,Israel,EMEA,Israel Hub,AMER_EMAIL_SUPPORT_T3,Email,Enterprise,Customer Support,Tier 1,Retail,AG-1019,Lisa Rodriguez,73,68,55,13,25,734,40370,60.51,22,19,20,86,18,85,69,New Product,Package Upgrade,Bot-Resolved,No,Yes,Yes,No,,,,,,,,,,,,,Negative,0.16,MEM-01019,6+ months,Checking,No,Yes,Yes,,No,Yes,Yes,REC-1019,HASH-1019
INT-1020,17-04-2021,Saturday,15,April,2021,6,Czech Republic,EMEA,Czech Republic Hub,INBOUND_VOICE_TIER1,Email,Premium,Customer Support,Tier 3,Retail,AG-1020,Kenji Thomas,388,399,357,42,0,605,215985,62.95,22,15,16,69,16,84,81,Order Issue,Balance Check,Escalated,Yes,No,No,Yes,17-04-2021,QA-047,Park Sun-hee,75,84,77,94,79,76,Pass,,Good greeting protocol observed,Positive,0.75,MEM-01020,4-5 years,Mortgage,No,Yes,Yes,6,Yes,Yes,Yes,REC-1020,HASH-1020
INT-1021,27-09-2021,Monday,39,September,2021,18,Mexico,AMER,Mexico Hub,INBOUND_VOICE_TIER1,Voice,Enterprise,Retention,Tier 1,Healthcare,AG-1021,Jessica Thomas,209,174,144,30,47,472,67968,110.95,35,19,18,77,15,79,77,Loan Inquiry,Network Quality,Agent-Resolved,No,Yes,No,Yes,27-09-2021,QA-025,QA-Team,94,91,99,91,99,87,Pass,,Addressed customer concerns appropriately,Neutral,0.55,MEM-01021,4-5 years,Credit Card,No,Yes,Yes,5,Yes,No,No,REC-1021,HASH-1021
INT-1022,21-10-2021,Thursday,42,October,2021,10,United States,AMER,United States Hub,APAC_EMAIL_SUPPORT_T3,Chat,Enterprise,Support,Tier 3,Banking,AG-1022,Daniel Jackson,336,362,317,45,39,814,258038,89.74,18,8,6,65,4,92,69,Billing Issue,Return Request,Escalated,Yes,No,No,No,,,,,,,,,,,,,Positive,0.96,MEM-01022,5+ years,Savings,No,Yes,Yes,,No,No,Yes,REC-1022,HASH-1022
INT-1023,24-09-2021,Friday,38,September,2021,6,Canada,AMER,Canada Hub,OUTBOUND_SALES_T2,Email,Premium,Customer Support,Tier 2,E-commerce,AG-1023,Naledi Hyun-soo,356,343,303,40,27,392,118776,116.49,25,6,8,84,5,83,63,New Product,Churn Risk,Agent-Resolved,No,Yes,No,No,,,,,,,,,,,,,Neutral,0.47,MEM-01023,4-5 years,Retail,No,Yes,Yes,7,Yes,No,No,REC-1023,HASH-1023
INT-1024,28-03-2022,Monday,13,March,2022,23,Malaysia,APAC,Malaysia Hub,OUTBOUND_SALES_T2,Voice,Premium,Customer Support,Tier 1,E-commerce,AG-1024,Jennifer Wilson,389,356,304,52,4,847,257488,96.47,32,10,8,75,6,72,77,Billing Issue,Delivery Delay,Agent-Resolved,No,Yes,No,Yes,28-03-2022,QA-001,Priya Saksit,89,79,81,75,86,84,Fail,Quality Standards Not Met,Excellent customer service delivery,Positive,0.95,MEM-01024,5+ years,Healthcare,No,Yes,Yes,9,Yes,No,Yes,REC-1024,HASH-1024
INT-1025,30-06-2021,Wednesday,26,June,2021,15,Paraguay,AMER,Paraguay Hub,INBOUND_VOICE_TIER1,Voice,Consumer,Tech Support,Tier 2,Banking,AG-1025,Chen Thomas,458,460,426,34,14,705,300330,84.93,30,8,8,80,7,72,78,New Product,Browser Compatibility,Escalated,Yes,No,No,Yes,30-06-2021,QA-003,Samuel Kipchoge,82,75,79,80,76,88,Pass,,Effective win-back strategy applied,Positive,0.75,MEM-01025,5+ years,Savings,Yes,Yes,No,9,Yes,Yes,Yes,REC-1025,HASH-1025
INT-1026,20-04-2022,Wednesday,16,April,2022,5,Indonesia,APAC,Indonesia Hub,EMEA_CORE_EMAIL_T2,Voice,Enterprise,Support,Tier 3,Banking,AG-1026,Jennifer Miller,287,282,231,51,43,222,51282,107.71,25,5,6,78,5,82,95,Account Inquiry,System Access,Bot-Resolved,No,Yes,Yes,Yes,20-04-2022,QA-032,Thabo Mthembu,81,87,76,91,80,75,Pass,,Professional dispute resolution approach,Positive,0.92,MEM-01026,6+ months,Credit Card,No,Yes,Yes,5,Yes,No,No,REC-1026,HASH-1026
INT-1027,01-11-2022,Tuesday,44,November,2022,21,Portugal,EMEA,Portugal Hub,APAC_CORE_EMAIL_TIER2,Chat,Consumer,Support,Tier 3,Retail,AG-1027,James Thanapong,183,191,172,19,48,807,138804,69.67,30,16,18,72,18,93,74,Sales Call,Information Request,Bot-Resolved,No,Yes,Yes,Yes,01-11-2022,QA-012,Thabo Mthembu,79,85,96,76,88,98,Pass,,Good greeting protocol observed,Positive,0.97,MEM-01027,1-2 years,Healthcare,No,Yes,Yes,,No,No,No,REC-1027,HASH-1027
INT-1028,29-11-2022,Tuesday,48,November,2022,20,Turkey,EMEA,Turkey Hub,INBOUND_VOICE_TIER1,Email,Premium,Customer Support,Tier 1,E-commerce,AG-1028,Daniel Taylor,468,479,395,84,37,705,278475,29.23,30,16,14,85,14,70,68,Account Opening,Insurance Product,Escalated,Yes,No,No,Yes,29-11-2022,QA-029,Priya Saksit,89,98,83,80,97,78,Fail,Quality Standards Not Met,Appropriate escalation criteria applied,Positive,0.89,MEM-01028,3-5 years,Checking,No,Yes,Yes,,No,No,No,REC-1028,HASH-1028
INT-1029,19-07-2022,Tuesday,29,July,2022,23,China,APAC,China Hub,AMER_CORE_EMAIL_TIER2,Email,Premium,Tech Support,Tier 3,Telecom,AG-1029,Rachel Santoso,115,141,129,12,11,179,23091,81.06,30,11,12,95,10,85,85,Account Inquiry,Charge Dispute,Agent-Resolved,No,Yes,No,Yes,19-07-2022,QA-025,Thabo Mthembu,93,84,88,91,85,82,Pass,,Accurate and prompt service delivery,Positive,0.78,MEM-01029,6+ months,Mortgage,No,Yes,Yes,5,Yes,No,No,REC-1029,HASH-1029
INT-1030,07-08-2021,Saturday,31,August,2021,21,United States,AMER,United States Hub,RETENTION_VOICE_T2,Chat,Consumer,Retention,Tier 3,Telecom,AG-1030,Sophie Nurhaliza,103,121,99,22,13,804,79596,108.69,26,3,1,77,1,73,72,Account Inquiry,Refund Request,Agent-Resolved,No,Yes,No,No,,,,,,,,,,,,,Neutral,0.51,MEM-01030,3-5 years,Healthcare,No,Yes,Yes,,No,No,No,REC-1030,HASH-1030
INT-1031,01-06-2021,Tuesday,22,June,2021,5,Hong Kong,APAC,Hong Kong Hub,CUSTOMER_SUPPORT_CHAT_T1,Voice,Premium,Inbound,Tier 3,Healthcare,AG-1031,Kim Thanapong,397,384,331,53,17,812,268772,70.65,21,10,12,91,9,79,88,Sales Call,Language Support,Escalated,Yes,No,No,Yes,01-06-2021,QA-016,Ivan Marinov,87,79,91,92,98,88,Pass,,Confirmed delivery details accurately,Negative,0.18,MEM-01031,1-2 years,Healthcare,No,Yes,Yes,5,Yes,No,No,REC-1031,HASH-1031
INT-1032,11-05-2022,Wednesday,19,May,2022,5,Greece,EMEA,Greece Hub,APAC_RETAIL_VOICE_T2,Chat,Enterprise,Retention,Tier 3,Banking,AG-1032,Williams Ahmed,228,246,242,4,5,301,72842,24.56,15,5,5,78,2,76,81,New Product,System Access,Bot-Resolved,Yes,Yes,Yes,No,,,,,,,,,,,,,Negative,0.18,MEM-01032,5+ years,Mortgage,Yes,Yes,Yes,,No,No,No,REC-1032,HASH-1032
INT-1033,30-04-2021,Friday,17,April,2021,22,Greece,EMEA,Greece Hub,TECH_SUPPORT_EMAIL_T3,Chat,Premium,Tech Support,Tier 1,E-commerce,AG-1033,James Nurhaliza,118,68,57,11,3,424,24168,40.15,20,8,6,64,4,81,90,Technical Issue,Plan Selection,Bot-Resolved,Yes,Yes,Yes,Yes,30-04-2021,QA-022,Priya Saksit,76,75,96,81,92,92,Pass,,Professional dispute resolution approach,Positive,0.91,MEM-01033,6+ years,Business,No,Yes,Yes,7,Yes,No,No,REC-1033,HASH-1033
INT-1034,30-11-2022,Wednesday,48,November,2022,6,Finland,EMEA,Finland Hub,APAC_RETAIL_VOICE_T2,Voice,Consumer,Support,Tier 1,E-commerce,AG-1034,Ahmad Hyun-soo,434,411,384,27,34,789,302976,42.83,21,6,4,69,2,79,92,Investment Inquiry,Contract Renewal,Agent-Resolved,No,Yes,No,No,,,,,,,,,,,,,Positive,0.93,MEM-01034,4-5 years,Healthcare,Yes,Yes,Yes,8,Yes,No,Yes,REC-1034,HASH-1034
INT-1035,15-04-2022,Friday,15,April,2022,21,Vietnam,APAC,Vietnam Hub,AMER_RETAIL_VOICE_T2,Email,Consumer,Support,Tier 2,Healthcare,AG-1035,Michael Garcia,454,412,374,38,39,464,173536,59.76,18,5,4,79,2,76,74,Account Issue,Service Quality,Escalated,Yes,No,No,No,,,,,,,,,,,,,Neutral,0.52,MEM-01035,3-5 years,Insurance,No,Yes,Yes,,No,No,Yes,REC-1035,HASH-1035
INT-1036,23-09-2022,Friday,38,September,2022,23,United States,AMER,United States Hub,AMER_EMAIL_SUPPORT_T3,Chat,Consumer,Retention,Tier 3,E-commerce,AG-1036,James Nurhaliza,492,532,500,32,48,512,256000,4.39,30,17,16,67,15,89,73,Account Inquiry,Portfolio Review,Agent-Resolved,Yes,Yes,No,No,,,,,,,,,,,,,Negative,0.21,MEM-01036,2-3 years,Mortgage,No,Yes,Yes,9,Yes,No,No,REC-1036,HASH-1036
INT-1037,17-02-2021,Wednesday,7,February,2021,3,Indonesia,APAC,Indonesia Hub,OUTBOUND_SALES_T2,Voice,Enterprise,Tech Support,Tier 2,Banking,AG-1037,Siti Thompson,208,179,170,9,10,486,82620,12.4,36,20,22,80,22,77,74,Investment Inquiry,Contract Renewal,Bot-Resolved,No,No,Yes,No,,,,,,,,,,,,,Positive,0.94,MEM-01037,6+ years,Business,Yes,No,Yes,5,Yes,No,No,REC-1037,HASH-1037
INT-1038,18-10-2022,Tuesday,42,October,2022,8,Morocco,EMEA,Morocco Hub,TECH_SUPPORT_EMAIL_T3,Email,Premium,Retention,Tier 1,Healthcare,AG-1038,Michael Laurent,86,94,80,14,1,227,18160,108.2,37,9,10,61,9,82,65,Account Inquiry,System Access,Agent-Resolved,No,Yes,No,No,,,,,,,,,,,,,Neutral,0.56,MEM-01038,6+ years,Business,No,Yes,No,7,Yes,No,No,REC-1038,HASH-1038
INT-1039,01-05-2022,Sunday,17,May,2022,19,Paraguay,AMER,Paraguay Hub,RETENTION_VOICE_T2,Email,Consumer,Outbound,Tier 3,E-commerce,AG-1039,Sophie Garcia,466,455,385,70,22,547,210595,117.84,21,17,19,80,17,93,62,Loan Inquiry,Contract Renewal,Agent-Resolved,No,Yes,No,Yes,01-05-2022,QA-020,Ivan Marinov,79,85,80,78,81,83,Pass,,Strong empathy demonstrated,Positive,0.75,MEM-01039,3-5 years,Investment,No,No,Yes,9,Yes,No,No,REC-1039,HASH-1039
INT-1040,08-01-2022,Saturday,1,January,2022,4,Paraguay,AMER,Paraguay Hub,AMER_RETAIL_VOICE_T2,Voice,Premium,Tech Support,Tier 2,Healthcare,AG-1040,Hassan Moore,474,488,392,96,3,399,156408,48.87,16,5,7,92,4,83,95,New Product,Service Renewal,Escalated,Yes,No,No,No,,,,,,,,,,,,,Negative,0.38,MEM-01040,1-2 years,Business,Yes,No,Yes,,No,No,No,REC-1040,HASH-1040
INT-1041,17-12-2021,Friday,50,December,2021,13,South Africa,EMEA,South Africa Hub,OUTBOUND_SALES_T2,Email,Enterprise,Outbound,Tier 1,Retail,AG-1041,David Laurent,443,437,425,12,1,512,217600,81.28,24,20,22,80,19,87,95,Loan Inquiry,Fund Options,Bot-Resolved,Yes,No,Yes,No,,,,,,,,,,,,,Positive,0.79,MEM-01041,1-2 years,Mortgage,No,Yes,Yes,,No,No,No,REC-1041,HASH-1041
INT-1042,11-10-2022,Tuesday,41,October,2022,3,Paraguay,AMER,Paraguay Hub,APAC_RETAIL_VOICE_T2,Chat,Premium,Outbound,Tier 3,E-commerce,AG-1042,Mary Brown,285,320,292,28,15,668,195056,100.19,39,16,17,80,16,76,69,Complaint,Software Bug,Agent-Resolved,Yes,Yes,No,Yes,11-10-2022,QA-026,QA-Team,80,75,96,92,98,77,Fail,Quality Standards Not Met,Professional dispute resolution approach,Neutral,0.42,MEM-01042,1-2 years,Investment,No,Yes,Yes,8,Yes,No,No,REC-1042,HASH-1042
INT-1043,01-07-2022,Friday,26,July,2022,18,Morocco,EMEA,Morocco Hub,APAC_RETAIL_VOICE_T2,Voice,Consumer,Inbound,Tier 3,E-commerce,AG-1043,David Miller,157,166,161,5,35,678,109158,86.45,22,4,4,76,3,75,62,Billing Issue,Fund Options,Bot-Resolved,No,Yes,Yes,No,,,,,,,,,,,,,Positive,0.83,MEM-01043,3-5 years,Healthcare,Yes,Yes,No,10,Yes,No,Yes,REC-1043,HASH-1043
INT-1044,06-04-2022,Wednesday,14,April,2022,11,North Korea,APAC,North Korea Hub,AMER_CORE_EMAIL_TIER2,Email,Enterprise,Outbound,Tier 2,Banking,AG-1044,Hassan Davis,285,276,235,41,26,715,168025,87.91,35,17,18,71,15,74,65,Account Opening,Charge Dispute,Bot-Resolved,No,No,Yes,Yes,06-04-2022,QA-035,Ivan Marinov,80,83,75,83,95,94,Fail,Quality Standards Not Met,Professional dispute resolution approach,Positive,0.78,MEM-01044,5+ years,Savings,Yes,Yes,Yes,,No,Yes,Yes,REC-1044,HASH-1044
INT-1045,20-08-2021,Friday,33,August,2021,17,France,EMEA,France Hub,AMER_RETAIL_VOICE_T2,Voice,Premium,Inbound,Tier 3,E-commerce,AG-1045,Choe Ahmed,63,90,72,18,36,492,35424,101.73,34,11,9,83,7,89,61,Investment Inquiry,Upgrade Offer,Escalated,Yes,No,No,Yes,20-08-2021,QA-030,Ivan Marinov,79,79,89,89,87,76,Pass,,Professional dispute resolution approach,Positive,0.8,MEM-01045,6+ months,Insurance,No,Yes,Yes,,No,No,No,REC-1045,HASH-1045
INT-1046,21-04-2021,Wednesday,16,April,2021,5,Kenya,EMEA,Kenya Hub,APAC_RETAIL_VOICE_T2,Chat,Enterprise,Retention,Tier 2,Telecom,AG-1046,Rashid Ahmed,467,426,372,54,20,508,188976,119.01,38,4,3,62,1,70,80,Account Issue,Churn Risk,Escalated,Yes,No,No,Yes,21-04-2021,QA-036,Thabo Mthembu,98,92,97,79,79,96,Pass,,Strong empathy demonstrated,Positive,0.87,MEM-01046,6+ months,Checking,Yes,No,Yes,,No,No,No,REC-1046,HASH-1046
INT-1047,29-03-2022,Tuesday,13,March,2022,13,Colombia,AMER,Colombia Hub,AMER_RETAIL_VOICE_T2,Chat,Premium,Inbound,Tier 2,E-commerce,AG-1047,Williams White,258,271,233,38,3,660,153780,14.75,16,9,9,79,7,81,85,Billing Issue,Package Upgrade,Escalated,Yes,No,No,Yes,29-03-2022,QA-050,Ivan Marinov,90,83,96,99,82,93,Pass,,Excellent customer service delivery,Positive,0.83,MEM-01047,4-5 years,Enterprise,Yes,Yes,Yes,,No,No,No,REC-1047,HASH-1047
INT-1048,04-08-2021,Wednesday,31,August,2021,17,Finland,EMEA,Finland Hub,OUTBOUND_SALES_T2,Chat,Enterprise,Support,Tier 2,Retail,AG-1048,Thomas Laurent,218,210,203,7,7,355,72065,107.99,30,14,13,84,10,94,73,Technical Issue,Balance Check,Escalated,Yes,No,No,Yes,04-08-2021,QA-041,Priya Saksit,83,98,84,89,93,84,Pass,,Handled quality concern professionally,Positive,0.79,MEM-01048,4-5 years,Savings,Yes,Yes,Yes,9,Yes,No,No,REC-1048,HASH-1048
INT-1049,24-05-2022,Tuesday,21,May,2022,8,Brazil,AMER,Brazil Hub,TECH_SUPPORT_EMAIL_T3,Voice,Enterprise,Retention,Tier 1,Banking,AG-1049,Choe Hassan,275,261,231,30,26,152,35112,114.77,20,11,13,73,13,90,86,Technical Issue,Churn Risk,Escalated,Yes,No,No,No,,,,,,,,,,,,,Positive,0.9,MEM-01049,2-3 years,Retail,Yes,No,Yes,8,Yes,No,No,REC-1049,HASH-1049
INT-1050,12-04-2022,Tuesday,15,April,2022,18,Bulgaria,EMEA,Bulgaria Hub,OUTBOUND_SALES_T2,Email,Premium,Tech Support,Tier 1,E-commerce,AG-1050,Rashid White,159,192,156,36,49,750,117000,24.66,40,10,9,73,9,95,85,Complaint,Win-Back Offer,Bot-Resolved,No,Yes,Yes,No,,,,,,,,,,,,,Positive,0.9,MEM-01050,2-3 years,Mortgage,No,Yes,No,,No,No,Yes,REC-1050,HASH-1050
